source_file,as_of_date,sequence,layout_type,ocr_profile,ocr_confidence,parse_status,issue_codes,raw_lines,gro_holdings_raw,gro_holdings,gro_suspicious_tickers,gro_repair_notes,gro_metrics_raw,gro_metric_scalar,gro_metric_1,gro_metric_2,gro_action_text_raw,gro_action_text,gro_actions,gro_no_changes,turbo_holdings_raw,turbo_holdings,turbo_suspicious_tickers,turbo_repair_notes,turbo_metrics_raw,turbo_metric_scalar,turbo_metric_1,turbo_metric_2,turbo_action_text_raw,turbo_action_text,turbo_actions,turbo_no_changes,bottom_line_raw,bottom_line
revere_20220922.png,2022-09-22,1,legacy_focus,threshold,87.00,ok,,"FOCUS: ENVX LTHM CMG TSLA ENPH FSLR WOLF LNG BI CEG SWAV (AAPL) || PORTFOLIO/RVAB: (0.28/0.00) SELL 4% CMG, 1.5% TSLA, 10% SSO || BOTTOM LINE: = . AND TODAY, THEY CAME FOR THE LEADERS (BACK TO CASH) €",ENVX LTHM CMG TSLA ENPH FSLR WOLF LNG BI CEG SWAV (AAPL),ENVX|LTHM|CMG|TSLA|ENPH|FSLR|WOLF|LNG|BIT|CEG|SWAV|AAPL,,EXPAND:BI->BIT,PORTFOLIO/RVAB: (0.28/0.00),,0.28,0.00,"SELL 4% CMG, 1.5% TSLA, 10% SSO","SELL 4% CMG, 1.5% TSLA, 10% SSO",SELL:4% CMG|SELL:1.5% TSLA|SELL:10% SSO,false,,,,,,,,,,,,false,"BOTTOM LINE: = . AND TODAY, THEY CAME FOR THE LEADERS (BACK TO CASH) €","= . AND TODAY, THEY CAME FOR THE LEADERS (BACK TO CASH) €"
revere_20221129.png,2022-11-29,1,legacy_focus,threshold,81.00,review,MISSING_BOTTOM_LINE,"FOCUS: AEHR, ON, ANET, WYNN, (BKR, AAPL, AXSM, HALO, ELF, SMC || PORTFOLIO/RVAB: (0.73/0.55) BUY 4% QD SELL FSLR TRIM % SHLS ADD 5% T-BILL || BOTTOM LINE:","AEHR, ON, ANET, WYNN, (BKR, AAPL, AXSM, HALO, ELF, SMC",AEHR|ON|ANET|WYNN|BKR|AAPL|AXSM|HAL|ILF|SMCI,,CORRECT:HALO->HAL|CORRECT:ELF->ILF|EXPAND:SMC->SMCI,PORTFOLIO/RVAB: (0.73/0.55),,0.73,0.55,BUY 4% QD SELL FSLR TRIM % SHLS ADD 5% T-BILL,BUY 4% QD SELL FSLR TRIM % SHLS ADD 5% T-BILL,BUY:4% QD|SELL:FSLR|TRIM:% SHLS|ADD:5% T-BILL,false,,,,,,,,,,,,false,BOTTOM LINE:,
revere_20221227.png,2022-12-27,1,legacy_focus,threshold,68.00,ok,,"FOCUS: BAMBLY, TMOX, NUGT,CX, YALE BHP, RIO PICK,CAT,DE CAR. TIC, SMCLAXDX ORLY, SCHW, FOUR CROX || PORTFOLIO/RVAB: (0.79/05) BUY 2% FCX & 5% DIA ADD 10% T-BILLS || BOTTOM LINE: PO","BAMBLY, TMOX, NUGT,CX, YALE BHP, RIO PICK,CAT,DE CAR. TIC, SMCLAXDX ORLY, SCHW, FOUR CROX",BA|MBLY|TMOX|NUGT|FCX|YALE|BHP|IO|PICK|CAT|VDE|CAR|TIC|SMCI|AXDX|ORLY|SCHW|FOUR|CROD,,SPLIT:BAMBLY->BA+MBLY|EXPAND:CX->FCX|CORRECT:RIO->IO|EXPAND:DE->VDE|SPLIT:SMCLAXDX->SMCI+AXDX|CORRECT:CROX->CROD,PORTFOLIO/RVAB: (0.79/05),,0.79,05,BUY 2% FCX & 5% DIA ADD 10% T-BILLS,BUY 2% FCX & 5% DIA ADD 10% T-BILLS,BUY:2% FCX & 5% DIA|ADD:10% T-BILLS,false,,,,,,,,,,,,false,BOTTOM LINE: PO,PO
revere_20230201.png,2023-02-01,1,legacy_focus,threshold,66.00,ok,,"FOCUS: XBI.GDX,O1H 8A, FSLR.SHOP, TSLA, BROS AEHR ALOT, TMDX AMD, MBLY, NVDA,ON, META, || PORTFOLIO/RVAB: (1.12/1.03) ADD BA+GDX+BROS BUY DT O-SELL TNA+AL TRIM 550 || BOTTOM LINE: 3 HED RAISES 25 BPS, MARKET KALLILY DURING PUWLLL PRESSEF €","XBI.GDX,O1H 8A, FSLR.SHOP, TSLA, BROS AEHR ALOT, TMDX AMD, MBLY, NVDA,ON, META,",XBI|GDXU|OIH|BA|FSLR|SHOX|TSLA|BROS|AEHR|ADOT|TMDX|AMD|MBLY|NVDA|ON|META,,EXPAND:GDX->GDXU|CORRECT:SHOP->SHOX|CORRECT:ALOT->ADOT,PORTFOLIO/RVAB: (1.12/1.03),,1.12,1.03,ADD BA+GDX+BROS BUY DT O-SELL TNA+AL TRIM 550,ADD BA+GDX+BROS BUY DT O-SELL TNA+AL TRIM 550,ADD:BA+GDX+BROS|BUY:DT O-|SELL:TNA+AL|TRIM:550,false,,,,,,,,,,,,false,"BOTTOM LINE: 3 HED RAISES 25 BPS, MARKET KALLILY DURING PUWLLL PRESSEF €","3 HED RAISES 25 BPS, MARKET KALLILY DURING PUWLLL PRESSEF €"
revere_20230227.png,2023-02-27,1,legacy_focus,threshold,58.00,review,LOW_OCR_CONFIDENCE,"FOCUS: TBT.TSLA, TMOX.RVNC, MING ANET.IRDM NET, PANW,NVDA || PORTFOLIO/RVAB: {0.80/) 01) ADD TO SSO,NVDA,PANW TRIM TBT || BOTTOM LINE: GAP NEG REV","TBT.TSLA, TMOX.RVNC, MING ANET.IRDM NET, PANW,NVDA",TBT|TSLA|TMOX|FLNC|MRNA|ANET|DRAM|PANW|NVDA,,CORRECT:RVNC->FLNC|CORRECT:MING->MRNA|CORRECT:IRDM->DRAM|EXPAND:NET->ANET,PORTFOLIO/RVAB: {0.80/) 01),0.80,,,"ADD TO SSO,NVDA,PANW TRIM TBT","ADD TO SSO,NVDA,PANW TRIM TBT",ADD:TO SSO|ADD:NVDA|ADD:PANW|TRIM:TBT,false,,,,,,,,,,,,false,BOTTOM LINE: GAP NEG REV,GAP NEG REV
revere_20230316.png,2023-03-16,1,legacy_focus,threshold,64.00,ok,,"FOCUS: SOXLTMDX ANET PANW, AMD, NVDA,ONON, ASO,LNTH,PD,FOX || PORTFOLIO/RVAB: {0.27/0 73) ADD TO QLD BUY UPRO O-TRIM ANET || BOTTOM LINE: = US/EURD ADD FIN SYSTEV LIQUIDITY, SPX REGAINS 2CUSMA € -","SOXLTMDX ANET PANW, AMD, NVDA,ONON, ASO,LNTH,PD,FOX",SOXL|TMDX|ANET|PANW|AMD|NVDA|ONON|SSO|LNTH|PDD|FOX,,SPLIT:SOXLTMDX->SOXL+TMDX|CORRECT:ASO->SSO|EXPAND:PD->PDD,PORTFOLIO/RVAB: {0.27/0 73),,0.27,0,ADD TO QLD BUY UPRO O-TRIM ANET,ADD TO QLD BUY UPRO O-TRIM ANET,ADD:TO QLD|BUY:UPRO O-|TRIM:ANET,false,,,,,,,,,,,,false,"BOTTOM LINE: = US/EURD ADD FIN SYSTEV LIQUIDITY, SPX REGAINS 2CUSMA € -","= US/EURD ADD FIN SYSTEV LIQUIDITY, SPX REGAINS 2CUSMA € -"
revere_20230322.png,2023-03-22,1,legacy_focus,threshold,82.00,ok,,"FOCUS: SOXL.TMOX,ANET,PANW.FSLR AMD, TSLA,ONON,GLD || PORTFOLIO/RVAB: {0.91/0.71) ADD TO ONON SELL UPRO TRIM QLD || BOTTOM LINE: =» POWELL ""NO CUTS THIS YR"" SPARKS HUGE NEG REVERSAL €","SOXL.TMOX,ANET,PANW.FSLR AMD, TSLA,ONON,GLD",SOXL|TMOX|ANET|PANW|FSLR|AMD|TSLA|ONON|GLD,,,PORTFOLIO/RVAB: {0.91/0.71),,0.91,0.71,ADD TO ONON SELL UPRO TRIM QLD,ADD TO ONON SELL UPRO TRIM QLD,ADD:TO ONON|SELL:UPRO|TRIM:QLD,false,,,,,,,,,,,,false,"BOTTOM LINE: =» POWELL ""NO CUTS THIS YR"" SPARKS HUGE NEG REVERSAL €","=» POWELL ""NO CUTS THIS YR"" SPARKS HUGE NEG REVERSAL €"
revere_20230509.png,2023-05-09,1,legacy_focus,threshold,72.00,ok,,"FOCUS:UPRO,SS0,L1L1), UBER ONON, CMG, NVIIA,DKNG, MSFT. META AMD. GLX TMF FAZ SWAY CELH ABNB.AEHR || PORTFOLIO/RVAB: (1.J£/1 53) ADD TO LULU + UBER || BOTTOM LINE: 9 LOWER ON TIGHTEST DAY OF THE YEAR; COILING FOR CPI WED AM","UPRO,SS0,L1L1), UBER ONON, CMG, NVIIA,DKNG, MSFT. META AMD. GLX TMF FAZ SWAY CELH ABNB.AEHR",UPRO|SSO|LILI|UBER|ONON|CMG|NVIIA|DKNG|MSFT|META|AMD|GLD|TMA|FA|SWAV|CELH|ABNB|AEHR,,CORRECT:GLX->GLD|CORRECT:TMF->TMA|CORRECT:FAZ->FA|CORRECT:SWAY->SWAV,PORTFOLIO/RVAB: (1.J£/1 53),1,,,ADD TO LULU + UBER,ADD TO LULU + UBER,ADD:TO LULU + UBER,false,,,,,,,,,,,,false,BOTTOM LINE: 9 LOWER ON TIGHTEST DAY OF THE YEAR; COILING FOR CPI WED AM,9 LOWER ON TIGHTEST DAY OF THE YEAR; COILING FOR CPI WED AM
revere_20230630.png,2023-06-30,1,legacy_focus,threshold,71.00,ok,,"FOCUS: S50,TMA SOXLCHAT,0RV, KVDA TSA, CELH, UBER, OT, MOB, SMC, CATV || PORTFOLIO/RVAB: (2.17/2.12) ADD TO CHAT BUY DRV || BOTTOM LINE: =» PCE DATA GAP 4 SPARKS BROAD RALLY, SPX NEW RECOVERY HI","S50,TMA SOXLCHAT,0RV, KVDA TSA, CELH, UBER, OT, MOB, SMC, CATV",SSO|TMA|SOXL|CHAT|DRV|NVDA|TSA|CELH|UBER|DT|MOB|SMC|CAT,,SPLIT:SOXLCHAT->SOXL+CHAT|CORRECT:ORV->DRV|CORRECT:KVDA->NVDA|CORRECT:OT->DT|CORRECT:CATV->CAT,PORTFOLIO/RVAB: (2.17/2.12),,2.17,2.12,ADD TO CHAT BUY DRV,ADD TO CHAT BUY DRV,ADD:TO CHAT|BUY:DRV,false,,,,,,,,,,,,false,"BOTTOM LINE: =» PCE DATA GAP 4 SPARKS BROAD RALLY, SPX NEW RECOVERY HI","=» PCE DATA GAP 4 SPARKS BROAD RALLY, SPX NEW RECOVERY HI"
revere_20230713.png,2023-07-13,1,legacy_focus,threshold,54.00,review,LOW_OCR_CONFIDENCE,"FOCUS:S50,SPHL NAIL NAGU NUGT NVA TSLA CELILUBGI, DT, SHC CAT (YY DALONONTOST TTD $108 NET PAN CON + [ || PORTFOLIO/RVAB: {2.31/2.31) NO CHANGES || BOTTOM LINE: -» PPI REPORT CONFIRMS CPI..RUNNING OF THE BULLS CONTINUES","S50,SPHL NAIL NAGU NUGT NVA TSLA CELILUBGI, DT, SHC CAT (YY DALONONTOST TTD $108 NET PAN CON + [",SSO|TMA|SOXL|CHAT|DRV|NVDA|TSA|CELH|UBER|DT|MOB|SMC|CAT,,CORRECT:NAGU->LABU|SPLIT:CELILUBGI->CELH+LUBGI|CORRECT:SHC->SPCX|CORRECT:YY->LY|SPLIT:DALONONTOST->HAL+ONON+DT+ST|CORRECT:TTD->PLTD|EXPAND:NET->ANET|EXPAND:PAN->PANW|INHERIT_NO_CHANGES:revere_20230630.png,PORTFOLIO/RVAB: {2.31/2.31),,2.31,2.31,NO CHANGES,NO CHANGES,NO CHANGES,true,,,,,,,,,,,,false,BOTTOM LINE: -» PPI REPORT CONFIRMS CPI..RUNNING OF THE BULLS CONTINUES,-» PPI REPORT CONFIRMS CPI..RUNNING OF THE BULLS CONTINUES
revere_20230823.png,2023-08-23,1,legacy_focus,threshold,67.00,ok,,"FOCUS: S50.NRGU,NVOA/NVDLUBER, GOOGLSOXKSMELANET, RT || PORTFOLIO/RVAB: (0.83/0.94) ADD TO UBER || BOTTOM LINE: 9 ""ORA-D4"" BIG-7 LEADS BROAD RALLY...NVDA ER SPARKS F-[-D AH?","S50.NRGU,NVOA/NVDLUBER, GOOGLSOXKSMELANET, RT",SSO|NRGU|NVOA|NVDA|UBER|GOOGL|SOXL|SMC|ANET|VRT,,SPLIT:NVDLUBER->NVDA+UBER|SPLIT:GOOGLSOXKSMELANET->GOOGL+SOXL+SMC+ANET|EXPAND:RT->VRT,PORTFOLIO/RVAB: (0.83/0.94),,0.83,0.94,ADD TO UBER,ADD TO UBER,ADD:TO UBER,false,,,,,,,,,,,,false,"BOTTOM LINE: 9 ""ORA-D4"" BIG-7 LEADS BROAD RALLY...NVDA ER SPARKS F-[-D AH?","9 ""ORA-D4"" BIG-7 LEADS BROAD RALLY...NVDA ER SPARKS F-[-D AH?"
revere_20231030.png,2023-10-30,1,legacy_focus,threshold,74.00,ok,,"FOCUS: $50,6LD,PDAC.8IT0, || PORTFOLIO/RVAB: (0.21/0.05) CLOSE SSO BUY BITO || BOTTOM LINE: » BROAD OVERSOLD BOUNCE; DAY 1 OFF LOWS [QQQ DAY2)","$50,6LD,PDAC.8IT0,",GLD|PDAC|BITO,,,PORTFOLIO/RVAB: (0.21/0.05) CLOSE SSO,,0.21,0.05,BUY BITO,BUY BITO,BUY:BITO,false,,,,,,,,,,,,false,BOTTOM LINE: » BROAD OVERSOLD BOUNCE; DAY 1 OFF LOWS [QQQ DAY2),» BROAD OVERSOLD BOUNCE; DAY 1 OFF LOWS [QQQ DAY2)
revere_20231128.png,2023-11-28,1,legacy_focus,threshold,53.00,review,LOW_OCR_CONFIDENCE,"FOCUS 591,10, THA BITO,NUGT, NAL, CCL NVDA DUOL DDOG, AMD, DKNG NVO,LLY, TSLA CRW, GDXGFLGOLD, AEM || PORTFOLIO/RVAB: { /1.83) SELL DKNG BUY PDD ADD TO QLD + TSLA || BOTTOM LINE: SML/MIDY","591,10, THA BITO,NUGT, NAL, CCL NVDA DUOL DDOG, AMD, DKNG NVO,LLY, TSLA CRW, GDXGFLGOLD, AEM",ETHA|BITO|NUGT|AAPL|CCL|NVDA|DELL|DDOG|AMD|DKNG|NVOA|LLY|TSLA|CRWD|GLD|OG|FLY|AEM,,EXPAND:THA->ETHA|CORRECT:NAL->AAPL|CORRECT:DUOL->DELL|EXPAND:NVO->NVOA|EXPAND:CRW->CRWD|SPLIT:GDXGFLGOLD->GLD+OG+FLY+GLD,PORTFOLIO/RVAB: { /1.83),1.83,,,SELL DKNG BUY PDD ADD TO QLD + TSLA,SELL DKNG BUY PDD ADD TO QLD + TSLA,SELL:DKNG|BUY:PDD|ADD:TO QLD + TSLA,false,,,,,,,,,,,,false,BOTTOM LINE: SML/MIDY,SML/MIDY
revere_20240301.png,2024-03-01,1,legacy_focus,threshold,64.00,ok,,"FOCUS:SPXL.550,TNAIBIT.NRGU,LABU, SHED, UBER NVDA.ANO,CRWD,RLIWFRD PLTRLY.NTNKSC, || PORTFOLIO/RVAB: {1.51/1.63) BUY TNA ADD TA WFRD || BOTTOM LINE: = INDEXES ALL I, LED BY A/TECH; SPX/QQQ ANCTHER A-T-H","SPXL.550,TNAIBIT.NRGU,LABU, SHED, UBER NVDA.ANO,CRWD,RLIWFRD PLTRLY.NTNKSC,",SPXL|SSO|TNA|IBIT|NRGU|LABU|SHED|UBER|NVDA|AAO|CRWD|GLI|WFRD|PLTR|LY|NTC|SSC,,SPLIT:TNAIBIT->TNA+IBIT|CORRECT:ANO->AAO|SPLIT:RLIWFRD->GLI+WFRD|SPLIT:PLTRLY->PLTR+LY|SPLIT:NTNKSC->NTC+SSC,PORTFOLIO/RVAB: {1.51/1.63),,1.51,1.63,BUY TNA ADD TA WFRD,BUY TNA ADD TA WFRD,BUY:TNA|ADD:TA WFRD,false,,,,,,,,,,,,false,"BOTTOM LINE: = INDEXES ALL I, LED BY A/TECH; SPX/QQQ ANCTHER A-T-H","= INDEXES ALL I, LED BY A/TECH; SPX/QQQ ANCTHER A-T-H"
revere_20240416.png,2024-04-16,1,legacy_focus,threshold,64.00,ok,,"FOCUS:SPX JV DE SNSXXNVDAMULLY, || PORTFOLIO/RVAB: [0.47/ } SELL MU, LLY, VDE CLOSE HEDGE/SPXS || BOTTOM LINE: POWELL HAWKISH, LEADERS OU PERFORM","SPX JV DE SNSXXNVDAMULLY,",SPXL|JL|VDE|SNOX|NVDA|MU|LY,,EXPAND:SPX->SPXL|CORRECT:JV->JL|EXPAND:DE->VDE|SPLIT:SNSXXNVDAMULLY->SNOX+NVDA+MU+LY,PORTFOLIO/RVAB: [0.47/ },0.47,,,"SELL MU, LLY, VDE CLOSE HEDGE/SPXS","SELL MU, LLY, VDE CLOSE HEDGE/SPXS",SELL:MU|SELL:LLY|SELL:VDE CLOSE HEDGE/SPXS,false,,,,,,,,,,,,false,"BOTTOM LINE: POWELL HAWKISH, LEADERS OU PERFORM","POWELL HAWKISH, LEADERS OU PERFORM"
revere_20240517.png,2024-05-17,1,legacy_focus,threshold,67.00,ok,,"FOCUS: SNOO( SPL SPYI/UIPRO,S50,GDX,IBIT ERX,CRWD, VT, CAVA CEG MU, PID, PSTG SLR, NVDAFCX CARR || PORTFOLIO/RVAB: (1.40/1.44) ADD TO IBIT BUY ERX || BOTTOM LINE: > HEALTHY TIGHT RANGE CONSOLIDATION, LEADERS OK: BULLISH","SNOO( SPL SPYI/UIPRO,S50,GDX,IBIT ERX,CRWD, VT, CAVA CEG MU, PID, PSTG SLR, NVDAFCX CARR",SNOX|SPLG|SPYM|UPRO|SSO|GDXU|IBIT|ERX|CRWD|NVT|CAVA|CEG|MU|PDD|STG|SLR|NVDA|FCX|CAR,,CORRECT:SNOO->SNOX|EXPAND:SPL->SPLG|CORRECT:SPYI->SPYM|CORRECT:UIPRO->UPRO|EXPAND:GDX->GDXU|EXPAND:VT->NVT|CORRECT:PID->PDD|CORRECT:PSTG->STG|SPLIT:NVDAFCX->NVDA+FCX|CORRECT:CARR->CAR,PORTFOLIO/RVAB: (1.40/1.44),,1.40,1.44,ADD TO IBIT BUY ERX,ADD TO IBIT BUY ERX,ADD:TO IBIT|BUY:ERX,false,,,,,,,,,,,,false,"BOTTOM LINE: > HEALTHY TIGHT RANGE CONSOLIDATION, LEADERS OK: BULLISH","> HEALTHY TIGHT RANGE CONSOLIDATION, LEADERS OK: BULLISH"
revere_20240613.png,2024-06-13,1,legacy_focus,threshold,62.00,ok,,"FOCUS: SNSI0LSPLG, SPHL/UPRO,SS0,BIT,CRUWD, NVA CAVAMU,ONON, AAPLF SLR, NIT, STG SMC,COIN TMD, || PORTFOLIO/RVAB: (1.60/1.67) BUY SMCI || BOTTOM LINE: = YIELDS J ON PPI & JOLTS; 4TH STRAIGHT A-T-H FOR SPX & QQQ","SNSI0LSPLG, SPHL/UPRO,SS0,BIT,CRUWD, NVA CAVAMU,ONON, AAPLF SLR, NIT, STG SMC,COIN TMD,",SNSIO|SPLG|SPHL|UPRO|SSO|IBIT|CRWD|NVA|CAVA|MU|ONON|AAPL|SLR|NVT|STG|SMCI|COIN|TMDX,,SPLIT:SNSIOLSPLG->SNSIO+SPLG|EXPAND:BIT->IBIT|CORRECT:CRUWD->CRWD|SPLIT:CAVAMU->CAVA+MU|CORRECT:AAPLF->AAPL|CORRECT:NIT->NVT|EXPAND:SMC->SMCI|EXPAND:TMD->TMDX,PORTFOLIO/RVAB: (1.60/1.67),,1.60,1.67,BUY SMCI,BUY SMCI,BUY:SMCI,false,,,,,,,,,,,,false,BOTTOM LINE: = YIELDS J ON PPI & JOLTS; 4TH STRAIGHT A-T-H FOR SPX & QQQ,= YIELDS J ON PPI & JOLTS; 4TH STRAIGHT A-T-H FOR SPX & QQQ
revere_20240710.png,2024-07-10,1,legacy_focus,threshold,78.00,ok,,"FOCUS: SNSOSPLG,SPXL/UPRO,RSP,LWM,SLY,CRWO, META NVDA.CAVA UBER AAPLAMZN,GEW,CC1.SMICI TMOX ARM, || PORTFOLIO/RVAB: (1.33/1.22) SELL TMDX + CAVA TRIM CRWD BUY GLW + CCL || BOTTOM LINE:=> STRONG INDFX GAINS, BUT SEVERAL LEADERS HIT HARD; 55> S&P500 KEY LEVELS <<<","SNSOSPLG,SPXL/UPRO,RSP,LWM,SLY,CRWO, META NVDA.CAVA UBER AAPLAMZN,GEW,CC1.SMICI TMOX ARM,",SSO|SPLG|SPXL|UPRO|RSP|LWM|FSLY|CRWO|META|NVDA|CAVA|UBER|AAPL|AMZN|GEW|CCI|SMCI|TMOX|ARM,,SPLIT:SNSOSPLG->SSO+SPLG|EXPAND:SLY->FSLY|SPLIT:AAPLAMZN->AAPL+AMZN|CORRECT:SMICI->SMCI,PORTFOLIO/RVAB: (1.33/1.22),,1.33,1.22,SELL TMDX + CAVA TRIM CRWD BUY GLW + CCL,SELL TMDX + CAVA TRIM CRWD BUY GLW + CCL,SELL:TMDX + CAVA|TRIM:CRWD|BUY:GLW + CCL,false,,,,,,,,,,,,false,"BOTTOM LINE:=> STRONG INDFX GAINS, BUT SEVERAL LEADERS HIT HARD; 55> S&P500 KEY LEVELS <<<","=> STRONG INDFX GAINS, BUT SEVERAL LEADERS HIT HARD; 55> S&P500 KEY LEVELS <<<"
revere_20240725.png,2024-07-25,1,gro_only,threshold,58.00,review,MISSING_GRO_HOLDINGS|LOW_OCR_CONFIDENCE,GRO: SEUS SEXI SUENO NSE RAS EMAVOR FL RVAB:[ / }BUY FAS FRI KEYS: SPX VS SOSMA QQQ STABILIZATION? ~~ SMALL CAP RS || BOTTOM LINE: -» VOLATILITY RETURNS IN A BIG WAY DURING SEE-SAW SESSION,,,,,GRO: SEUS SEXI SUENO NSE RAS EMAVOR FL RVAB:[ / },,,,BUY FAS FRI KEYS: SPX VS SOSMA QQQ STABILIZATION? ~~ SMALL CAP RS,BUY FAS FRI KEYS: SPX VS SOSMA QQQ STABILIZATION? ~~ SMALL CAP RS,BUY:FAS FRI KEYS: SPX VS SOSMA QQQ STABILIZATION? ~~ SMALL CAP RS,false,,,,,,,,,,,,false,BOTTOM LINE: -» VOLATILITY RETURNS IN A BIG WAY DURING SEE-SAW SESSION,-» VOLATILITY RETURNS IN A BIG WAY DURING SEE-SAW SESSION
revere_20240823.png,2024-08-23,1,gro_only,threshold,80.00,review,MISSING_GRO_HOLDINGS,"GRO: SPLG,UPRO,URTY,MIDU,TB,LLY, UBER, NVDA,RACE,CAVA,PLTR,META.CEG, SPOT, CPNG,UPST RVAB: {1.42/1.43) BUY CAVA SELL CEG TRIM META BUY MIDU MON KEYS: SPX VS R/5642-67 SML/MID OUTPERFORMANCE? AVOID DISTRIBUTION || BOTTOM LINE: » POWELL JAX HOLE SPEECH PROMPTS BROAD RALLY; SML/MID LEAD",,,,,"GRO: SPLG,UPRO,URTY,MIDU,TB,LLY, UBER, NVDA,RACE,CAVA,PLTR,META.CEG, SPOT, CPNG,UPST RVAB: {1.42/1.43)",,1.42,1.43,BUY CAVA SELL CEG TRIM META BUY MIDU MON KEYS: SPX VS R/5642-67 SML/MID OUTPERFORMANCE? AVOID DISTRIBUTION,BUY CAVA SELL CEG TRIM META BUY MIDU MON KEYS: SPX VS R/5642-67 SML/MID OUTPERFORMANCE? AVOID DISTRIBUTION,BUY:CAVA|SELL:CEG|TRIM:META|BUY:MIDU MON KEYS: SPX VS R/5642-67 SML/MID OUTPERFORMANCE? AVOID DISTRIBUTION,false,,,,,,,,,,,,false,BOTTOM LINE: » POWELL JAX HOLE SPEECH PROMPTS BROAD RALLY; SML/MID LEAD,» POWELL JAX HOLE SPEECH PROMPTS BROAD RALLY; SML/MID LEAD
revere_20240925.png,2024-09-25,1,gro_only,threshold,75.00,review,MISSING_GRO_HOLDINGS,"GRO: SPLG,UPRO,QLD, TNA, NAIL NUGT,CAVA,NVDA, NOW, ORCLLLY, UBER, TSLA,MSTR, FLUT RVAB: (1.76/1 70) ADD FLUT TRIM }% NOW NAIL || BOTTOM LINE: 2 LOW VOLATILITY LPTREND CONTINUES",,,,,"GRO: SPLG,UPRO,QLD, TNA, NAIL NUGT,CAVA,NVDA, NOW, ORCLLLY, UBER, TSLA,MSTR, FLUT RVAB: (1.76/1 70)",,1.76,1,ADD FLUT TRIM }% NOW NAIL,ADD FLUT TRIM }% NOW NAIL,ADD:FLUT|TRIM:}% NOW NAIL,false,,,,,,,,,,,,false,BOTTOM LINE: 2 LOW VOLATILITY LPTREND CONTINUES,2 LOW VOLATILITY LPTREND CONTINUES
revere_20240925_2.png,2024-09-25,2,gro_only,threshold,50.00,review,MISSING_GRO_HOLDINGS|LOW_OCR_CONFIDENCE,"GRO: SPLG/UPRO, CLD, TNANAIL NUGT,CAVA,NVDA NOW, ORCL LLY, UBER, TSLA,MSTR, FUT RVAB: (1.76/70) ADD FLUT TRIM % NOW NAIL || BOTTOM LINE: =» LCW VOLATILITY UPTEEND CONTINUES",,,,,"GRO: SPLG/UPRO, CLD, TNANAIL NUGT,CAVA,NVDA NOW, ORCL LLY, UBER, TSLA,MSTR, FUT RVAB: (1.76/70)",,1.76,70,ADD FLUT TRIM % NOW NAIL,ADD FLUT TRIM % NOW NAIL,ADD:FLUT|TRIM:% NOW NAIL,false,,,,,,,,,,,,false,BOTTOM LINE: =» LCW VOLATILITY UPTEEND CONTINUES,=» LCW VOLATILITY UPTEEND CONTINUES
revere_20241202.png,2024-12-02,1,gro_only,threshold,88.00,review,MISSING_GRO_HOLDINGS,"GRO: SPLG,UPRO,SSO,URTY,IBIT,NVDA,BROS,VRT,RDDT,ALAB, TSLA,SNOW,MSTR, RVAB: (1.91/1.94) ADD TO VRT || BOTTOM LINE: 9 BIG TECH LEADS SPX & QQQ TO ALL-TIME-HIGHS",,,,,"GRO: SPLG,UPRO,SSO,URTY,IBIT,NVDA,BROS,VRT,RDDT,ALAB, TSLA,SNOW,MSTR, RVAB: (1.91/1.94)",,1.91,1.94,ADD TO VRT,ADD TO VRT,ADD:TO VRT,false,,,,,,,,,,,,false,BOTTOM LINE: 9 BIG TECH LEADS SPX & QQQ TO ALL-TIME-HIGHS,9 BIG TECH LEADS SPX & QQQ TO ALL-TIME-HIGHS
revere_20241207.png,2024-12-07,1,legacy_focus,threshold,59.00,review,LOW_OCR_CONFIDENCE,"FOCUS: 5PX RSP, 550. TNAFNGUNAILBITO WUIGT.CRWD, 200 SAW SVPATLE 51 SOR. OENS, OFL || PORTFOLIO/RVAB: (1.67/1.81) TRIM GTLB BUY COIN + $50 || BOTTOM LINE: =» GAP UP HOLDS, LED BY BIG TECH;","5PX RSP, 550. TNAFNGUNAILBITO WUIGT.CRWD, 200 SAW SVPATLE 51 SOR. OENS, OFL",SPXL|RSP|TNA|NRGU|NAIL|IO|NUGT|CRWD|SAW|SVN|AKLE|SOR|ONDS|OFL,,EXPAND:SPX->SPXL|SPLIT:TNAFNGUNAILBITO->TNA+NRGU+NAIL+IO|CORRECT:WUIGT->NUGT|SPLIT:SVPATLE->SVN+AKLE|CORRECT:OENS->ONDS,PORTFOLIO/RVAB: (1.67/1.81),,1.67,1.81,TRIM GTLB BUY COIN + $50,TRIM GTLB BUY COIN + $50,TRIM:GTLB|BUY:COIN + $50,false,,,,,,,,,,,,false,"BOTTOM LINE: =» GAP UP HOLDS, LED BY BIG TECH;","=» GAP UP HOLDS, LED BY BIG TECH;"
revere_20250103.png,2025-01-03,1,gro_only,threshold,67.00,review,MISSING_GRO_HOLDINGS|MISSING_GRO_ACTION_LINE,"OO EE OO OO GRO: SPLG,UPRO,1BIT,GOOGL AVGO,RBRK,RDDT,BROS,NVDA,ALAB,PLTR,GEV,EQT,TWLO,MRVL RVAB/REBAR: {1.37/-4.65%) BUY MRVL TWLO ADD PLTR GEV ~~ SELL AR || BOTTOM LINE: <> LEADERS AND INDEXES RALLY BACK. WATCH THESE RESISTANCE LVLS",,,,,,,,,,,,false,,,,,,,,,,,,false,BOTTOM LINE: <> LEADERS AND INDEXES RALLY BACK. WATCH THESE RESISTANCE LVLS,<> LEADERS AND INDEXES RALLY BACK. WATCH THESE RESISTANCE LVLS
revere_20250130.png,2025-01-30,1,gro_only,threshold,72.00,review,MISSING_GRO_HOLDINGS,"GRO: $PLG,UPRO,QLD,IBIT.GLD,NUGT,BROS, SNOW, ONON,RDDT, HOOD, PLTR CEG,GEV, TSLA RVAB/REBAR: (1.30/-5.37%) BUY CEG GEV ADD TO SNOW TRIM TSLA || BOTTOM LINE: > AFTFR FOMC & TFCH F-R, 4 DESPITE VOLATIIF CHOP/TARIFF DUMP",,,,,"GRO: $PLG,UPRO,QLD,IBIT.GLD,NUGT,BROS, SNOW, ONON,RDDT, HOOD, PLTR CEG,GEV, TSLA RVAB/REBAR: (1.30/-5.37%)",1.30,,,BUY CEG GEV ADD TO SNOW TRIM TSLA,BUY CEG GEV ADD TO SNOW TRIM TSLA,BUY:CEG GEV|ADD:TO SNOW|TRIM:TSLA,false,,,,,,,,,,,,false,"BOTTOM LINE: > AFTFR FOMC & TFCH F-R, 4 DESPITE VOLATIIF CHOP/TARIFF DUMP","> AFTFR FOMC & TFCH F-R, 4 DESPITE VOLATIIF CHOP/TARIFF DUMP"
revere_20250210.png,2025-02-10,1,gro_only,threshold,83.00,review,MISSING_GRO_HOLDINGS,"GRO: SPLG,UPRO,SSO.1BIT,GLD,NUGT,BROS, SNOW, PLTR CEG,CAVA AFRM,RDDT, HOOD, RVAB/REBAR: (1.39/-4.69%) ADD TO CAVA BUY AFRM || BOTTOM LINE: =» DESPITE MORE TARIFF THREATS, GAP UP HOLDS; LEADERS STRONG",,,,,"GRO: SPLG,UPRO,SSO.1BIT,GLD,NUGT,BROS, SNOW, PLTR CEG,CAVA AFRM,RDDT, HOOD, RVAB/REBAR: (1.39/-4.69%)",1.39,,,ADD TO CAVA BUY AFRM,ADD TO CAVA BUY AFRM,ADD:TO CAVA|BUY:AFRM,false,,,,,,,,,,,,false,"BOTTOM LINE: =» DESPITE MORE TARIFF THREATS, GAP UP HOLDS; LEADERS STRONG","=» DESPITE MORE TARIFF THREATS, GAP UP HOLDS; LEADERS STRONG"
revere_20250227.png,2025-02-27,1,gro_only,threshold,79.00,review,MISSING_GRO_HOLDINGS,"GRO: SPLG,RSP,UPRO,GLD, ALL STOCKS WERE SOLD ON FRI, 2/21 RVAB/REBAR: ( /-1.68%) ADD TTORSP SELL UPRO || BOTTOM LINE: =» NVDA ER CAN'T SAVE TECH, CORRECTION HITS NEW LOWS",,,,,"GRO: SPLG,RSP,UPRO,GLD, ALL STOCKS WERE SOLD ON FRI, 2/21 RVAB/REBAR: ( /-1.68%)",,2,21,ADD TTORSP SELL UPRO,ADD TTORSP SELL UPRO,ADD:TTORSP|SELL:UPRO,false,,,,,,,,,,,,false,"BOTTOM LINE: =» NVDA ER CAN'T SAVE TECH, CORRECTION HITS NEW LOWS","=» NVDA ER CAN'T SAVE TECH, CORRECTION HITS NEW LOWS"
revere_20250312.png,2025-03-12,1,gro_only,threshold,63.00,review,MISSING_GRO_HOLDINGS|MISSING_BOTTOM_LINE,GRO: SMG.GLOSWY PSQ RVAB/REBAR: { F0.79%} BUY £SQ || BOTTOM LINE:,,,,,GRO: SMG.GLOSWY PSQ RVAB/REBAR: { F0.79%},79,,,BUY £SQ,BUY £SQ,BUY:£SQ,false,,,,,,,,,,,,false,BOTTOM LINE:,
revere_20250325.png,2025-03-25,1,gro_only,threshold,60.00,review,MISSING_GRO_HOLDINGS,"GRO: SPLG50,GLD, SLY ARKKNFLX,TGTH RBRX, PLT DASH,8ACS, 00S RVAB/REBAR:[ /-2.90%) BUY BROSDOCS || BOTTOM LINE: =» CONSTRUCTIVE DIGESTION DAY WITH LEADERS HOLDING GAINS",,,,,"GRO: SPLG50,GLD, SLY ARKKNFLX,TGTH RBRX, PLT DASH,8ACS, 00S RVAB/REBAR:[ /-2.90%)",2.90,,,BUY BROSDOCS,BUY BROSDOCS,BUY:BROSDOCS,false,,,,,,,,,,,,false,BOTTOM LINE: =» CONSTRUCTIVE DIGESTION DAY WITH LEADERS HOLDING GAINS,=» CONSTRUCTIVE DIGESTION DAY WITH LEADERS HOLDING GAINS
revere_20250417.png,2025-04-17,1,gro_only,threshold,78.00,review,MISSING_GRO_ACTION_LINE,GRO HOLDINGS: SPLG RVAB/REBAR: ( /-0.29%) NO CHANGES || BOTTOM LINE: BIG TECH LAGS; POTENTIAL LTADERS FIRM,SPLG RVAB/REBAR: ( /-0.29%) NO CHANGES,SPLG,,,,,,,,,,false,,,,,,,,,,,,false,BOTTOM LINE: BIG TECH LAGS; POTENTIAL LTADERS FIRM,BIG TECH LAGS; POTENTIAL LTADERS FIRM
revere_20250606.png,2025-06-06,1,gro_turbo,threshold,80.00,ok,,"GRO HOLDINGS: SPLG,UPRO,IBIT,SPOT,PLTR,GEV,BROS,NVOA,HOOD,NFLX, HIMS || GRO RVAB/REBAR: (1.15/-4.35%) NO TRADES || TURBO HOLDINGS: SPLG,UPRO,QLD, IBITEWW,ETHA, HOOD, HIMS, UBER, GEV,RKLB || TURBO RVAB/REBAR: {1.43/-5.56%) NO TRADES || BOTTOM LINE:-» FAVORABLE LABOR MARKET DATA GIVES MARKETS A BOOST","SPLG,UPRO,IBIT,SPOT,PLTR,GEV,BROS,NVOA,HOOD,NFLX, HIMS",SPLG|UPRO|IBIT|SPOT|PLTR|GEV|BROS|NVOA|HOOD|NFLX|HIMS,,,RVAB/REBAR: (1.15/-4.35%) NO TRADES,1.15,,,,,,false,"SPLG,UPRO,QLD, IBITEWW,ETHA, HOOD, HIMS, UBER, GEV,RKLB",SPLG|UPRO|QLD|IBIT|EWZ|ETHA|HOOD|HIMS|UBER|GEV|RKLB,,SPLIT:IBITEWW->IBIT+EWZ,RVAB/REBAR: {1.43/-5.56%) NO TRADES,1.43,,,,,,false,BOTTOM LINE:-» FAVORABLE LABOR MARKET DATA GIVES MARKETS A BOOST,-» FAVORABLE LABOR MARKET DATA GIVES MARKETS A BOOST
revere_20250714.png,2025-07-14,1,gro_turbo,threshold,73.00,ok,,"GRO HOLDINGS: SPLG,550,UPRO, 1BIT,NVDA, HOOD, UBER, GEV, AAPL.COIN, AVAV,PLTR || GRO RVAB/REBAR: {1.1./-6.02%) BUY AVAV || TURBO HOLDINGS: SPLG,QLD,UPRO,IBIT,ETHA,COIN,ASTS,HOOD,RDDT. LEU, GEV, RBRK || TURBO RVAB/REBAR: (2 03/-6.74%) ADD TO ASTS || BOTTOM LINE: BULLISH TIGHT INDEX ACTION CONTINUES; LEADERS ACT WELL","SPLG,550,UPRO, 1BIT,NVDA, HOOD, UBER, GEV, AAPL.COIN, AVAV,PLTR",SPLG|UPRO|IBIT|NVDA|HOOD|UBER|GEV|AAPL|COIN|AVAV|PLTR,,,RVAB/REBAR: {1.1./-6.02%),1.1,,,BUY AVAV,BUY AVAV,BUY:AVAV,false,"SPLG,QLD,UPRO,IBIT,ETHA,COIN,ASTS,HOOD,RDDT. LEU, GEV, RBRK",SPLG|QLD|UPRO|IBIT|ETHA|COIN|ASTS|HOOD|RDDT|LEU|GEV|RBRK,,,RVAB/REBAR: (2 03/-6.74%),2,,,ADD TO ASTS,ADD TO ASTS,ADD:TO ASTS,false,BOTTOM LINE: BULLISH TIGHT INDEX ACTION CONTINUES; LEADERS ACT WELL,BULLISH TIGHT INDEX ACTION CONTINUES; LEADERS ACT WELL
revere_20250716.png,2025-07-16,1,gro_turbo,threshold,67.00,ok,,"GRO HOLDINGS: SPLG550,UPRO,IBIT,NVDA, HOOD, GEV AAPL COIN AVAV,PLTR || GRO RVAB/REBAR: {1.25/-5.73%) SELL UBER || TURBO HOLDINGS: SPLG,QLD,UPRO,IBIT,ETHA,COIN STS, HOOD, LEV,GEV,RBRK || TURBO RVAB/REBAR: {1.92/-6.57%) SELL RDDT || BOTTOM LINE: 9 SPX URR OF 10 © RANGE, BTC/ETID, & LEADERS ROBUST","SPLG550,UPRO,IBIT,NVDA, HOOD, GEV AAPL COIN AVAV,PLTR",SPLG|SSO|UPRO|IBIT|NVDA|HOOD|GEV|AAPL|COIN|AVAV|PLTR,,SPLIT:SPLGSSO->SPLG+SSO,RVAB/REBAR: {1.25/-5.73%),1.25,,,SELL UBER,SELL UBER,SELL:UBER,false,"SPLG,QLD,UPRO,IBIT,ETHA,COIN STS, HOOD, LEV,GEV,RBRK",SPLG|QLD|UPRO|IBIT|ETHA|COIN|ASTS|HOOD|GEV|RBRK,,EXPAND:STS->ASTS|CORRECT:LEV->GEV,RVAB/REBAR: {1.92/-6.57%),1.92,,,SELL RDDT,SELL RDDT,SELL:RDDT,false,"BOTTOM LINE: 9 SPX URR OF 10 © RANGE, BTC/ETID, & LEADERS ROBUST","9 SPX URR OF 10 © RANGE, BTC/ETID, & LEADERS ROBUST"
revere_20250827.png,2025-08-27,1,gro_turbo,threshold,71.00,ok,,"GRO HOLDINGS: SPLG,UPRO,S50,ETHA,(BIT,NVDA HOOD, MP, SE,RKT.RDDT || GRO RVAB/REBAR: (1 31/-5.69%) NO CHANGES || TURBO HOLDINGS: SPLG,UPRO, TNA TQRQIBIT.ETHA XXRP, NAIL ALAB, MP, BE. HOOD, GEV, TSLA || TURBO RVAB/REBAR: (2.03/-5 95%} SELL BMNR || BOTTOM LINE: -3 S&P NEW ALLTINE HIGH; W1.L NVDA BRING ROTATION BACK INTO TECH?","SPLG,UPRO,S50,ETHA,(BIT,NVDA HOOD, MP, SE,RKT.RDDT",SPLG|SSO|UPRO|IBIT|NVDA|HOOD|GEV|AAPL|COIN|AVAV|PLTR,,EXPAND:BIT->IBIT|INHERIT_NO_CHANGES:revere_20250716.png,RVAB/REBAR: (1 31/-5.69%),1,,,NO CHANGES,NO CHANGES,NO CHANGES,true,"SPLG,UPRO, TNA TQRQIBIT.ETHA XXRP, NAIL ALAB, MP, BE. HOOD, GEV, TSLA",SPLG|UPRO|TNA|TQQQ|IBIT|ETHA|XXRP|NAIL|ALAB|MP|BE|HOOD|GEV|TSLA,,SPLIT:TQRQIBIT->TQQQ+IBIT,RVAB/REBAR: (2.03/-5 95%},2.03,,,SELL BMNR,SELL BMNR,SELL:BMNR,false,BOTTOM LINE: -3 S&P NEW ALLTINE HIGH; W1.L NVDA BRING ROTATION BACK INTO TECH?,-3 S&P NEW ALLTINE HIGH; W1.L NVDA BRING ROTATION BACK INTO TECH?
revere_20250903.png,2025-09-03,1,gro_turbo,threshold,79.00,review,MISSING_BOTTOM_LINE,"GRO HOLDINGS: SPLG,UPRO,SSO,ETHA,SE,NVDAHOOD,MP,RDDT, SNOW, MDB, TSLA, NAIL || GRO RVAB/REBAR: (1.25/-4.66%) BUY TSLA + NAIL || TURBO HOLDINGS: SPLG,UPRO, TNA. TQQQ,ETHA NAIL ALAB HOOD, BE. TSLA, SOLT || TURBO RVAB/REBAR: {1.46/-3.45%) SELL GEV TRIM TQQQ + HOOD BUY SOLT || BOTTOM LINE:","SPLG,UPRO,SSO,ETHA,SE,NVDAHOOD,MP,RDDT, SNOW, MDB, TSLA, NAIL",SPLG|UPRO|SSO|ETHA|SE|NVDA|HOOD|MP|RDDT|SNOW|MDB|TSLA|NAIL,,SPLIT:NVDAHOOD->NVDA+HOOD,RVAB/REBAR: (1.25/-4.66%),1.25,,,BUY TSLA + NAIL,BUY TSLA + NAIL,BUY:TSLA + NAIL,false,"SPLG,UPRO, TNA. TQQQ,ETHA NAIL ALAB HOOD, BE. TSLA, SOLT",SPLG|UPRO|TNA|TQQQ|ETHA|NAIL|ALAB|HOOD|BE|TSLA|SOLT,,,RVAB/REBAR: {1.46/-3.45%),1.46,,,SELL GEV TRIM TQQQ + HOOD BUY SOLT,SELL GEV TRIM TQQQ + HOOD BUY SOLT,SELL:GEV|TRIM:TQQQ + HOOD|BUY:SOLT,false,BOTTOM LINE:,
revere_20250904.png,2025-09-04,1,gro_turbo,threshold,69.00,ok,,"GRO HOLDINGS: SPLG,UPRO,SS0,ETHA, NAIL SE,NVDA, HOOD, TSLA SNOW, RDDT,MP, MDB || GRO RVAB/REBAR: (1 75/-5.28%) NO CHANGES || TURBO HOLDINGS: $PLG,UPRO, TNA, TQQQ,ETHA, SOUT, NAIL ALAB, BE, TSLA, BABA, TEM, HOOD || TURBO RVAB/REBAR: (1.65/-4.23%) BUY TEM + BABA || BOTTOM LINE: = PIM TREND UP TO SPX NEW ATH; NFP IN AM","SPLG,UPRO,SS0,ETHA, NAIL SE,NVDA, HOOD, TSLA SNOW, RDDT,MP, MDB",SPLG|UPRO|SSO|ETHA|SE|NVDA|HOOD|MP|RDDT|SNOW|MDB|TSLA|NAIL,,INHERIT_NO_CHANGES:revere_20250903.png,RVAB/REBAR: (1 75/-5.28%),1,,,NO CHANGES,NO CHANGES,NO CHANGES,true,"$PLG,UPRO, TNA, TQQQ,ETHA, SOUT, NAIL ALAB, BE, TSLA, BABA, TEM, HOOD",SPLG|UPRO|TNA|TQQQ|ETHA|SOLT|NAIL|ALAB|BE|TSLA|BABA|TEM|HOOD,,EXPAND:PLG->SPLG|CORRECT:SOUT->SOLT,RVAB/REBAR: (1.65/-4.23%),1.65,,,BUY TEM + BABA,BUY TEM + BABA,BUY:TEM + BABA,false,BOTTOM LINE: = PIM TREND UP TO SPX NEW ATH; NFP IN AM,= PIM TREND UP TO SPX NEW ATH; NFP IN AM
revere_20250905.png,2025-09-05,1,gro_turbo,threshold,78.00,review,MISSING_BOTTOM_LINE,"GRO HOLDINGS: SPLG,UPRO,S50,ETHA,SE,NVDA, HOOD, MP,RDDT, SNOW, MDB, TSLA, NAIL || GRO RVAB/REBAR: {1 75/-4.66%) BUY TSLA + NAIL || TURBO HOLDINGS: SPLGUPRO,TNATQOQ,ETHA, NAIL ALAB, HOOD, BE, TSLA, SOLT || TURBO RVAB/REBAR: {1.46/-3.45%) SELL GEV TRIM TQQQ + HOOD BUY SOLT || BOTTOM LINE:","SPLG,UPRO,S50,ETHA,SE,NVDA, HOOD, MP,RDDT, SNOW, MDB, TSLA, NAIL",SPLG|UPRO|SSO|ETHA|SE|NVDA|HOOD|MP|RDDT|SNOW|MDB|TSLA|NAIL,,,RVAB/REBAR: {1 75/-4.66%),1,,,BUY TSLA + NAIL,BUY TSLA + NAIL,BUY:TSLA + NAIL,false,"SPLGUPRO,TNATQOQ,ETHA, NAIL ALAB, HOOD, BE, TSLA, SOLT",SPLG|UPRO|TNA|TQQQ|ETHA|NAIL|ALAB|HOOD|BE|TSLA|SOLT,,SPLIT:SPLGUPRO->SPLG+UPRO|SPLIT:TNATQOQ->TNA+TQQQ,RVAB/REBAR: {1.46/-3.45%),1.46,,,SELL GEV TRIM TQQQ + HOOD BUY SOLT,SELL GEV TRIM TQQQ + HOOD BUY SOLT,SELL:GEV|TRIM:TQQQ + HOOD|BUY:SOLT,false,BOTTOM LINE:,
revere_20250912.png,2025-09-12,1,gro_turbo,threshold,71.00,ok,,"GRO HOLDINGS: SPLG,UPRO,S50,ETHA NAIL SE, DASH,RODT,NVDA, TSLA, MDB, SNOW, HOOD || GRO RVAB/REBAR: (1.40/-6.20%) ADD TO TSLA + HOOD || TURBO HOLDINGS: SPLG,UPRO,TNA,TQQQ.ETHA,SOLT.NAIL ALAB, BABA, TEM, BE, TSLA HOOD, IREN, LEU, MP || TURBO RVAB/REBAR: (2.30/-7.47%) NO CHANGES || BOTTOM LINE: CRYPTO COMPLEX AND TSLA SHINE","SPLG,UPRO,S50,ETHA NAIL SE, DASH,RODT,NVDA, TSLA, MDB, SNOW, HOOD",SPLG|UPRO|SSO|ETHA|NAIL|SE|DASH|RODT|NVDA|TSLA|MDB|SNOW|HOOD,,,RVAB/REBAR: (1.40/-6.20%),1.40,,,ADD TO TSLA + HOOD,ADD TO TSLA + HOOD,ADD:TO TSLA + HOOD,false,"SPLG,UPRO,TNA,TQQQ.ETHA,SOLT.NAIL ALAB, BABA, TEM, BE, TSLA HOOD, IREN, LEU, MP",SPLG|UPRO|TNA|TQQQ|ETHA|NAIL|ALAB|HOOD|BE|TSLA|SOLT,,INHERIT_NO_CHANGES:revere_20250905.png,RVAB/REBAR: (2.30/-7.47%),2.30,,,NO CHANGES,NO CHANGES,NO CHANGES,true,BOTTOM LINE: CRYPTO COMPLEX AND TSLA SHINE,CRYPTO COMPLEX AND TSLA SHINE
revere_20250926.png,2025-09-26,1,gro_turbo,threshold,75.00,ok,,"GRO HOLDINGS: SPLG,UPRO,550,TSLA, HOOD, DASH,MP,PLTR, NVDA, SNOW, NBIS,CRWY || GRO RVAB/REBAR: (1.38/-5.22%} ADD TO MP || TURBO HOLDINGS: SPLG,UPRO, TNA, TQQQ,MSTZ, TSLA,MP,CRWV, ALAB, BABA, LEU, HOOD || TURBO RVAB/REBAR: (1.48/-4.67%) NO CHANGES || BOTTOM LINE: - FAVORABLE PCE PREVENTS A 4"" DOWN DAY","SPLG,UPRO,550,TSLA, HOOD, DASH,MP,PLTR, NVDA, SNOW, NBIS,CRWY",SPLG|UPRO|TSLA|HOOD|DASH|MP|PLTR|NVDA|SNOW|NBIS|CRWY,,,RVAB/REBAR: (1.38/-5.22%},1.38,,,ADD TO MP,ADD TO MP,ADD:TO MP,false,"SPLG,UPRO, TNA, TQQQ,MSTZ, TSLA,MP,CRWV, ALAB, BABA, LEU, HOOD",SPLG|UPRO|TNA|TQQQ|MSTZ|TSLA|MP|CRWV|ALAB|BABA|LEU|HOOD,,,RVAB/REBAR: (1.48/-4.67%),1.48,,,NO CHANGES,NO CHANGES,NO CHANGES,true,"BOTTOM LINE: - FAVORABLE PCE PREVENTS A 4"" DOWN DAY","- FAVORABLE PCE PREVENTS A 4"" DOWN DAY"
revere_20251009.png,2025-10-09,1,gro_turbo,threshold,56.00,review,MISSING_BOTTOM_LINE|LOW_OCR_CONFIDENCE|SUSPICIOUS_TURBO_TICKERS,"GRO HOLDINGS: SPLG,UPRO.550,PPH I8T.ETHADASH.MVYDA MP. HOCO, NEI. TH SHOW, SOND. CRWH. OE PLTR || GRO RVAB/REBAR: (1.38/-6.08%) O-TRIM SSO || TURBO HOLDINGS: 5PLG,PRO,THA,TGCKLETHA MDA TSLA MP CRAY, CRCLLEU SABAMU HOOD, BVAR || TURBO RVAB/REBAR: {2.54/6.04%) TRIM ETHA || BOTTOM LINE:","SPLG,UPRO.550,PPH I8T.ETHADASH.MVYDA MP. HOCO, NEI. TH SHOW, SOND. CRWH. OE PLTR",SPLG|UPRO|SSO|PPH|IBIT|ETHA|DASH|NVDA|MP|HOOD|NEI|THA|SNOW|CRWV|COE|PLTR,,CORRECT:IBT->IBIT|SPLIT:ETHADASH->ETHA+DASH|CORRECT:MVYDA->NVDA|CORRECT:HOCO->HOOD|EXPAND:TH->THA|CORRECT:SHOW->SNOW|CORRECT:SOND->HOOD|CORRECT:CRWH->CRWV|EXPAND:OE->COE,RVAB/REBAR: (1.38/-6.08%) O-,1.38,,,TRIM SSO,TRIM SSO,TRIM:SSO,false,"5PLG,PRO,THA,TGCKLETHA MDA TSLA MP CRAY, CRCLLEU SABAMU HOOD, BVAR",SPLG|UPRO|ETHA|TGCKL|NVDA|TSLA|MP|CRWY|CRCL|LEU|BABA|MU|HOOD|AVAB,TGCKL,EXPAND:PRO->UPRO|EXPAND:THA->ETHA|SPLIT:TGCKLETHA->TGCKL+ETHA|CORRECT:MDA->NVDA|CORRECT:CRAY->CRWY|SPLIT:CRCLLEU->CRCL+LEU|SPLIT:SABAMU->BABA+MU|CORRECT:BVAR->AVAB,RVAB/REBAR: {2.54/6.04%),,2.54,6.04,TRIM ETHA,TRIM ETHA,TRIM:ETHA,false,BOTTOM LINE:,
revere_20251013.png,2025-10-13,1,gro_turbo,threshold,71.00,ok,,"GRO HOLDINGS: SPLG,UPRO,PPH,IBIT, DASH,NVDA,MP,HOOD, TSLA, SNOW, PLTR CRWV,NBIS IONQLEE, || GRO RVAB/REBAR: (1.13/-5.08%) O-TRIM BE + MP +NBIS || TURBO HOLDINGS: SPLG,UPRO,CRWV,MP,NVDA, SLA, LEU, MU,HOOD || TURBO RVAB/REBAR: (1.16/-3.44%) O-TRIM MP || BOTTOM LINE: STRONG REBOUND AI TLR TRUMP DE ESCALATLS ON CHINA TRADE","SPLG,UPRO,PPH,IBIT, DASH,NVDA,MP,HOOD, TSLA, SNOW, PLTR CRWV,NBIS IONQLEE,",SPLG|UPRO|PPH|IBIT|DASH|NVDA|MP|HOOD|TSLA|SNOW|PLTR|CRWV|NBIS|IONQ|LEU,,SPLIT:IONQLEE->IONQ+LEU,RVAB/REBAR: (1.13/-5.08%) O-,1.13,,,TRIM BE + MP +NBIS,TRIM BE + MP +NBIS,TRIM:BE + MP +NBIS,false,"SPLG,UPRO,CRWV,MP,NVDA, SLA, LEU, MU,HOOD",SPLG|UPRO|CRWV|MP|NVDA|TSLA|LEU|MU|HOOD,,EXPAND:SLA->TSLA,RVAB/REBAR: (1.16/-3.44%) O-,1.16,,,TRIM MP,TRIM MP,TRIM:MP,false,BOTTOM LINE: STRONG REBOUND AI TLR TRUMP DE ESCALATLS ON CHINA TRADE,STRONG REBOUND AI TLR TRUMP DE ESCALATLS ON CHINA TRADE
revere_20251015.png,2025-10-15,1,gro_turbo,threshold,78.00,ok,,"GRO HOLDINGS: SPLG,UPRO,URTY,PPH,DASH,NVDA, MP, HOOD, TSLA, SNOW, CRWV, NBIS,IONQLBE, SSC || GRO RVAB/REBAR: {1.22/-4.58%) BUY SSO || TURBO HOLDINGS: 5PLG,UPRO,TNA,CRWY,MP.NVDA,TSLA,LEU,MU,HOOD, GEV, FIG,SNDK,ARKG. SERV || TURBO RVAB/REBAR: (1.82/-5.58%) BUY FIG SNDK ARKG SERV ADD TO GEV || BOTTOM LINE: - S&P NAS RECLAIM KEY MOVING AVERAGES AND IWM INTO NEW HIGHS","SPLG,UPRO,URTY,PPH,DASH,NVDA, MP, HOOD, TSLA, SNOW, CRWV, NBIS,IONQLBE, SSC",SPLG|UPRO|URTY|PPH|DASH|NVDA|MP|HOOD|TSLA|SNOW|CRWV|NBIS|IONQ|BE|SSC,,SPLIT:IONQLBE->IONQ+BE,RVAB/REBAR: {1.22/-4.58%),1.22,,,BUY SSO,BUY SSO,BUY:SSO,false,"5PLG,UPRO,TNA,CRWY,MP.NVDA,TSLA,LEU,MU,HOOD, GEV, FIG,SNDK,ARKG. SERV",SPLG|UPRO|TNA|CRWY|MP|NVDA|TSLA|LEU|MU|HOOD|GEV|FIG|SNDK|ARKG|SERV,,,RVAB/REBAR: (1.82/-5.58%),1.82,,,BUY FIG SNDK ARKG SERV ADD TO GEV,BUY FIG SNDK ARKG SERV ADD TO GEV,BUY:FIG SNDK ARKG SERV|ADD:TO GEV,false,BOTTOM LINE: - S&P NAS RECLAIM KEY MOVING AVERAGES AND IWM INTO NEW HIGHS,- S&P NAS RECLAIM KEY MOVING AVERAGES AND IWM INTO NEW HIGHS
revere_20251016.png,2025-10-16,1,gro_turbo,threshold,70.00,ok,,"GRO HOLDINGS: SPLG,UPRO, SS0.URTY,NVDAMP. HOO, TSLA SNOW, CRWY NBIS BE.5TX || GRO RVAB/REBAR: (1.U5/-3.78%) BUY STK SELL PPH IONQ DASH TRIM HOOD || TURBO HOLDINGS: $PL6,UPRO,TNAARKG, CHW, MP. TSLALEUMU HOOD SNDK ARKG || TURBO RVAB/REBAR: {1.37/-3 83%) SELL GEV SERV FIG || BOTTOM LINE: & VOLATILITY, HEADLINES, & BIG MACRO MOVES","SPLG,UPRO, SS0.URTY,NVDAMP. HOO, TSLA SNOW, CRWY NBIS BE.5TX",SPLG|UPRO|SSO|URTY|NVDA|MP|HOOD|TSLA|SNOW|CRWY|NBIS|BE|STK,,SPLIT:NVDAMP->NVDA+MP|EXPAND:HOO->HOOD|CORRECT:STX->STK,RVAB/REBAR: (1.U5/-3.78%),1,,,BUY STK SELL PPH IONQ DASH TRIM HOOD,BUY STK SELL PPH IONQ DASH TRIM HOOD,BUY:STK|SELL:PPH IONQ DASH|TRIM:HOOD,false,"$PL6,UPRO,TNAARKG, CHW, MP. TSLALEUMU HOOD SNDK ARKG",SPLG|UPRO|TNA|ARKG|CW|MP|TSLA|LEUMU|HOOD|SNDK,,EXPAND:PLG->SPLG|SPLIT:TNAARKG->TNA+ARKG|CORRECT:CHW->CW|SPLIT:TSLALEUMU->TSLA+LEUMU,RVAB/REBAR: {1.37/-3 83%),1.37,,,SELL GEV SERV FIG,SELL GEV SERV FIG,SELL:GEV SERV FIG,false,"BOTTOM LINE: & VOLATILITY, HEADLINES, & BIG MACRO MOVES","& VOLATILITY, HEADLINES, & BIG MACRO MOVES"
revere_20251020.png,2025-10-20,1,gro_turbo,threshold,68.00,review,MISSING_GRO_HOLDINGS,"GRO RVAB/REBAR: { /-2.43%) [IENEEEEEEI SCL. NUGT TRIM UPRO || TURBO HOLDINGS: SPYM,UPRO, GLE, SNDK,GH || TURBO RVAB/REBAR: ( /-1.88%) SELL SNDK GH UPRO || BOTTOM LINE: NVDA AND AL THEME COMPLETE NEWS FAILURE",,,,,RVAB/REBAR: { /-2.43%) [IENEEEEEEI SCL. NUGT,2.43,,,TRIM UPRO,TRIM UPRO,TRIM:UPRO,false,"SPYM,UPRO, GLE, SNDK,GH",SPYM|UPRO|GLD|SNDK|GH,,CORRECT:GLE->GLD,RVAB/REBAR: ( /-1.88%),1.88,,,SELL SNDK GH UPRO,SELL SNDK GH UPRO,SELL:SNDK GH UPRO,false,BOTTOM LINE: NVDA AND AL THEME COMPLETE NEWS FAILURE,NVDA AND AL THEME COMPLETE NEWS FAILURE
revere_20251029.png,2025-10-29,1,gro_turbo,threshold,64.00,review,MISSING_BOTTOM_LINE,"GRO HOLDINGS: SPLG,UPRO,550,TSLA HOOD, NVDA, MDB HAL SNOW SOFI,PLTR, TER || GRO RVAB/REBAR: (1.16/-6.55%) BUY TER O-TRIM SSO SELL NAIL || TURBO HOLDINGS: SPLG,UPRO,URTY,URA,TSLA APLD, BABA, MU,ARM,UUUU,SNDK, TER || TURBO RVAB/REBAR: (2.34/-6.14%) BUY TER || BOTTOM LINE:","SPLG,UPRO,550,TSLA HOOD, NVDA, MDB HAL SNOW SOFI,PLTR, TER",SPLG|UPRO|TSLA|HOOD|NVDA|MDB|HAL|SNOW|SOFI|PLTR|TER,,,RVAB/REBAR: (1.16/-6.55%),1.16,,,BUY TER O-TRIM SSO SELL NAIL,BUY TER O-TRIM SSO SELL NAIL,BUY:TER O-|TRIM:SSO|SELL:NAIL,false,"SPLG,UPRO,URTY,URA,TSLA APLD, BABA, MU,ARM,UUUU,SNDK, TER",SPLG|UPRO|URTY|URA|TSLA|APLD|BABA|MU|ARM|UUUU|SNDK|TER,,,RVAB/REBAR: (2.34/-6.14%),2.34,,,BUY TER,BUY TER,BUY:TER,false,BOTTOM LINE:,
revere_20251030.png,2025-10-30,1,gro_turbo,threshold,61.00,review,MISSING_BOTTOM_LINE,"GRO HOLDINGS: SPLG,UPRO,S50,TSUA, HOOD,NVDA, MDB, HAL SNOW SOF, PLTR TER || GRO RVAB/REBAR: (1.16/-5.30%) NO CHANGES || TURBO HOLDINGS: SPLG, IPR, URTY,URATSLA APLD, BABA MU, ARM ULL, SNDK, TER, MDB, PATH || TURBO RVAB/REBAR: { U/-5.56%) BUY MDB + PATH ADD TO UULIL URTY || BOTTOM LINE:","SPLG,UPRO,S50,TSUA, HOOD,NVDA, MDB, HAL SNOW SOF, PLTR TER",SPLG|UPRO|TSLA|HOOD|NVDA|MDB|HAL|SNOW|SOFI|PLTR|TER,,EXPAND:SOF->SOFI|INHERIT_NO_CHANGES:revere_20251029.png,RVAB/REBAR: (1.16/-5.30%),1.16,,,NO CHANGES,NO CHANGES,NO CHANGES,true,"SPLG, IPR, URTY,URATSLA APLD, BABA MU, ARM ULL, SNDK, TER, MDB, PATH",SPLG|TPR|URTY|URA|TSLA|APLD|BABA|MU|ARM|LL|SNDK|TER|MDB|PATH,,CORRECT:IPR->TPR|SPLIT:URATSLA->URA+TSLA|CORRECT:ULL->LL,RVAB/REBAR: { U/-5.56%),5.56,,,BUY MDB + PATH ADD TO UULIL URTY,BUY MDB + PATH ADD TO UULIL URTY,BUY:MDB + PATH|ADD:TO UULIL URTY,false,BOTTOM LINE:,
revere_20251031.png,2025-10-31,1,gro_turbo,threshold,76.00,ok,,"GRO HOLDINGS: SPLG,UPRO,SSO,TSLA HOOD, NVDA, MDB, HAL, SNOW, SOFI,PLTR, TER || GRO RVAB/REBAR: (1.36/-6.24%)} ADD TO SSO || TURBO HOLDINGS: SPLG,UPRO,URTY,URA, TSA, APLD, BABA, MU ARM,UUUU, SNOK, TER MOB, PATH AMZN || TURBO RVAB/REBAR: (1.68/-5.93%) BUY AMZN || BOTTOM LINE: > STRONG TECH EARNINGS KEEP INDEXES IN POSTIVE TERITORY","SPLG,UPRO,SSO,TSLA HOOD, NVDA, MDB, HAL, SNOW, SOFI,PLTR, TER",SPLG|UPRO|SSO|TSLA|HOOD|NVDA|MDB|HAL|SNOW|SOFI|PLTR|TER,,,RVAB/REBAR: (1.36/-6.24%)},1.36,,,ADD TO SSO,ADD TO SSO,ADD:TO SSO,false,"SPLG,UPRO,URTY,URA, TSA, APLD, BABA, MU ARM,UUUU, SNOK, TER MOB, PATH AMZN",SPLG|UPRO|URTY|URA|TSA|APLD|BABA|MU|ARM|UUUU|SNOK|TER|MOB|PATH|AMZN,,,RVAB/REBAR: (1.68/-5.93%),1.68,,,BUY AMZN,BUY AMZN,BUY:AMZN,false,BOTTOM LINE: > STRONG TECH EARNINGS KEEP INDEXES IN POSTIVE TERITORY,> STRONG TECH EARNINGS KEEP INDEXES IN POSTIVE TERITORY
revere_20251104.png,2025-11-04,1,gro_turbo,threshold,74.00,ok,,"GRO HOLDINGS: SPYM,UPRO,550,TSLA, FER, HOOD, SOF), NVDA, MDB, HAL SNOW, PLTR || GRO RVAB/REBAR: [1.3:/-3.41%) ADD TO TER TRIM SSO || TURBO HOLDINGS: SPYM,550,UPRO,TSLA, AMZN, MU, MDB, TER SNDK,BABA || TURBO RVAB/REBAR: (1 09/-3.67%) ADD 10 SSO SELL URA TRIM BABA || BOTTOM LINE: = LEADERS HIT HARD AMID ROTATION IN TO VALUE","SPYM,UPRO,550,TSLA, FER, HOOD, SOF), NVDA, MDB, HAL SNOW, PLTR",SPYM|UPRO|TSLA|TER|HOOD|SOFI|NVDA|MDB|HAL|SNOW|PLTR,,CORRECT:FER->TER|EXPAND:SOF->SOFI,RVAB/REBAR: [1.3:/-3.41%),1.3,,,ADD TO TER TRIM SSO,ADD TO TER TRIM SSO,ADD:TO TER|TRIM:SSO,false,"SPYM,550,UPRO,TSLA, AMZN, MU, MDB, TER SNDK,BABA",SPYM|UPRO|TSLA|AMZN|MU|MDB|TER|SNDK|BABA,,,RVAB/REBAR: (1 09/-3.67%),1,,,ADD 10 SSO SELL URA TRIM BABA,ADD 10 SSO SELL URA TRIM BABA,ADD:10 SSO|SELL:URA|TRIM:BABA,false,BOTTOM LINE: = LEADERS HIT HARD AMID ROTATION IN TO VALUE,= LEADERS HIT HARD AMID ROTATION IN TO VALUE
revere_20251105.png,2025-11-05,1,gro_turbo,threshold,72.00,ok,,"GRO HOLDINGS: SPYM,UPRO, 550, TSLA, TER, HOOD, SOF), NVDA, MDB, HAL SNOW, PLTR,CCJ || GRO RVAB/REBAR: (1.26/-5.26%) ADD TO TER BUY CCJ TRIM HOOD || TURBO HOLDINGS: SPYM,550,UPRQ, TSLA, AMZN, MU, MDB, TER, SNDK,BABA,LMND, SOF! || TURBO RVAB/REBAR: (1.43/-5.39%) ADD TO AMZN,SSO BUY, LMND, SOFI || BOTTOM LINE: -> LEADERS BOUNCE WITH LATE FADE INTO CLOSE","SPYM,UPRO, 550, TSLA, TER, HOOD, SOF), NVDA, MDB, HAL SNOW, PLTR,CCJ",SPYM|UPRO|TSLA|TER|HOOD|SOFI|NVDA|MDB|HAL|SNOW|PLTR|CCJ,,EXPAND:SOF->SOFI,RVAB/REBAR: (1.26/-5.26%),1.26,,,ADD TO TER BUY CCJ TRIM HOOD,ADD TO TER BUY CCJ TRIM HOOD,ADD:TO TER|BUY:CCJ|TRIM:HOOD,false,"SPYM,550,UPRQ, TSLA, AMZN, MU, MDB, TER, SNDK,BABA,LMND, SOF!",SPYM|UPRO|TSLA|AMZN|MU|MDB|TER|SNDK|BABA|LMND|SOFI,,CORRECT:UPRQ->UPRO|EXPAND:SOF->SOFI,RVAB/REBAR: (1.43/-5.39%),1.43,,,"ADD TO AMZN,SSO BUY, LMND, SOFI","ADD TO AMZN,SSO BUY, LMND, SOFI",ADD:TO AMZN|ADD:SSO,false,BOTTOM LINE: -> LEADERS BOUNCE WITH LATE FADE INTO CLOSE,-> LEADERS BOUNCE WITH LATE FADE INTO CLOSE
revere_20251119.png,2025-11-19,1,gro_turbo,threshold,80.00,ok,,"GRO HOLDINGS: SPYM.UPRO,GLD,NUGT,NVDA || GRO RVAB/REBAR: { /-3.03%) NO CHANGES || TURBO HOLDINGS: SPYM,UPRO,GLD SNDK.GH || TURBO RVAB/REBAR: ( /-3.08%) SELL MU IREN BUY GLD GH || BOTTOM LINE: > WEAK MARKET... CAN NVDA ER SAVE IT?","SPYM.UPRO,GLD,NUGT,NVDA",SPYM|UPRO|GLD|NUGT|NVDA,,,RVAB/REBAR: { /-3.03%),3.03,,,NO CHANGES,NO CHANGES,NO CHANGES,true,"SPYM,UPRO,GLD SNDK.GH",SPYM|UPRO|GLD|SNDK|GH,,SPLIT:SNDK.GH->SNDK+GH,RVAB/REBAR: ( /-3.08%),3.08,,,SELL MU IREN BUY GLD GH,SELL MU IREN BUY GLD GH,SELL:MU IREN|BUY:GLD GH,false,BOTTOM LINE: > WEAK MARKET... CAN NVDA ER SAVE IT?,> WEAK MARKET... CAN NVDA ER SAVE IT?
revere_20251230.png,2025-12-30,1,gro_turbo,threshold,65.00,review,MISSING_BOTTOM_LINE,"GRO HOLDINGS: SPYM,UPRO,550,GLO, SLY. TAN, LLY, TSLA,GOOG, NVDA,RKLE, CC) || GRO RVAB/REBAR: {1.34/-4.95%) SELL PLTR || TURBO HOLDINGS: 5PYM,S50,UPRO.URTY,GLO,SLY.NUGT.REMX, TSLA.GOOGL,PLALAB, TER SNDK LQDA RKLE || TURBO RVAB/REBAR: {1 87/-5.96%) BUY ALAB TRIM TSLA 4 BOTTOM LINE: ""AE°ALS BOUNCE, BUT SANTA'S ON STRIKE; SML CAPS BREAK J 21E","SPYM,UPRO,550,GLO, SLY. TAN, LLY, TSLA,GOOG, NVDA,RKLE, CC)",SPYM|UPRO|GLO|FSLY|TAN|LLY|TSLA|GOOGL|NVDA|RKLE|CCJ,,EXPAND:SLY->FSLY|EXPAND:GOOG->GOOGL|EXPAND:CC->CCJ,RVAB/REBAR: {1.34/-4.95%),1.34,,,SELL PLTR,SELL PLTR,SELL:PLTR,false,"5PYM,S50,UPRO.URTY,GLO,SLY.NUGT.REMX, TSLA.GOOGL,PLALAB, TER SNDK LQDA RKLE",SPYM|SSO|UPRO|URTY|GLO|SLY|NUGT|REMX|TSLA|GOOGL|PL|ALAB|TER|SNDK|LQDA|RKLE,,SPLIT:PLALAB->PL+ALAB,RVAB/REBAR: {1 87/-5.96%),1,,,"BUY ALAB TRIM TSLA 4 BOTTOM LINE: ""AE°ALS BOUNCE, BUT SANTA'S ON STRIKE; SML CAPS BREAK J 21E","BUY ALAB TRIM TSLA 4 BOTTOM LINE: ""AE°ALS BOUNCE, BUT SANTA'S ON STRIKE; SML CAPS BREAK J 21E","BUY:ALAB|TRIM:TSLA 4 BOTTOM LINE: ""AE°ALS BOUNCE|TRIM:BUT SANTA'S ON STRIKE; SML CAPS BREAK J 21E",false,,
revere_20251231.png,2025-12-31,1,gro_turbo,threshold,77.00,review,MISSING_BOTTOM_LINE,"GRO HOLDINGS: SPYM,UPRO,S50,GLD (LY, TSLA,GOOG,NVDA,RKL8,CCIMU || GRO RVAB/REBAR: {1.33/-4.28%) BUY MU SELL STV TAN || TURBO HOLDINGS: SPYM,550,UPRO,GLD,SLY,NUGT, AEMX, TSLA, GOOGL PL ALAB, TER SNOK,LADA,RKLS || TURBO RVAB/REBAR: (1.73/-4.42%) SELL URTY TRIM GLD NUGT","SPYM,UPRO,S50,GLD (LY, TSLA,GOOG,NVDA,RKL8,CCIMU",SPYM|UPRO|SSO|GLD|LLY|TSLA|GOOGL|NVDA|RKLB|CCIMU,,EXPAND:LY->LLY|EXPAND:GOOG->GOOGL,RVAB/REBAR: {1.33/-4.28%),1.33,,,BUY MU SELL STV TAN,BUY MU SELL STV TAN,BUY:MU|SELL:STV TAN,false,"SPYM,550,UPRO,GLD,SLY,NUGT, AEMX, TSLA, GOOGL PL ALAB, TER SNOK,LADA,RKLS",SPYM|UPRO|GLD|SLY|NUGT|REMX|TSLA|GOOGL|PL|ALAB|TER|SNOK|LQDA|RKLS,,CORRECT:AEMX->REMX|CORRECT:LADA->LQDA,RVAB/REBAR: (1.73/-4.42%),1.73,,,SELL URTY TRIM GLD NUGT,SELL URTY TRIM GLD NUGT,SELL:URTY|TRIM:GLD NUGT,false,,
revere_20260102.png,2026-01-02,1,gro_turbo,threshold,78.00,ok,,"GRO HOLDINGS: SPYM,UPRO,SSO,GLD,LLY,GO0G,NVDA,RKLB,CCIMU || GRO RVAB/REBAR: {1.04-4.57%) TRIM S50 SELL TSLA || TURBO HOLDINGS: SPYM,550,UPRO,GLD,SLY,REMX, TSLA,GOOGL,PL ALAB, TER, SNDK,RKLB,RDDT || TURBO RVAB/REBAR: (1.61/-5.43%) BUY RDDT TRIM TSLA SELL NUGT LQDA || BOTTOM LINE: =» SOFTWARE SLIDES, MEMORY [XPLODES, SEMIS & I NFRGY RALLY","SPYM,UPRO,SSO,GLD,LLY,GO0G,NVDA,RKLB,CCIMU",SPYM|UPRO|SSO|GLD|LLY|GOOGL|NVDA|RKLB|CCIMU,,EXPAND:GOOG->GOOGL,RVAB/REBAR: {1.04-4.57%),1.04,,,TRIM S50 SELL TSLA,TRIM S50 SELL TSLA,TRIM:S50|SELL:TSLA,false,"SPYM,550,UPRO,GLD,SLY,REMX, TSLA,GOOGL,PL ALAB, TER, SNDK,RKLB,RDDT",SPYM|UPRO|GLD|SLY|REMX|TSLA|GOOGL|PL|ALAB|TER|SNDK|RKLB|RDDT,,,RVAB/REBAR: (1.61/-5.43%),1.61,,,BUY RDDT TRIM TSLA SELL NUGT LQDA,BUY RDDT TRIM TSLA SELL NUGT LQDA,BUY:RDDT|TRIM:TSLA|SELL:NUGT LQDA,false,"BOTTOM LINE: =» SOFTWARE SLIDES, MEMORY [XPLODES, SEMIS & I NFRGY RALLY","=» SOFTWARE SLIDES, MEMORY [XPLODES, SEMIS & I NFRGY RALLY"
revere_20260105.png,2026-01-05,1,gro_turbo,threshold,80.00,ok,,"GRO HOLDINGS: SPYM,UPRO,S50,GLD,LLY,GOOG,NVDA,RKLB,CCI,MU,RDDT || GRO RVAB/REBAR: (1.41/-5.60%) ADD TO SSO GOOG CCJ BUY RDOT || TURBO HOLDINGS: SPYM,550,UPRO,GLD,5LV,REMX,TSLA,GOOGL, PL ALAB, TER, SNDK,RKLB,RDDT,RKT || TURBO RVAB/REBAR: (1.72/-6.05%) ADD TO RKLB BUY RKT || BOTTOM LINE: INDEXES COILING LIKE A SPRING; CRYPIO SHOWING SOME LIFE","SPYM,UPRO,S50,GLD,LLY,GOOG,NVDA,RKLB,CCI,MU,RDDT",SPYM|UPRO|SSO|GLD|LLY|GOOGL|NVDA|RKLB|CCI|MU|RDDT,,EXPAND:GOOG->GOOGL,RVAB/REBAR: (1.41/-5.60%),1.41,,,ADD TO SSO GOOG CCJ BUY RDOT,ADD TO SSO GOOG CCJ BUY RDOT,ADD:TO SSO GOOG CCJ|BUY:RDOT,false,"SPYM,550,UPRO,GLD,5LV,REMX,TSLA,GOOGL, PL ALAB, TER, SNDK,RKLB,RDDT,RKT",SPYM|UPRO|GLD|SLV|REMX|TSLA|GOOGL|PL|ALAB|TER|SNDK|RKLB|RDDT|RKT,,,RVAB/REBAR: (1.72/-6.05%),1.72,,,ADD TO RKLB BUY RKT,ADD TO RKLB BUY RKT,ADD:TO RKLB|BUY:RKT,false,BOTTOM LINE: INDEXES COILING LIKE A SPRING; CRYPIO SHOWING SOME LIFE,INDEXES COILING LIKE A SPRING; CRYPIO SHOWING SOME LIFE
revere_20260106.png,2026-01-06,1,gro_turbo,threshold,77.00,ok,,"GRO HOLDINGS: SPYM.UPRO,550,GLD,LLY.GODG,CC),RKLE.RODT,NVDA,RKT,MU,SNDK || GRO RVAB/REBAR: (1 45/-6.46%} BUY RKT SNDK || TURBO HOLDINGS: $7M,550,UPRO,GLD,SLY,REMX AKT RODT GOOGLAKLE, PL SNK, TER ZETA.VSCO,BTU || TURBO RVAB/REBAR: (1./9/-7.60%) ADD TO RKT BUY ZETA VSCO BTU SELL TSLA ALAB || BOTTOM LINE: AL: TIME HIGHS FOR ALL MAJOR INDEXES LXCLP1 QQQ; LDRS STRONG","SPYM.UPRO,550,GLD,LLY.GODG,CC),RKLE.RODT,NVDA,RKT,MU,SNDK",SPYM|UPRO|GLD|LLY|GODG|CC|RKLE|RODT|NVDA|RKT|MU|SNDK,,,RVAB/REBAR: (1 45/-6.46%},1,,,BUY RKT SNDK,BUY RKT SNDK,BUY:RKT SNDK,false,"$7M,550,UPRO,GLD,SLY,REMX AKT RODT GOOGLAKLE, PL SNK, TER ZETA.VSCO,BTU",MU|UPRO|GLD|SLY|REMX|AKT|RODT|GOOGL|AKLE|PL|SNK|TER|ZETA|VSCO|BTU,,CORRECT:7M->MU|SPLIT:GOOGLAKLE->GOOGL+AKLE,RVAB/REBAR: (1./9/-7.60%),1,,,ADD TO RKT BUY ZETA VSCO BTU SELL TSLA ALAB,ADD TO RKT BUY ZETA VSCO BTU SELL TSLA ALAB,ADD:TO RKT|BUY:ZETA VSCO BTU|SELL:TSLA ALAB,false,BOTTOM LINE: AL: TIME HIGHS FOR ALL MAJOR INDEXES LXCLP1 QQQ; LDRS STRONG,AL: TIME HIGHS FOR ALL MAJOR INDEXES LXCLP1 QQQ; LDRS STRONG
revere_20260107.png,2026-01-07,1,gro_turbo,threshold,72.00,review,MISSING_BOTTOM_LINE,"GRO HOLDINGS: SPYM,UPRO,550,GLD.LLY,GOOG,CC).RKLS, RDDT,NVDA, RKT,MU,SNDK || GRO RVAB/REBAR: (1.51/-6.43%) BUY LABU SLV || TURBO HOLDINGS: SPYMS50,UPRO,GLD,SLY,FEMX.RKT,RDDT,GOOGLRKLB PLSNOK TER ZETAVSCO8TY || TURBO RVAB/REBAR: {1.81/-7.61%) NO CHANGES. || BOTTOM LINE:","SPYM,UPRO,550,GLD.LLY,GOOG,CC).RKLS, RDDT,NVDA, RKT,MU,SNDK",SPYM|UPRO|GLD|LLY|GOOGL|CC|RKLS|RDDT|NVDA|RKT|MU|SNDK,,EXPAND:GOOG->GOOGL,RVAB/REBAR: (1.51/-6.43%),1.51,,,BUY LABU SLV,BUY LABU SLV,BUY:LABU SLV,false,"SPYMS50,UPRO,GLD,SLY,FEMX.RKT,RDDT,GOOGLRKLB PLSNOK TER ZETAVSCO8TY",MU|UPRO|GLD|SLY|REMX|AKT|RODT|GOOGL|AKLE|PL|SNK|TER|ZETA|VSCO|BTU,,SPLIT:SPYMSSO->SPYM+SSO|CORRECT:FEMX->REMX|SPLIT:GOOGLRKLB->GOOGL+RKLB|SPLIT:PLSNOK->PL+SNDK|SPLIT:ZETAVSCOBTY->BE+TA+SSO+BTU|INHERIT_NO_CHANGES:revere_20260106.png,RVAB/REBAR: {1.81/-7.61%),1.81,,,NO CHANGES.,NO CHANGES.,NO CHANGES,true,BOTTOM LINE:,
revere_20260108.png,2026-01-08,1,gro_turbo,threshold,77.00,review,MISSING_BOTTOM_LINE,"GRO HOLDINGS: SPYM,UPRO,S50,GLD, LLY, GOOG,CCJ,RKLB, RDDT,NVDA,RKT,MU,SNDK,8E || GRO RVAB/REBAR: (1.58/-6.24%) ADD TO SNDK BUY BE || TURBO HOLDINGS: $YM,550,UPRO,GLD,SLY,REMX,RKT,RDDT,GOOGL,RKLB, PL SNDK, TER ZETA,VSCO,8TU || TURBO RVAB/REBAR: {1.76/-7.10%) O-TRIM PL || BOTTOM LINE:","SPYM,UPRO,S50,GLD, LLY, GOOG,CCJ,RKLB, RDDT,NVDA,RKT,MU,SNDK,8E",SPYM|UPRO|SSO|GLD|LLY|GOOGL|CCJ|RKLB|RDDT|NVDA|RKT|MU|SNDK|BE,,EXPAND:GOOG->GOOGL,RVAB/REBAR: (1.58/-6.24%),1.58,,,ADD TO SNDK BUY BE,ADD TO SNDK BUY BE,ADD:TO SNDK|BUY:BE,false,"$YM,550,UPRO,GLD,SLY,REMX,RKT,RDDT,GOOGL,RKLB, PL SNDK, TER ZETA,VSCO,8TU",PYM|UPRO|GLD|SLY|REMX|RKT|RDDT|GOOGL|RKLB|PL|SNDK|TER|ZETA|VSCO|BTU,,EXPAND:YM->PYM,RVAB/REBAR: {1.76/-7.10%) O-,1.76,,,TRIM PL,TRIM PL,TRIM:PL,false,BOTTOM LINE:,
revere_20260109.png,2026-01-09,1,gro_turbo,threshold,63.00,ok,,"GRO HOLDINGS: SPYM,UPRO S50,GLD, LLY, GOOG,CCI,RKLB,RDDT,NVDA,RKT,MU,SNDK,BE || GRO RVAB/REBAR: {1.66/-6.79%) ADD TO RDDT || TURBO HOLDINGS: 571M 550,UPR0,GLD SLY REMC AKTADDT,GOOGL RELB PL SDK, TER ZETAVSCO BTU WTC. || TURBO RVAB/REBAR: (2 93/-7.92%) BUY INTC || BOTTOM LINE: 2 BI0AD BASED RALLY WH TL SEP 503 & SMALL CAFS MAK NG MLW ATH","SPYM,UPRO S50,GLD, LLY, GOOG,CCI,RKLB,RDDT,NVDA,RKT,MU,SNDK,BE",SPYM|UPRO|SSO|GLD|LLY|GOOGL|CCI|RKLB|RDDT|NVDA|RKT|MU|SNDK|BE,,EXPAND:GOOG->GOOGL,RVAB/REBAR: {1.66/-6.79%),1.66,,,ADD TO RDDT,ADD TO RDDT,ADD:TO RDDT,false,"571M 550,UPR0,GLD SLY REMC AKTADDT,GOOGL RELB PL SDK, TER ZETAVSCO BTU WTC.",SIMO|UPRO|GLD|SLY|REMX|GOOGL|RKLB|PL|SDK|TER|ZETA|VSCO|BTU|WTC,,EXPAND:S7IM->SIMO|CORRECT:REMC->REMX|CORRECT:RELB->RKLB|SPLIT:ZETAVSCO->ZETA+VSCO,RVAB/REBAR: (2 93/-7.92%),2,,,BUY INTC,BUY INTC,BUY:INTC,false,BOTTOM LINE: 2 BI0AD BASED RALLY WH TL SEP 503 & SMALL CAFS MAK NG MLW ATH,2 BI0AD BASED RALLY WH TL SEP 503 & SMALL CAFS MAK NG MLW ATH
revere_20260112.png,2026-01-12,1,gro_turbo,threshold,64.00,ok,,"GRO HOLDINGS: SPYM,UPRO,S50,GLD, LLY,G0OG,CC,RKLB,RDDT,NVDA,RKT,MU,SNDK BE AFRM APH, TSLL || GRO RVAB/REBAR; (. 73/-7.21%) BUY AFRM,APH,& TSLL || TURBO HOLDINGS: 56714,$50,UPRO.GLD.5LV,REMX.RKT, RDDT.GOOGL RKLB, PT, SND. TER ZETAVSCO, BTU INTC || TURBO RVAB/REBAR: (1.45/-7.98%) NO CHANGES || BOTTOM LINE: > BULLS 51Y THE GAP DOWN & T=E SEP SCO HITS NEW A © B'S","SPYM,UPRO,S50,GLD, LLY,G0OG,CC,RKLB,RDDT,NVDA,RKT,MU,SNDK BE AFRM APH, TSLL",SPYM|UPRO|SSO|GLD|LLY|GOOGL|CC|RKLB|RDDT|NVDA|RKT|MU|SNDK|BE|AFRM|APH|TSLL,,EXPAND:GOOG->GOOGL,RVAB/REBAR; (. 73/-7.21%),73,,,"BUY AFRM,APH,& TSLL","BUY AFRM,APH,& TSLL",BUY:AFRM|BUY:APH|BUY:& TSLL,false,"56714,$50,UPRO.GLD.5LV,REMX.RKT, RDDT.GOOGL RKLB, PT, SND. TER ZETAVSCO, BTU INTC",SIMO|UPRO|GLD|SLY|REMX|GOOGL|RKLB|PL|SDK|TER|ZETA|VSCO|BTU|WTC,,CORRECT:PT->PLTR|EXPAND:SND->SNDK|SPLIT:ZETAVSCO->ZETA+VSCO|INHERIT_NO_CHANGES:revere_20260109.png,RVAB/REBAR: (1.45/-7.98%),1.45,,,NO CHANGES,NO CHANGES,NO CHANGES,true,BOTTOM LINE: > BULLS 51Y THE GAP DOWN & T=E SEP SCO HITS NEW A © B'S,> BULLS 51Y THE GAP DOWN & T=E SEP SCO HITS NEW A © B'S
revere_20260112_2.png,2026-01-12,2,gro_turbo,threshold,73.00,ok,,"GRO HOLDINGS: SPYM,UPRO,S50,GLD,LLY,GODG,CCJ,RXLE,RDDT, NVDARKT, MU, SNDK,BE AFRM,APH,TSLL || GRO RVAB/REBAR: {1 73/-7.21%) BUY AFRM,APH,& TSLL || TURBO HOLDINGS: 5¢YM,550,UPRO,GLD.SLV,REMX,RKT.RDDT GOOGL RKLS,PL.SNDK, TER ZETA, VSCO, BTU,INTC || TURBO RVAB/REBAR: {1.95/-7.98%) NO CHANGES || BOTTOM LINE: = BULLS BUY THE GAP COWN & THE S&P 500 HITS NEW A T H'S","SPYM,UPRO,S50,GLD,LLY,GODG,CCJ,RXLE,RDDT, NVDARKT, MU, SNDK,BE AFRM,APH,TSLL",SPYM|UPRO|SSO|GLD|LLY|GODG|CCJ|RKLE|RDDT|NVDA|RKT|MU|SNDK|BE|AFRM|APH|TSLL,,CORRECT:RXLE->RKLE|SPLIT:NVDARKT->NVDA+RKT,RVAB/REBAR: {1 73/-7.21%),1,,,"BUY AFRM,APH,& TSLL","BUY AFRM,APH,& TSLL",BUY:AFRM|BUY:APH|BUY:& TSLL,false,"5¢YM,550,UPRO,GLD.SLV,REMX,RKT.RDDT GOOGL RKLS,PL.SNDK, TER ZETA, VSCO, BTU,INTC",SIMO|UPRO|GLD|SLY|REMX|GOOGL|RKLB|PL|SDK|TER|ZETA|VSCO|BTU|WTC,,CORRECT:S¢YM->SPYM|INHERIT_NO_CHANGES:revere_20260112.png,RVAB/REBAR: {1.95/-7.98%),1.95,,,NO CHANGES,NO CHANGES,NO CHANGES,true,BOTTOM LINE: = BULLS BUY THE GAP COWN & THE S&P 500 HITS NEW A T H'S,= BULLS BUY THE GAP COWN & THE S&P 500 HITS NEW A T H'S
revere_20260114.png,2026-01-14,1,gro_turbo,threshold,76.00,ok,,"SECTORS: I BPS CRYPTO MFTALS/RARF FARTHS SPACE J BY% USD TECH/SEMIS/MEGAS || GRO HOLDINGS: SPYM,UPRO,S50,GLD,SLV,LABU, LLY,GOOG,RDDT,CC),RKLB,APH,NVDA,BE,RKT,MU,SNDK, TSLL || GRO RVAB/REBAR: (1.67/-6.45%) O-TRIM SLV TRIM SSO SELL NVDA TSLL BUY EOSE ADD TO MU BE || TURBO HOLDINGS: SPYM,550,UPRO,GLD,SLV,REMX,LABU, INTC, RKT,GOOGL,RDDT,RKLB, SNDK, VSCO, PL, TER, BTU,LEU || TURBO RVAB/REBAR: (2.0//-7.34%) BUY LABU LEU SELL ZETA || BOTTOM LINE: MEGA CAP DRAGS INDEXES LOWER; CRYPTO AND ROCKS STRONG","SPYM,UPRO,S50,GLD,SLV,LABU, LLY,GOOG,RDDT,CC),RKLB,APH,NVDA,BE,RKT,MU,SNDK, TSLL",SPYM|UPRO|SSO|GLD|SLV|LABU|LLY|GOOGL|RDDT|CC|RKLB|APH|NVDA|BE|RKT|MU|SNDK|TSLL,,EXPAND:GOOG->GOOGL,RVAB/REBAR: (1.67/-6.45%) O-,1.67,,,TRIM SLV TRIM SSO SELL NVDA TSLL BUY EOSE ADD TO MU BE,TRIM SLV TRIM SSO SELL NVDA TSLL BUY EOSE ADD TO MU BE,TRIM:SLV|TRIM:SSO|SELL:NVDA TSLL|BUY:EOSE|ADD:TO MU BE,false,"SPYM,550,UPRO,GLD,SLV,REMX,LABU, INTC, RKT,GOOGL,RDDT,RKLB, SNDK, VSCO, PL, TER, BTU,LEU",SPYM|UPRO|GLD|SLV|REMX|LABU|INTC|RKT|GOOGL|RDDT|RKLB|SNDK|VSCO|PL|TER|BTU|LEU,,,RVAB/REBAR: (2.0//-7.34%),2.0,,,BUY LABU LEU SELL ZETA,BUY LABU LEU SELL ZETA,BUY:LABU LEU|SELL:ZETA,false,BOTTOM LINE: MEGA CAP DRAGS INDEXES LOWER; CRYPTO AND ROCKS STRONG,MEGA CAP DRAGS INDEXES LOWER; CRYPTO AND ROCKS STRONG
revere_20260115.png,2026-01-15,1,gro_turbo,threshold,56.00,review,MISSING_BOTTOM_LINE|LOW_OCR_CONFIDENCE,"GRO HOLDINGS: SPYM.UPRO, 550,60 51V.LABU.LY,GOOG, CC) AKLELAPH, BE RKT AS SHOX, || GRO RVAB/REBAR: {* 70/-6.30%] ADD TO APH TRIM LLY SELL RDDT || TURBO HOLDINGS: 59144.550,0780,G10.SLY AEWA LAB MTC AKT GOOGLAKLA SHOX SCO SL TER TULL || TURBO RVAB/REBAR: © 57/-6.86%) O-TRIM SNDK PL SELL RDDT * || BOTTOM LINE:","SPYM.UPRO, 550,60 51V.LABU.LY,GOOG, CC) AKLELAPH, BE RKT AS SHOX,",SPYM|UPRO|SLV|LABU|LLY|GOOGL|CC|RKLE|APH|BE|RKT|FAS|SHOX,,CORRECT:SIV->SLV|EXPAND:LY->LLY|EXPAND:GOOG->GOOGL|SPLIT:AKLELAPH->RKLE+APH|EXPAND:AS->FAS,RVAB/REBAR: {* 70/-6.30%],70,,,ADD TO APH TRIM LLY SELL RDDT,ADD TO APH TRIM LLY SELL RDDT,ADD:TO APH|TRIM:LLY|SELL:RDDT,false,"59144.550,0780,G10.SLY AEWA LAB MTC AKT GOOGLAKLA SHOX SCO SL TER TULL",GIO|SLY|ZETA|LABU|INTC|AKT|GOOGL|AKLE|SHOX|VSCO|SLV|TER|TSLA,,CORRECT:AEWA->ZETA|EXPAND:LAB->LABU|CORRECT:MTC->INTC|SPLIT:GOOGLAKLA->GOOGL+AKLE|EXPAND:SCO->VSCO|EXPAND:SL->SLV|CORRECT:TULL->TSLA,RVAB/REBAR: © 57/-6.86%) O-,57,,,TRIM SNDK PL SELL RDDT *,TRIM SNDK PL SELL RDDT *,TRIM:SNDK PL|SELL:RDDT *,false,BOTTOM LINE:,
revere_20260116.png,2026-01-16,1,gro_turbo,threshold,67.00,review,MISSING_BOTTOM_LINE,"GRO HOLDINGS: SPYM,UPRD,550,GLD,SLV,LABU,LLY, GOOG, LCI, RKLB, APH, BE,RKT, MU, SNDK,FNGD. || GRO RVAB/REBAR: {1.43/-6.31%) O-TRIM RKB AOD TO LABU [INN || TURBO HOLDINGS: 59Y8.550.UPRO,GLD.SLV AEM ABU INTC AKT GODGLRKLE, SNDKNSCO,PLTER STU.LEU || TURBO RVAB/REBAR: (1.92/-6.93%) O-TRIM RKLB ADD TO LEU || BOTTOM LINE:","SPYM,UPRD,550,GLD,SLV,LABU,LLY, GOOG, LCI, RKLB, APH, BE,RKT, MU, SNDK,FNGD.",SPYM|UPRD|GLD|SLV|LABU|LLY|GOOGL|CCI|RKLB|APH|BE|RKT|MU|SNDK|INGD,,EXPAND:GOOG->GOOGL|CORRECT:LCI->CCI|CORRECT:FNGD->INGD,RVAB/REBAR: {1.43/-6.31%) O-,1.43,,,TRIM RKB AOD TO LABU [INN,TRIM RKB AOD TO LABU [INN,TRIM:RKB AOD TO LABU [INN,false,"59Y8.550.UPRO,GLD.SLV AEM ABU INTC AKT GODGLRKLE, SNDKNSCO,PLTER STU.LEU",SUB|SSO|UPRO|GLD|SLV|AEM|LABU|INTC|AKT|GOOGL|RKLE|SNDK|VSCO|PLTR|STU|LEU,,CORRECT:S9YB->SUB|EXPAND:ABU->LABU|SPLIT:GODGLRKLE->GOOGL+RKLE|SPLIT:SNDKNSCO->SNDK+VSCO|CORRECT:PLTER->PLTR,RVAB/REBAR: (1.92/-6.93%) O-,1.92,,,TRIM RKLB ADD TO LEU,TRIM RKLB ADD TO LEU,TRIM:RKLB|ADD:TO LEU,false,BOTTOM LINE:,
revere_20260122.png,2026-01-22,1,gro_turbo,threshold,49.00,review,LOW_OCR_CONFIDENCE,"GRO HOLDINGS: SP1H4.UR0.550,USRP.GLD,SLY.LABI NAIL GOOG APH.LY, CBE MUJONQ.AKLB EOS SHDK TSLL || GRO RVAB/REBAR: (1 ¢IF-6.48%) BUY TSLL ADD TO URSP RKLB || TURBO HOLDINGS: SID S50 URE REMI WTC GOOGLIEU SADR ITU VS SBA PLT TER AL SUB TSM SELIREG || TURBO RVAB/REBAR: (* + 3/-8.35%) BUY ARKG ADD TO LEU || BOTTOM LINE: MIA LE TECE RALLY WATH STRONG BREADTH","SP1H4.UR0.550,USRP.GLD,SLY.LABI NAIL GOOG APH.LY, CBE MUJONQ.AKLB EOS SHDK TSLL",SPYM|UPRO|SSO|USRP|GLD|SLY|LABU|NAIL|GOOGL|APLD|BE|MU|IONQ|RKLB|EOSE|SHDK|TSLL,,CORRECT:SPIH4->SPYM|CORRECT:URO->UPRO|CORRECT:LABI->LABU|EXPAND:GOOG->GOOGL|CORRECT:APH.LY->APLD|CORRECT:CBE->BE|SPLIT:MUJONQ->MU+IONQ|CORRECT:AKLB->RKLB|EXPAND:EOS->EOSE,RVAB/REBAR: (1 ¢IF-6.48%),1,,,BUY TSLL ADD TO URSP RKLB,BUY TSLL ADD TO URSP RKLB,BUY:TSLL|ADD:TO URSP RKLB,false,SID S50 URE REMI WTC GOOGLIEU SADR ITU VS SBA PLT TER AL SUB TSM SELIREG,SNDK|SSO|UREO|REMX|WTC|GOOGL|LEU|INTC|AVS|TSLA|PLTR|TER|HAL|SUB|TSM|SE|IREN,,CORRECT:SID->SNDK|EXPAND:URE->UREO|CORRECT:REMI->REMX|SPLIT:GOOGLIEU->GOOGL+LEU|CORRECT:SADR->SNDK|CORRECT:ITU->INTC|EXPAND:VS->AVS|CORRECT:SBA->TSLA|EXPAND:PLT->PLTR|EXPAND:AL->HAL|SPLIT:SELIREG->SE+IREN,RVAB/REBAR: (* + 3/-8.35%),3,,,BUY ARKG ADD TO LEU,BUY ARKG ADD TO LEU,BUY:ARKG|ADD:TO LEU,false,BOTTOM LINE: MIA LE TECE RALLY WATH STRONG BREADTH,MIA LE TECE RALLY WATH STRONG BREADTH
revere_20260123.png,2026-01-23,1,gro_turbo,threshold,46.00,review,LOW_OCR_CONFIDENCE,"GRO HOLDINGS: 59184,UP40,550,USRPGLD SLY LABU, MAIL GOOG APHALY CELE UAL ERLE €OSE SHOE TSM || GRO RVAB/REBAR: {L.54/-5.63%) SELL ONG || TURBO HOLDINGS: SOI 50,0080 6 51 LB HB 0, TC GOAL 406 4T 450.058 INT SERPA 60. || TURBO RVAB/REBAR: (1 #.5/-6.27%} SELL SE( || BOTTOM LINE: 3 8775 © 70 30 AAN","59184,UP40,550,USRPGLD SLY LABU, MAIL GOOG APHALY CELE UAL ERLE €OSE SHOE TSM",UPRO|USRP|GLD|SLY|LABU|MRVL|GOOGL|APH|RALY|DELL|NAIL|EOSE|SHOE|TSM,,CORRECT:UP4O->UPRO|SPLIT:USRPGLD->USRP+GLD|CORRECT:MAIL->MRVL|EXPAND:GOOG->GOOGL|SPLIT:APHALY->APH+RALY|CORRECT:CELE->DELL|CORRECT:UAL->NAIL|CORRECT:ERLE->EOSE|EXPAND:OSE->EOSE,RVAB/REBAR: {L.54/-5.63%),54,,,SELL ONG,SELL ONG,SELL:ONG,false,"SOI 50,0080 6 51 LB HB 0, TC GOAL 406 4T 450.058 INT SERPA 60.",SNOK|LABU|B|WTC|GOOGL|I|INTC|SERV,,CORRECT:SOI->SNOK|CORRECT:LB->LABU|CORRECT:HB->B|EXPAND:TC->WTC|CORRECT:GOAL->GOOGL|CORRECT:4T->I|EXPAND:INT->INTC|CORRECT:SERPA->SERV,RVAB/REBAR: (1 #.5/-6.27%},1,,,SELL SE(,SELL SE(,SELL:SE(,false,BOTTOM LINE: 3 8775 © 70 30 AAN,3 8775 © 70 30 AAN
revere_20260126.png,2026-01-26,1,gro_turbo,threshold,55.00,review,LOW_OCR_CONFIDENCE,"GRO HOLDINGS: 57¥14,0720.550.\58P.GLD.SUY.LABU MAI GOOG ABN ALY, C0LBE MU RKLB E056 OK TSLLKTOS || GRO RVAB/REBAR: (: <0/-5.74%) EUY KTOS O-TRMSLY (IEEE TAM RIS || TURBO HOLDINGS: SN 50,001.40 0 MCAD ARGH OOCLSHOR ATED AAP RA ILASN, || TURBO RVAB/REBAR: {.(:3/-5.94%) ADD 10 BABA O-TRIM SLV REMX SELL LEU || BOTTOM LINE: NL: 5 LEAD, , & POTENTIAL CLIMAX ON SILVER?","57¥14,0720.550.\58P.GLD.SUY.LABU MAI GOOG ABN ALY, C0LBE MU RKLB E056 OK TSLLKTOS",GOO|SSO|USRP|GLD|SPYM|LABU|NAIL|GOOGL|RALY|COOTE|MU|RKLB|GOOG|NOK|TSLA|KTOS,,EXPAND:O72O->GOO|CORRECT:SBP->USRP|CORRECT:SUY->SPYM|CORRECT:MAI->NAIL|EXPAND:GOOG->GOOGL|CORRECT:ABN->LABU|EXPAND:ALY->RALY|CORRECT:COLBE->COOTE|CORRECT:EOSG->GOOG|EXPAND:OK->NOK|SPLIT:TSLLKTOS->TSLA+KTOS,RVAB/REBAR: (: <0/-5.74%) EUY KTOS O-TRMSLY (IEEE TAM RIS,0,,,,,,false,"SN 50,001.40 0 MCAD ARGH OOCLSHOR ATED AAP RA ILASN,",SNK|RVAD|ARKG|OOCN|SOR|APLD|AAPL|URA|LASS,,EXPAND:SN->SNK|CORRECT:MCAD->RVAD|CORRECT:ARGH->ARKG|SPLIT:OOCLSHOR->OOCN+SOR|CORRECT:ATED->APLD|EXPAND:AAP->AAPL|EXPAND:RA->URA|CORRECT:ILASN->LASS,RVAB/REBAR: {.(:3/-5.94%),3,,,ADD 10 BABA O-TRIM SLV REMX SELL LEU,ADD 10 BABA O-TRIM SLV REMX SELL LEU,ADD:10 BABA O-|TRIM:SLV REMX|SELL:LEU,false,"BOTTOM LINE: NL: 5 LEAD, , & POTENTIAL CLIMAX ON SILVER?","NL: 5 LEAD, , & POTENTIAL CLIMAX ON SILVER?"
revere_20260127.png,2026-01-27,1,gro_turbo,threshold,54.00,review,LOW_OCR_CONFIDENCE|SUSPICIOUS_GRO_TICKERS,"GRO HOLDINGS:SERMUMNO SSO USAR A CAPS UAN JIT} COOC.AM CENT UN ANSMESN ROS MO SNO. SU NOX || GRO RVAB/REBAR: (1.56/-7.00%) SUV 6A WOM WA SEU COSE STY [MERE VOM NAN || TURBO HOLDINGS: 5PYM,S50,UPRO.GLD. SLY. REMX LABL, ARKG PPLY. BABA, GOOGL INTC ATU, TER CRWD, FIGR SNOK AKLS.PL SEM. || TURBO RVAB/REBAR: (1.75,-6.72%) BUY CRWD FIGR SELL VSCO || BOTTOM LINE: LLADLRS FLEX AS S&PSU0 RECLAINGS A-T-H; FF OMC & KEY E-R ON OLCK",SERMUMNO SSO USAR A CAPS UAN JIT} COOC.AM CENT UN ANSMESN ROS MO SNO. SU NOX,SERV|UPNO|SSO|USAR|A|CAPS|IBIT|CC|ORAM|FTNT|UNE|ANSME|SE|BROS|MOB|SNOW|SUV|SNOX,ANSME,SPLIT:SERMUMNO->SERV+UPNO|CORRECT:UAN->USAR|CORRECT:JIT->IBIT|SPLIT:COOC.AM->CC+ORAM|CORRECT:CENT->FTNT|EXPAND:UN->UNE|SPLIT:ANSMESN->ANSME+SE|EXPAND:ROS->BROS|EXPAND:MO->MOB|EXPAND:SNO->SNOW|EXPAND:SU->SUV|EXPAND:NOX->SNOX,RVAB/REBAR: (1.56/-7.00%) SUV 6A WOM WA SEU COSE STY [MERE VOM NAN,1.56,,,,,,false,"5PYM,S50,UPRO.GLD. SLY. REMX LABL, ARKG PPLY. BABA, GOOGL INTC ATU, TER CRWD, FIGR SNOK AKLS.PL SEM.",SPYM|SSO|UPRO|GLD|FSLY|REMX|LABL|ARKG|APLD|BABA|GOOGL|INTC|LABU|TER|CRWD|FIGR|SNOK|RKLS|PL|TSEM,,EXPAND:SLY->FSLY|CORRECT:PPLY->APLD|CORRECT:ATU->LABU|SPLIT:AKLS.PL->RKLS+PL|EXPAND:SEM->TSEM,"RVAB/REBAR: (1.75,-6.72%)",1.75,,,BUY CRWD FIGR SELL VSCO,BUY CRWD FIGR SELL VSCO,BUY:CRWD FIGR|SELL:VSCO,false,BOTTOM LINE: LLADLRS FLEX AS S&PSU0 RECLAINGS A-T-H; FF OMC & KEY E-R ON OLCK,LLADLRS FLEX AS S&PSU0 RECLAINGS A-T-H; FF OMC & KEY E-R ON OLCK
revere_20260128.png,2026-01-28,1,gro_turbo,threshold,50.00,review,LOW_OCR_CONFIDENCE,"GRO HOLDINGS: WHA UPRO, 550 LAR: THA 600, WG MI LABL RAZZ GOOG AMM CC, 80 11Y 4 REUSKTON MH SHOK TR SROK. || GRO RVAB/REBAR:; (: :1}/-6.96%} SELL DUST TRIM APH || TURBO HOLDINGS: 19934 550 #1) CU 51¥ ERK, LASS ARKG #11, 848A GOOGL WTC APL TEA CHAO KOL SOR WLS THA GY. || TURBO RVAB/REBAR: (. =. -7.95%) BUY GEV || BOTTOM LINE: EAE TALS STRONT","WHA UPRO, 550 LAR: THA 600, WG MI LABL RAZZ GOOG AMM CC, 80 11Y 4 REUSKTON MH SHOK TR SROK.",ETHA|UPRO|PLTR|WGMI|LABL|RALY|GOOGL|ARM|CC|IBIT|RES|KTOS|MU|SNDK|TRI,,MERGE:WG+MI->WGMI|CORRECT:WHA->ETHA|CORRECT:LAR->PLTR|EXPAND:THA->ETHA|CORRECT:RAZZ->RALY|EXPAND:GOOG->GOOGL|CORRECT:AMM->ARM|CORRECT:IIY->IBIT|SPLIT:REUSKTON->RES+KTOS|CORRECT:MH->MU|CORRECT:SHOK->SNDK|EXPAND:TR->TRI|CORRECT:SROK->SNDK,RVAB/REBAR:; (: :1}/-6.96%},1,,,SELL DUST TRIM APH,SELL DUST TRIM APH,SELL:DUST|TRIM:APH,false,"19934 550 #1) CU 51¥ ERK, LASS ARKG #11, 848A GOOGL WTC APL TEA CHAO KOL SOR WLS THA GY.",CU|ARKG|LASS|BABA|GOOGL|WTC|AAPL|TEA|CRDO|SOXL|SOR|TWLO|ETHA|GH,,CORRECT:ERK->ARKG|CORRECT:B4BA->BABA|EXPAND:APL->AAPL|CORRECT:CHAO->CRDO|CORRECT:KOL->SOXL|CORRECT:WLS->TWLO|EXPAND:THA->ETHA|CORRECT:GY->GH,RVAB/REBAR: (. =. -7.95%),7.95,,,BUY GEV,BUY GEV,BUY:GEV,false,BOTTOM LINE: EAE TALS STRONT,EAE TALS STRONT
revere_20260129.png,2026-01-29,1,gro_turbo,threshold,38.00,review,MISSING_GRO_ACTION_LINE|MISSING_TURBO_HOLDINGS|MISSING_BOTTOM_LINE|LOW_OCR_CONFIDENCE|SUSPICIOUS_GRO_TICKERS,"GRO HOLDINGS: TRI MMS 110 VIST 1508 GAD WIOVE LA) IAI G00, ABE CC ALS 1104 40, I S000 GRO RYAB/REBAR: {* + / 6 31%) SEU SA TS UY (EEE TURBO HOON: 3A 150 73 CUL VT OH ARG. BAA EXEL A HT THI MLB LH SOY || TURBO RVAB/REBAR: {: 6.61%) SELL FIGR CRWD O-TRMA GLD BOTTOMUNE ""1. "" MSFT ISLAY - HW TAD FA IT ETO","TRI MMS 110 VIST 1508 GAD WIOVE LA) IAI G00, ABE CC ALS 1104 40, I S000 GRO RYAB/REBAR: {* + / 6 31%) SEU SA TS UY (EEE TURBO HOON: 3A 150 73 CUL VT OH ARG. BAA EXEL A HT THI MLB LH SOY",TRI|HIMS|VIAV|GLD|WIOVE|LAB|IBIT|GOOG|BE|CC|TALS|I|HOOD|RKLB|SE|SATS|UY|EEE|A|CRCL|NVT|GH|ARM|BAA|FCEL|T|THIE|MOB|SPYM,WIOVE,MERGE:SA+TS->SATS|CORRECT:MMS->HIMS|CORRECT:VIST->VIAV|CORRECT:GAD->GLD|EXPAND:LA->LAB|CORRECT:IAI->IBIT|EXPAND:GOO->GOOG|CORRECT:ABE->BE|EXPAND:ALS->TALS|CORRECT:SOOO->HOOD|CORRECT:RYAB->RKLB|CORRECT:SEU->SE|CORRECT:HOON->HOOD|CORRECT:3A->A|CORRECT:CUL->CRCL|EXPAND:VT->NVT|CORRECT:OH->GH|CORRECT:ARG->ARM|CORRECT:EXEL->FCEL|CORRECT:HT->T|EXPAND:THI->THIE|CORRECT:MLB->MOB|CORRECT:LH->GH|CORRECT:SOY->SPYM,,,,,,,,false,,,,,RVAB/REBAR: {: 6.61%),6.61,,,"SELL FIGR CRWD O-TRMA GLD BOTTOMUNE ""1. "" MSFT ISLAY - HW TAD FA IT ETO","SELL FIGR CRWD O-TRMA GLD BOTTOMUNE ""1. "" MSFT ISLAY - HW TAD FA IT ETO","SELL:FIGR CRWD O-TRMA GLD BOTTOMUNE ""1. "" MSFT ISLAY - HW TAD FA IT ETO",false,,
revere_20260130.png,2026-01-30,1,gro_turbo,threshold,68.00,ok,,"GRO HOLDINGS: SPYM,UPRO,SS0,USRP,GLD, GOOG, APH,CCI,BE || GRO RVAB/REBAR: (1.09/-4.68%) O SEW SWOXMY OEM OO SEUS WA ROS WASN AA EAS ISU [EEN || TURBO HOLDINGS: SPYM,SS0,UPRO, BABA, GOOGLINTC, BTU,TER SNOK KLE, PL,TSEM, GEV || TURBO RVAB/REBAR: {1.36/-5.47%) O-TRIM SNOK SELL ARKG LABU REMX GLD SLV PPLT || BOTTOM LINE: 9 PARABOLIC MOVES USUALLY COME TO AN ABRUPT END","SPYM,UPRO,SS0,USRP,GLD, GOOG, APH,CCI,BE",SPYM|UPRO|SSO|USRP|GLD|GOOGL|APH|CCI|BE,,EXPAND:GOOG->GOOGL,RVAB/REBAR: (1.09/-4.68%) O SEW SWOXMY OEM OO SEUS WA ROS WASN AA EAS ISU [EEN,1.09,,,,,,false,"SPYM,SS0,UPRO, BABA, GOOGLINTC, BTU,TER SNOK KLE, PL,TSEM, GEV",SPYM|SSO|UPRO|BABA|GOOGL|INTC|BTU|TER|SNOK|RKLE|PL|TSEM|GEV,,SPLIT:GOOGLINTC->GOOGL+INTC|EXPAND:KLE->RKLE,RVAB/REBAR: {1.36/-5.47%) O-,1.36,,,TRIM SNOK SELL ARKG LABU REMX GLD SLV PPLT,TRIM SNOK SELL ARKG LABU REMX GLD SLV PPLT,TRIM:SNOK|SELL:ARKG LABU REMX GLD SLV PPLT,false,BOTTOM LINE: 9 PARABOLIC MOVES USUALLY COME TO AN ABRUPT END,9 PARABOLIC MOVES USUALLY COME TO AN ABRUPT END
revere_20260202.png,2026-02-02,1,gro_turbo,threshold,51.00,review,LOW_OCR_CONFIDENCE,"GRO HOLDINGS: SPYM.UPRO.SS0,USRP.GLD.GOOG,APH,CC) BE AAPL || GRO RVAB/REBAR: {: _1/-5.20%) BUY AAPL ADD TO URSP || TURBO HOLDINGS: SPYM,SSO,UPRO,8ABA GOOGLINTC, STU, TER SNOK AKL, TSEM GEV. || TURBO RVAB/REBAR: {- 1, 5.28%) SELL PL || BOTTOM LINE: 3 ""IT THIS 17 AS L264 3 6 A 120% IND LLRS L%","SPYM.UPRO.SS0,USRP.GLD.GOOG,APH,CC) BE AAPL",SPYM|UPRO|SSO|USRP|GLD|GOOGL|APH|CC|BE|AAPL,,EXPAND:GOOG->GOOGL,RVAB/REBAR: {: _1/-5.20%),5.20,,,BUY AAPL ADD TO URSP,BUY AAPL ADD TO URSP,BUY:AAPL|ADD:TO URSP,false,"SPYM,SSO,UPRO,8ABA GOOGLINTC, STU, TER SNOK AKL, TSEM GEV.",SPYM|SSO|UPRO|BABA|GOOGL|INTC|STU|TER|SNOK|AKLE|TSEM|GEV,,SPLIT:GOOGLINTC->GOOGL+INTC|EXPAND:AKL->AKLE,"RVAB/REBAR: {- 1, 5.28%)",1,,,SELL PL,SELL PL,SELL:PL,false,"BOTTOM LINE: 3 ""IT THIS 17 AS L264 3 6 A 120% IND LLRS L%","3 ""IT THIS 17 AS L264 3 6 A 120% IND LLRS L%"
revere_20260203.png,2026-02-03,1,gro_turbo,threshold,61.00,ok,,"GRO HOLDINGS: SPYM,UPRO,550,USRP.6LD,JLLC00G, A4PL BE CC) || GRO RVAB/REBAR: (1.12/-5.10%) ADD TO AAPL SELL APH [ENE || TURBO HOLDINGS: SEY, SSO,UPRO, JINTC GEV,600GL, TOL TER, BTU, SNOX,RKLB,TSEM || TURBO RVAB/REBAR: (1.3:/-5.58%) SELL BAA [EEN =UV RO || BOTTOM LINE: SOFTWARE DRAGS BIG TECH LOWER; LLADLRS OF, NOEXES PLY BOUNCE","SPYM,UPRO,550,USRP.6LD,JLLC00G, A4PL BE CC)",SPYM|UPRO|USRP|GLD|JJLL|GOOG|AAPL|BE|CC,,SPLIT:JLLCOOG->JJLL+GOOG|EXPAND:A4PL->AAPL,RVAB/REBAR: (1.12/-5.10%),1.12,,,ADD TO AAPL SELL APH [ENE,ADD TO AAPL SELL APH [ENE,ADD:TO AAPL|SELL:APH [ENE,false,"SEY, SSO,UPRO, JINTC GEV,600GL, TOL TER, BTU, SNOX,RKLB,TSEM",SEYM|SSO|UPRO|JINTC|GEV|GOOGL|TOL|TER|BTU|SNOX|RKLB|TSEM,,EXPAND:SEY->SEYM,RVAB/REBAR: (1.3:/-5.58%),1.3,,,SELL BAA [EEN =UV RO,SELL BAA [EEN =UV RO,SELL:BAA [EEN =UV RO,false,"BOTTOM LINE: SOFTWARE DRAGS BIG TECH LOWER; LLADLRS OF, NOEXES PLY BOUNCE","SOFTWARE DRAGS BIG TECH LOWER; LLADLRS OF, NOEXES PLY BOUNCE"
revere_20260204.png,2026-02-04,1,gro_turbo,threshold,81.00,ok,,"GRO HOLDINGS: SPYM,UPRO,USKP,GL0,JJLLCOOS,AAPL BE || GRO RVAB/REBAR: (0.86/-4.18%) BUY RSP SELL SSO CC) TRIM BE || TURBO HOLDINGS: SPYM,S50,UPRO, JLLNTC,GEV,GOOGL TOL TER SNDK, ENPH || TURBO RVAB/REBAR: (1.33/-5.37%) BUY ENPH SELL TSEM RKL8 BTU || BOTTOM LINE: 9 BIG BIFURCATION BETWEEN GROWTH/TECH AND VALUE","SPYM,UPRO,USKP,GL0,JJLLCOOS,AAPL BE",SPYM|UPRO|USKP|GLO|JJLL|COOS|AAPL|BE,,SPLIT:JJLLCOOS->JJLL+COOS,RVAB/REBAR: (0.86/-4.18%),0.86,,,BUY RSP SELL SSO CC) TRIM BE,BUY RSP SELL SSO CC) TRIM BE,BUY:RSP|SELL:SSO CC)|TRIM:BE,false,"SPYM,S50,UPRO, JLLNTC,GEV,GOOGL TOL TER SNDK, ENPH",SPYM|SSO|UPRO|JL|INTC|GEV|GOOGL|TOL|TER|SNDK|ENPH,,SPLIT:JLLNTC->JL+INTC,RVAB/REBAR: (1.33/-5.37%),1.33,,,BUY ENPH SELL TSEM RKL8 BTU,BUY ENPH SELL TSEM RKL8 BTU,BUY:ENPH|SELL:TSEM RKL8 BTU,false,BOTTOM LINE: 9 BIG BIFURCATION BETWEEN GROWTH/TECH AND VALUE,9 BIG BIFURCATION BETWEEN GROWTH/TECH AND VALUE
revere_20260205.png,2026-02-05,1,gro_turbo,threshold,59.00,review,MISSING_TURBO_HOLDINGS|LOW_OCR_CONFIDENCE,"GRO HOLDINGS: $PVM,UPR0,USRP,GLD JIIIG006, AVP BE || GRO RVAB/REBAR: { 1 -1/ 3 27%] NO TRADES TURBO HO DRNGS: 58,550 JBNTC GEV, GOOGL TOL TER, SNDX || TURBO RVAB/REBAR: (~~: / 1.61%) SELL ENPH UPRO TRIM GOOGL O-TRIM MLTZ || BOTTOM LINE: < BIG THOM GROWTH WEAKNESS PUSH S&P NEGATIVE ON YEAR","$PVM,UPR0,USRP,GLD JIIIG006, AVP BE",SPVM|UPRO|USRP|GLD|JIII|GOOG|AAPL|BE,,EXPAND:PVM->SPVM|SPLIT:JIIIGOOG->JIII+GOOG|CORRECT:AVP->AAPL,"RVAB/REBAR: { 1 -1/ 3 27%] NO TRADES TURBO HO DRNGS: 58,550 JBNTC GEV, GOOGL TOL TER, SNDX",,1,3,,,,false,,,,,RVAB/REBAR: (~~: / 1.61%),1.61,,,SELL ENPH UPRO TRIM GOOGL O-TRIM MLTZ,SELL ENPH UPRO TRIM GOOGL O-TRIM MLTZ,SELL:ENPH UPRO|TRIM:GOOGL O-|TRIM:MLTZ,false,BOTTOM LINE: < BIG THOM GROWTH WEAKNESS PUSH S&P NEGATIVE ON YEAR,< BIG THOM GROWTH WEAKNESS PUSH S&P NEGATIVE ON YEAR
revere_20260206.png,2026-02-06,1,gro_turbo,threshold,76.00,ok,,"GRO HOLDINGS: SPYM,UPRO,USRP, TNA,GLD JI GOOG,AAPL BE, GEV || GRO RVAB/REBAR: {0.115/-4.90%) BUY GEV, TNA || TURBO HOLDINGS: SPYM, 50, JINTC,GEV,GOOGL, TOL TER SNDK || TURBO RVAB/REBAR: (1.10/-5 33%) NO CHANGES || BOTTOM LINE: TECH REBOUNDS, DOW 50K, MID'S EQUAL WT HIGHS","SPYM,UPRO,USRP, TNA,GLD JI GOOG,AAPL BE, GEV",SPYM|UPRO|USRP|TNA|GLD|JI|GOOGL|AAPL|BE|GEV,,EXPAND:GOOG->GOOGL,RVAB/REBAR: {0.115/-4.90%),0.115,,,"BUY GEV, TNA","BUY GEV, TNA",BUY:GEV|BUY:TNA,false,"SPYM, 50, JINTC,GEV,GOOGL, TOL TER SNDK",SPYM|JINTC|GEV|GOOGL|TOL|TER|SNDK,,,RVAB/REBAR: (1.10/-5 33%),1.10,,,NO CHANGES,NO CHANGES,NO CHANGES,true,"BOTTOM LINE: TECH REBOUNDS, DOW 50K, MID'S EQUAL WT HIGHS","TECH REBOUNDS, DOW 50K, MID'S EQUAL WT HIGHS"
revere_20260209.png,2026-02-09,1,gro_only,threshold,46.00,review,LOW_OCR_CONFIDENCE,"GRO HOLDINGS: SVN, LENO USER, TUA GUO FLIC00G,ANPL AVDA BE, GEV SHOE || GRO RVAB/REDAR (© '/ 5 19%) BUY NVOA « SOK TURBO OLDINGS. PAT SSO THA, COOS JIN GEV COOTE, TOU TER SOX AA 00CH TURBO RVAD/REBAR (1°. / 1 BIT] BY TNA COPX DOCH AA || BOTTOM LINE. + . CEA SY -","SVN, LENO USER, TUA GUO FLIC00G,ANPL AVDA BE, GEV SHOE",SVN|LUNR|USRP|TUA|GOOG|FLY|AAPL|AVDA|BE|GEV|SHOE,,CORRECT:LENO->LUNR|CORRECT:USER->USRP|CORRECT:GUO->GOOG|SPLIT:FLICOOG->FLY+GOOG|CORRECT:ANPL->AAPL,RVAB/REDAR (© '/ 5 19%),5,,,"BUY NVOA « SOK TURBO OLDINGS. PAT SSO THA, COOS JIN GEV COOTE, TOU TER SOX AA 00CH TURBO RVAD/REBAR (1°. / 1 BIT] BY TNA COPX DOCH AA","BUY NVOA « SOK TURBO OLDINGS. PAT SSO THA, COOS JIN GEV COOTE, TOU TER SOX AA 00CH TURBO RVAD/REBAR (1°. / 1 BIT] BY TNA COPX DOCH AA",BUY:NVOA « SOK TURBO OLDINGS. PAT SSO THA|BUY:COOS JIN GEV COOTE|BUY:TOU TER SOX AA 00CH TURBO RVAD/REBAR (1°. / 1 BIT] BY TNA COPX DOCH AA,false,,,,,,,,,,,,false,BOTTOM LINE. + . CEA SY -,. + . CEA SY -
revere_20260210.png,2026-02-10,1,gro_turbo,threshold,61.00,review,MISSING_BOTTOM_LINE,"GRO HOLDINGS: SPYM,UPRO,USRP, TNA,GLD, JI GOOG AAPL NVDA,BE, GEV, SNDK || GRO RVAB/REBAR: (1.50/-5.04%) ADD TO [HI ENE || TURBO HOLDINGS: 577,550, COP J NTC, GEV GOOG TOL, TER SNDK, AA DOCH ENPH || TURBO RVAB/REBAR: (1.46/-6.12%) BUY ENPH ADD 10 AA COPX || BOTTOM LINE:","SPYM,UPRO,USRP, TNA,GLD, JI GOOG AAPL NVDA,BE, GEV, SNDK",SPYM|UPRO|USRP|TNA|GLD|JI|GOOGL|AAPL|NVDA|BE|GEV|SNDK,,EXPAND:GOOG->GOOGL,RVAB/REBAR: (1.50/-5.04%),1.50,,,ADD TO [HI ENE,ADD TO [HI ENE,ADD:TO [HI ENE,false,"577,550, COP J NTC, GEV GOOG TOL, TER SNDK, AA DOCH ENPH",COPX|J|INTC|GEV|GOOGL|TOL|TER|SNDK|AA|DOCH|ENPH,,EXPAND:COP->COPX|EXPAND:NTC->INTC|EXPAND:GOOG->GOOGL,RVAB/REBAR: (1.46/-6.12%),1.46,,,BUY ENPH ADD 10 AA COPX,BUY ENPH ADD 10 AA COPX,BUY:ENPH|ADD:10 AA COPX,false,BOTTOM LINE:,
revere_20260211.png,2026-02-11,1,gro_turbo,threshold,60.00,review,MISSING_GRO_ACTION_LINE|MISSING_BOTTOM_LINE,"GRO HOLDINGS: SPVM,UPRO,USAE, TA, GOYA XNAE, JIE GOOC AAP, NVOA BE GEV,SHDK MU GRO AVAB/REBAR: (1.07/-5.54%) BUY ITB XME MU TRIM GOOG || TURBO HOLDINGS: 5PYM 550,COR JIINTC, GEV. GO0GL TOL TER SND AA DOCH VT || TURBO RVAB/REBAR: {1.50/-6.28%) SELL TNA ENPH ADD TO INTC BUY VRT || BOTTOM LINE:","SPVM,UPRO,USAE, TA, GOYA XNAE, JIE GOOC AAP, NVOA BE GEV,SHDK MU GRO AVAB/REBAR: (1.07/-5.54%) BUY ITB XME MU TRIM GOOG",SPVM|UPRO|USA|TA|GOYA|XNAE|JIE|GOOG|AAPL|NVOA|BE|GEV|SHDK|MU|AVAB|ITB|XME|GOOGL,,CORRECT:USAE->USA|CORRECT:GOOC->GOOG|EXPAND:AAP->AAPL|EXPAND:GOOG->GOOGL,,,,,,,,false,"5PYM 550,COR JIINTC, GEV. GO0GL TOL TER SND AA DOCH VT",SPYM|COR|J|JINTC|GEV|GOOGL|TOL|TER|SNDK|AA|DOCH|NVT,,SPLIT:JIINTC->J+JINTC|EXPAND:SND->SNDK|EXPAND:VT->NVT,RVAB/REBAR: {1.50/-6.28%),1.50,,,SELL TNA ENPH ADD TO INTC BUY VRT,SELL TNA ENPH ADD TO INTC BUY VRT,SELL:TNA ENPH|ADD:TO INTC|BUY:VRT,false,BOTTOM LINE:,
revere_20260212.png,2026-02-12,1,gro_turbo,threshold,56.00,review,MISSING_TURBO_HOLDINGS|LOW_OCR_CONFIDENCE|SUSPICIOUS_GRO_TICKERS,"GRO HOLDINGS: $EVMUPR0 USA? THA 6L0, 116 JED AAR. NY OA. BE, GEV.SNDK MU || GRO RVAB/REBAR: {1 3 /%) TRIM AAPL TNA BE SELL GOOG XME TURBO HOLOWNGS: 5#YM,550.C0PX JIINTC GEV, TOL TER SNDX AA. DOCH.VRTESLY || TURBO RVAB/REBAR: {1.'+/-4 93%) SELL GOOGL TRIM INTC BUY FSL¥ || BOTTOM LINE: = RE NI WED ALDISHUP TION FEARS SPARK BROAD DF RISKING","$EVMUPR0 USA? THA 6L0, 116 JED AAR. NY OA. BE, GEV.SNDK MU",EVM|UPRO|USA|ETHA|GLO|SEDG|AAPL|LY|OKTA|BE|GEV|SNDK|MU,EVM,SPLIT:EVMUPRO->EVM+UPRO|EXPAND:THA->ETHA|CORRECT:JED->SEDG|CORRECT:AAR->AAPL|CORRECT:NY->LY|CORRECT:OA->OKTA,RVAB/REBAR: {1 3 /%),1,,,"TRIM AAPL TNA BE SELL GOOG XME TURBO HOLOWNGS: 5#YM,550.C0PX JIINTC GEV, TOL TER SNDX AA. DOCH.VRTESLY","TRIM AAPL TNA BE SELL GOOG XME TURBO HOLOWNGS: 5#YM,550.C0PX JIINTC GEV, TOL TER SNDX AA. DOCH.VRTESLY",TRIM:AAPL TNA BE|SELL:GOOG XME TURBO HOLOWNGS: 5#YM|SELL:550.C0PX JIINTC GEV|SELL:TOL TER SNDX AA. DOCH.VRTESLY,false,,,,,RVAB/REBAR: {1.'+/-4 93%),1,,,SELL GOOGL TRIM INTC BUY FSL¥,SELL GOOGL TRIM INTC BUY FSL¥,SELL:GOOGL|TRIM:INTC|BUY:FSL¥,false,BOTTOM LINE: = RE NI WED ALDISHUP TION FEARS SPARK BROAD DF RISKING,= RE NI WED ALDISHUP TION FEARS SPARK BROAD DF RISKING
revere_20260213.png,2026-02-13,1,gro_turbo,threshold,69.00,ok,,"GRO HOLDINGS: 5PVM,UPRO,USRP, TNA.GLO, 76 J OEV.SNOK MY || GRO RVAB/REBAR: (1""./4/-3.43%) O-TRIM PLTD SELL AAPL NVDA BE || TURBO HOLDINGS: 5PYM,550,COPX JEIINTC,GEV, TOL, TER SNDK,AA,DOCN,VRT,FSLY || TURBO RVAB/REBAR: (1.11/-4.89%) SELL VRT BUY FTI FCX ADD TO DOCN || BOTTOM LINE: KROAD MKT HIDING WHILE","5PVM,UPRO,USRP, TNA.GLO, 76 J OEV.SNOK MY",SPVM|UPRO|USRP|TNA|GLO|J|GEV|SNOK|MU,,CORRECT:OEV->GEV|CORRECT:MY->MU,"RVAB/REBAR: (1""./4/-3.43%) O-",1,,,TRIM PLTD SELL AAPL NVDA BE,TRIM PLTD SELL AAPL NVDA BE,TRIM:PLTD|SELL:AAPL NVDA BE,false,"5PYM,550,COPX JEIINTC,GEV, TOL, TER SNDK,AA,DOCN,VRT,FSLY",SPYM|COPX|BE|JINTC|GEV|TOL|TER|SNDK|AA|DOCN|VRT|FSLY,,SPLIT:JEIINTC->BE+JINTC,RVAB/REBAR: (1.11/-4.89%),1.11,,,SELL VRT BUY FTI FCX ADD TO DOCN,SELL VRT BUY FTI FCX ADD TO DOCN,SELL:VRT|BUY:FTI FCX|ADD:TO DOCN,false,BOTTOM LINE: KROAD MKT HIDING WHILE,KROAD MKT HIDING WHILE
revere_20260217.png,2026-02-17,1,gro_turbo,threshold,53.00,review,LOW_OCR_CONFIDENCE,"GRO HOLDINGS: SPYM UPRO,USRP TNA, GLO, 178 JIIIIGEV, SNOK, MU, FSLY || GRO RVAB/REBAR: ! = ""3 21%} UY FSTY ADD TO CEV [INE || TURBO HOLDINGS: 5PYM,550.CORX JFLLCEV. TOLINTC TER DOC, FSTY. SDK FOL FTALNET || TURBO RVAB/REBAR. [: © / 4 26%) SELL AA BUY NET || BOTTOM LINE: » ON (A PERT OE VOLATILITY PERSISTS","SPYM UPRO,USRP TNA, GLO, 178 JIIIIGEV, SNOK, MU, FSLY",SPYM|UPRO|USRP|TNA|GLO|JIII|GEV|SNOK|MU|FSLY,,SPLIT:JIIIIGEV->JIII+GEV,"RVAB/REBAR: ! = ""3 21%} UY FSTY",3,,,ADD TO CEV [INE,ADD TO CEV [INE,ADD:TO CEV [INE,false,"5PYM,550.CORX JFLLCEV. TOLINTC TER DOC, FSTY. SDK FOL FTALNET",SPYM|SSO|COPX|JJLL|CEV|TO|JINTC|TER|DOCN|FSLY|SDK|FOL|FTA|ANET,,CORRECT:CORX->COPX|SPLIT:JFLLCEV->JJLL+CEV|SPLIT:TOLINTC->TO+JINTC|EXPAND:DOC->DOCN|CORRECT:FSTY->FSLY|SPLIT:FTALNET->FTA+ANET,RVAB/REBAR. [: © / 4 26%),4,,,SELL AA BUY NET,SELL AA BUY NET,SELL:AA|BUY:NET,false,BOTTOM LINE: » ON (A PERT OE VOLATILITY PERSISTS,» ON (A PERT OE VOLATILITY PERSISTS
revere_20260218.png,2026-02-18,1,gro_turbo,threshold,75.00,ok,,"GRO HOLDINGS: 5PYM,UPRO,USRP,TNA,GLD, TE, JLLLCEV.SNOX MU FSLY || GRO RVAB/REBAR: (0.99/-4.13%) BUY COPX UFO ADD TO FSLY TRIM SHORT VIA PLTD || TURBO HOLDINGS: 5PYM,550,COPX, JGEV.YOLINTC, TER DOCN FSLY,SNDK FOX, FTALNET || TURBO RVAB/REBAR: (1.43/-4.94%) BUY MU ADD TO FCX || BOTTOM LINE: CRYPTO STAYS WEAK","5PYM,UPRO,USRP,TNA,GLD, TE, JLLLCEV.SNOX MU FSLY",SPYM|UPRO|USRP|TNA|GLD|TER|JJLL|CEV|SNOX|MU|FSLY,,EXPAND:TE->TER|SPLIT:JLLLCEV->JJLL+CEV,RVAB/REBAR: (0.99/-4.13%),0.99,,,BUY COPX UFO ADD TO FSLY TRIM SHORT VIA PLTD,BUY COPX UFO ADD TO FSLY TRIM SHORT VIA PLTD,BUY:COPX UFO|ADD:TO FSLY|TRIM:SHORT VIA PLTD,false,"5PYM,550,COPX, JGEV.YOLINTC, TER DOCN FSLY,SNDK FOX, FTALNET",SPYM|COPX|GEV|TO|JINTC|TER|DOCN|FSLY|SNDK|FOX|FTA|ANET,,CORRECT:JGEV->GEV|SPLIT:YOLINTC->TO+JINTC|SPLIT:FTALNET->FTA+ANET,RVAB/REBAR: (1.43/-4.94%),1.43,,,BUY MU ADD TO FCX,BUY MU ADD TO FCX,BUY:MU|ADD:TO FCX,false,BOTTOM LINE: CRYPTO STAYS WEAK,CRYPTO STAYS WEAK
revere_20260219.png,2026-02-19,1,gro_turbo,threshold,53.00,review,MISSING_TURBO_HOLDINGS|LOW_OCR_CONFIDENCE,"GRO HOLDINGS: 5PM ,UPRO, USR? TAF, GL, TO [LLLLCEV. SOK MU FUR || GRO RVAB/REBAR: [1 13/-3 76%) BUY ILE ADD TO FSLY TURBO HOLOINGS: 5PM 550,COR,JIIIGEV. TOL INTC TER, DOCH FSLY SNDK,ECX FTALNET MU || TURBO RVAB/REBAR: (1 5/-4.66%) ADD TO SNDK || BOTTOM LINE: SMAL. CAPS 5-CAY 35 BLADE ACS TE","5PM ,UPRO, USR? TAF, GL, TO [LLLLCEV. SOK MU FUR",SPM|UPRO|USRP|TA|GLD|TOL|LLY|CEV|SOK|MU|PURR,,EXPAND:USR->USRP|CORRECT:TAF->TA|EXPAND:GL->GLD|EXPAND:TO->TOL|SPLIT:LLLLCEV->LLY+CEV|CORRECT:FUR->PURR,RVAB/REBAR: [1 13/-3 76%),1,,,"BUY ILE ADD TO FSLY TURBO HOLOINGS: 5PM 550,COR,JIIIGEV. TOL INTC TER, DOCH FSLY SNDK,ECX FTALNET MU","BUY ILE ADD TO FSLY TURBO HOLOINGS: 5PM 550,COR,JIIIGEV. TOL INTC TER, DOCH FSLY SNDK,ECX FTALNET MU",BUY:ILE|ADD:TO FSLY TURBO HOLOINGS: 5PM 550|ADD:COR|ADD:JIIIGEV. TOL INTC TER|ADD:DOCH FSLY SNDK|ADD:ECX FTALNET MU,false,,,,,RVAB/REBAR: (1 5/-4.66%),1,,,ADD TO SNDK,ADD TO SNDK,ADD:TO SNDK,false,BOTTOM LINE: SMAL. CAPS 5-CAY 35 BLADE ACS TE,SMAL. CAPS 5-CAY 35 BLADE ACS TE
revere_20260223.png,2026-02-23,1,gro_turbo,threshold,56.00,review,LOW_OCR_CONFIDENCE|SUSPICIOUS_GRO_TICKERS|SUSPICIOUS_TURBO_TICKERS,"GRO HOLDINGS: 5PVM,UPAO,USRP, THA, 1LF, 610, 78, XT JLLEV.SNOK, MU £STY || GRO RVAB/REBAR: {1 28 -3.67%) BUY XLP TRIM ITB UFO || TURBO HOLDINGS: SPTM S50,COPX LF) GEV, TOL TER FSLYSNDKFOLFTALMU || TURBO RVAB/REBAR (1. /6/-5.61%) SELL DOCN ADD TOMU || BOTTOM LINE: 9 SOFTWARE & FINANCIALS WEAK J, VF TAIS 4 2","5PVM,UPAO,USRP, THA, 1LF, 610, 78, XT JLLEV.SNOK, MU £STY",SPVM|UPAO|USRP|ETHA|ILF|NXT|JLLEV|SNOK|MU|SPYM,JLLEV,EXPAND:THA->ETHA|EXPAND:XT->NXT|CORRECT:STY->SPYM,RVAB/REBAR: {1 28 -3.67%),1,,,BUY XLP TRIM ITB UFO,BUY XLP TRIM ITB UFO,BUY:XLP|TRIM:ITB UFO,false,"SPTM S50,COPX LF) GEV, TOL TER FSLYSNDKFOLFTALMU",SPYM|SSO|COPX|LF|GEV|TOL|TER|FSLY|SNDK|OLFTA|MU,OLFTA,CORRECT:SPTM->SPYM|SPLIT:FSLYSNDKFOLFTALMU->FSLY+SNDK+OLFTA+MU,RVAB/REBAR (1. /6/-5.61%),1,,,SELL DOCN ADD TOMU,SELL DOCN ADD TOMU,SELL:DOCN|ADD:TOMU,false,"BOTTOM LINE: 9 SOFTWARE & FINANCIALS WEAK J, VF TAIS 4 2","9 SOFTWARE & FINANCIALS WEAK J, VF TAIS 4 2"
revere_20260224.png,2026-02-24,1,gro_turbo,threshold,76.00,ok,,"GRO HOLDINGS: SPYM,UPRO, USRP, TNA,ILF, GLD, ITB XLP,GEV,SNDK,MU, FSLY || GRO RVAB/REBAR: {1.18/-4.51%) BUY SNDK ADD TO ILF SELL PLTD || TURBO HOLDINGS: 5PVM,550,COE, LR, JEL =V. VOU TER SY, SNDK FOX, FTAL MU || TURBO RVAB/REBAR: (1./9/-6.77%) BUY VR BE AA SELL RGTZ QBTZ || BOTTOM LINE: SPX NASDAQ STARTING TO COIL. DECISION TIME?","SPYM,UPRO, USRP, TNA,ILF, GLD, ITB XLP,GEV,SNDK,MU, FSLY",SPYM|UPRO|USRP|TNA|ILF|GLD|ITB|XLP|GEV|SNDK|MU|FSLY,,,RVAB/REBAR: {1.18/-4.51%),1.18,,,BUY SNDK ADD TO ILF SELL PLTD,BUY SNDK ADD TO ILF SELL PLTD,BUY:SNDK|ADD:TO ILF|SELL:PLTD,false,"5PVM,550,COE, LR, JEL =V. VOU TER SY, SNDK FOX, FTAL MU",SPVM|COE|LR|JEL|V|VOU|TER|SY|SNDK|FOX|FTAL|MU,,,RVAB/REBAR: (1./9/-6.77%),1,,,BUY VR BE AA SELL RGTZ QBTZ,BUY VR BE AA SELL RGTZ QBTZ,BUY:VR BE AA|SELL:RGTZ QBTZ,false,BOTTOM LINE: SPX NASDAQ STARTING TO COIL. DECISION TIME?,SPX NASDAQ STARTING TO COIL. DECISION TIME?
revere_20260225.png,2026-02-25,1,gro_turbo,threshold,66.00,ok,,"GRO HOLDINGS: SPYM,UPRO,USRP,RSP,TNA,COPX,ILF, GLD, XLP, GEV, MU,FSLY,CCI,SNDK || GRO RVAB/REBAR: {1.32/-5.07%) BUY CCJ ADD TO UPRO SELL ITB T || TURBO HOLDINGS: 5PYM,UPRO,550,C0PX, (LF JLEV, MU, TOU SND, TER FOX MU, AA, VRT BE FLY, FAI || TURBO RVAB/REBAR: (1.79/-6.50%) BUY UPRD SELL IONZ OKLS || BOTTOM LINE: 3 SPX BREAXS ABOVE RESISTANCE, LED BY BIG TECH, NVDA JP AZH ON E/R","SPYM,UPRO,USRP,RSP,TNA,COPX,ILF, GLD, XLP, GEV, MU,FSLY,CCI,SNDK",SPYM|UPRO|USRP|RSP|TNA|COPX|ILF|GLD|XLP|GEV|MU|FSLY|CCI|SNDK,,,RVAB/REBAR: {1.32/-5.07%),1.32,,,BUY CCJ ADD TO UPRO SELL ITB T,BUY CCJ ADD TO UPRO SELL ITB T,BUY:CCJ|ADD:TO UPRO|SELL:ITB T,false,"5PYM,UPRO,550,C0PX, (LF JLEV, MU, TOU SND, TER FOX MU, AA, VRT BE FLY, FAI",SPYM|UPRO|COPX|ILF|JLEV|MU|TOU|SNDK|TER|FOX|AA|VRT|BE|FLY|FTAI,,EXPAND:LF->ILF|EXPAND:SND->SNDK|CORRECT:FAI->FTAI,RVAB/REBAR: (1.79/-6.50%),1.79,,,BUY UPRD SELL IONZ OKLS,BUY UPRD SELL IONZ OKLS,BUY:UPRD|SELL:IONZ OKLS,false,"BOTTOM LINE: 3 SPX BREAXS ABOVE RESISTANCE, LED BY BIG TECH, NVDA JP AZH ON E/R","3 SPX BREAXS ABOVE RESISTANCE, LED BY BIG TECH, NVDA JP AZH ON E/R"
revere_20260226.png,2026-02-26,1,gro_turbo,threshold,54.00,review,MISSING_GRO_HOLDINGS|LOW_OCR_CONFIDENCE,"HOLDINGS: SPY, UPRO, USAR, 55°, TRA JI COPXILE GLD XL, GEV, MU, FSLY,CCILSNDK 6 TA) || GRO RVAB/REBAR (1 2 4 OX) SUV FRA [EN || TURBO HOLDINGS: 5PVM.UPRO,550,COPX.IL F JIGE ¥. MU, TOL SNDK TER FOX MU AA VRT BE FSLY.F TAI || TURBO RVAB/REBAR: [© / IF 11 40%) NO TRADES || BOTTOM LINE: < SPX DOWN ON NVDA + EPS FAILURE, BROAD MKT POSTIVE",,,,,RVAB/REBAR (1 2 4 OX) SUV FRA [EN,1,,,,,,false,"5PVM.UPRO,550,COPX.IL F JIGE ¥. MU, TOL SNDK TER FOX MU AA VRT BE FSLY.F TAI",SPVM|UPRO|COPX|IL|F|LITE|MU|TOL|SNDK|TER|FOX|AA|VRT|BE|FSLY|FTAI,,SPLIT:COPX.IL->COPX+IL|CORRECT:JIGE->LITE|CORRECT:FSLY.F->FSLY|EXPAND:TAI->FTAI,RVAB/REBAR: [© / IF 11 40%) NO TRADES,11,,,,,,false,"BOTTOM LINE: < SPX DOWN ON NVDA + EPS FAILURE, BROAD MKT POSTIVE","< SPX DOWN ON NVDA + EPS FAILURE, BROAD MKT POSTIVE"
revere_20260227.png,2026-02-27,1,gro_turbo,threshold,69.00,ok,,"GRO HOLDINGS: SPYM,UPRO,USRP, RSP JIE COPX, ILF,GLD,XLP, GEV, MU, FSLY,CCI, SDK FTAI || GRO RVAB/REBAR: (1.08/-4.21) SELL TNA, UFO TRIM UPRO || TURBO HOLDINGS: 5PYM,UPRO,550,0PX, LF IGE. MU, TOL SNDK, TER FCX,MU,AA,VRT, BE £SLY,FTAI || TURBO RVAB/REBAR: {1.65/-6.1%) SELL BE || BOTTOM LINE: =» BONIS RALLY ISPITE HOT PPI, XYZ CUTS 40% OF €E'S, TECH WEAK","SPYM,UPRO,USRP, RSP JIE COPX, ILF,GLD,XLP, GEV, MU, FSLY,CCI, SDK FTAI",SPYM|UPRO|USRP|RSP|JIE|COPX|ILF|GLD|XLP|GEV|MU|FSLY|CCI|SDK|FTAI,,,RVAB/REBAR: (1.08/-4.21),1.08,,,"SELL TNA, UFO TRIM UPRO","SELL TNA, UFO TRIM UPRO",SELL:TNA|SELL:UFO|TRIM:UPRO,false,"5PYM,UPRO,550,0PX, LF IGE. MU, TOL SNDK, TER FCX,MU,AA,VRT, BE £SLY,FTAI",SPYM|UPRO|COPX|ILF|INE|MU|TOL|SNDK|TER|FCX|AA|VRT|BE|FSLY|FTAI,,EXPAND:OPX->COPX|EXPAND:LF->ILF|CORRECT:IGE->INE|EXPAND:SLY->FSLY,RVAB/REBAR: {1.65/-6.1%),1.65,,,SELL BE,SELL BE,SELL:BE,false,"BOTTOM LINE: =» BONIS RALLY ISPITE HOT PPI, XYZ CUTS 40% OF €E'S, TECH WEAK","=» BONIS RALLY ISPITE HOT PPI, XYZ CUTS 40% OF €E'S, TECH WEAK"
revere_20260302.png,2026-03-02,1,gro_turbo,threshold,48.00,review,LOW_OCR_CONFIDENCE|SUSPICIOUS_GRO_TICKERS,"GRO HOLDINGS: SPYM,UPRO, USAP,RSP,COPX,ILF,GLD XLP GEV, MU, FSLY, CCL, SNOICFTAI || GRO RVAB/REBAR: {. 1./-4.37%) SELL SQQQ TRIM MU || TURBO HOLDINGS: SRS UPS £50 CONUS JRE MU SHOX TER FCLMUARVRT SE FS ETA || TURBO RVAB/REBAR: {1 5/-5.41%) SELL TOL || BOTTOM LINE: > A EK JU IPL J SUERTE PRPS 3","SPYM,UPRO, USAP,RSP,COPX,ILF,GLD XLP GEV, MU, FSLY, CCL, SNOICFTAI",SPYM|UPRO|USAP|RSP|COPX|ILF|GLD|XLP|GEV|MU|FSLY|CCL|SNOIC|FTAI,SNOIC,SPLIT:SNOICFTAI->SNOIC+FTAI,RVAB/REBAR: {. 1./-4.37%),1,,,SELL SQQQ TRIM MU,SELL SQQQ TRIM MU,SELL:SQQQ|TRIM:MU,false,SRS UPS £50 CONUS JRE MU SHOX TER FCLMUARVRT SE FS ETA,USRP|UPRO|ONDS|IREN|MU|SHOX|TER|FCX|ARM|VRT|SE|FS|ZETA,,CORRECT:SRS->USRP|CORRECT:UPS->UPRO|CORRECT:CONUS->ONDS|CORRECT:JRE->IREN|SPLIT:FCLMUARVRT->FCX+MU+ARM+VRT|EXPAND:ETA->ZETA,RVAB/REBAR: {1 5/-5.41%),1,,,SELL TOL,SELL TOL,SELL:TOL,false,BOTTOM LINE: > A EK JU IPL J SUERTE PRPS 3,> A EK JU IPL J SUERTE PRPS 3
revere_20260303.png,2026-03-03,1,gro_turbo,threshold,77.00,ok,,"GRO HOLDINGS: SPYM,UPRO,USRP,RSP,ILF, GLD,XLP, GEV, FSLY,CC),FTAI || GRO RVAB/REBAR: (0.95/-2.96%) SELL COPX MU SNDK TRIM ILF FTAI || TURBO HOLDINGS: SPYM,SS0.COPX,(LF,GEV, TER FCX,FSLY || TURBO RVAB/REBAR: (0.59/-3.46%) SELL AA FTA! ILF MU SNDK UPRO VAT TRIM COPX FCX || BOTTOM LINE: DAY 2 OF IRAN VOLATILITY: GAP DN & STRO""G; ROLINCT, LEADERS SMACKED","SPYM,UPRO,USRP,RSP,ILF, GLD,XLP, GEV, FSLY,CC),FTAI",SPYM|UPRO|USRP|RSP|ILF|GLD|XLP|GEV|FSLY|CC|FTAI,,,RVAB/REBAR: (0.95/-2.96%),0.95,,,SELL COPX MU SNDK TRIM ILF FTAI,SELL COPX MU SNDK TRIM ILF FTAI,SELL:COPX MU SNDK|TRIM:ILF FTAI,false,"SPYM,SS0.COPX,(LF,GEV, TER FCX,FSLY",SPYM|SSO|COPX|ILF|GEV|TER|FCX|FSLY,,EXPAND:LF->ILF,RVAB/REBAR: (0.59/-3.46%),0.59,,,SELL AA FTA! ILF MU SNDK UPRO VAT TRIM COPX FCX,SELL AA FTA! ILF MU SNDK UPRO VAT TRIM COPX FCX,SELL:AA FTA! ILF MU SNDK UPRO VAT|TRIM:COPX FCX,false,"BOTTOM LINE: DAY 2 OF IRAN VOLATILITY: GAP DN & STRO""G; ROLINCT, LEADERS SMACKED","DAY 2 OF IRAN VOLATILITY: GAP DN & STRO""G; ROLINCT, LEADERS SMACKED"
revere_20260304.png,2026-03-04,1,gro_turbo,threshold,55.00,review,LOW_OCR_CONFIDENCE,"GRO HOLDINGS: SPYM.UPRO,USRP, RSP, ILF,GLD,XLP, GEV, FSLY,CC) FTALKEYS || GRO RVAB/REBAR: {:.0'1,-3.42%) BUY CRCL + KEYS TRIM XLP || TURBO HOLDINGS: SPYM,SS0,COPX LF GEV, TER, FCXESLY,CCI || TURBO RVAB/REBAR: (.1.53/-3.97%) BUY CC) || BOTTOM LINE: =» ""TR NOW, [AFD TICN CSS WARK 15 TONG TN LE","SPYM.UPRO,USRP, RSP, ILF,GLD,XLP, GEV, FSLY,CC) FTALKEYS",SPYM|UPRO|USRP|RSP|ILF|GLD|XLP|GEV|FSLY|CC|FTAI|KEVS,,SPLIT:FTALKEYS->FTAI+KEVS,"RVAB/REBAR: {:.0'1,-3.42%)",0,,,BUY CRCL + KEYS TRIM XLP,BUY CRCL + KEYS TRIM XLP,BUY:CRCL + KEYS|TRIM:XLP,false,"SPYM,SS0,COPX LF GEV, TER, FCXESLY,CCI",SPYM|SSO|COPX|ILF|GEV|TER|FCX|FSLY|CCI,,EXPAND:LF->ILF|SPLIT:FCXESLY->FCX+FSLY,RVAB/REBAR: (.1.53/-3.97%),1.53,,,BUY CC),BUY CC),BUY:CC),false,"BOTTOM LINE: =» ""TR NOW, [AFD TICN CSS WARK 15 TONG TN LE","=» ""TR NOW, [AFD TICN CSS WARK 15 TONG TN LE"
revere_20260305.png,2026-03-05,1,gro_turbo,threshold,58.00,review,MISSING_TURBO_ACTION_LINE|LOW_OCR_CONFIDENCE,"GRO HOLDINGS: SPRM,UPRO,USAR ESE J LD. GEV.FSIY.CONKEVS || GRO RVAB/REBAR: {~ 2~/-2.57%) SELL LF XTP TRIM GEV KEVS [INN || TURBO HOLDINGS: SPYM,SSOAVS,GEV, TERFSLY.CU TUREO RVAB/REBAR: (C /3/-2.75%) (NR SCI COPX REX || BOTTOM LINE: 9 CONFLICT IN IRAN CONTINUES TO ESCALATE = MORE VOLATILITY 8 CHOP","SPRM,UPRO,USAR ESE J LD. GEV.FSIY.CONKEVS",UPRO|USAR|SE|J|GLD|GEV|FSLY|CON|KEVS,,CORRECT:SPRM->UPRO|CORRECT:ESE->SE|EXPAND:LD->GLD|CORRECT:FSIY->FSLY|SPLIT:CONKEVS->CON+KEVS,RVAB/REBAR: {~ 2~/-2.57%),2,,,SELL LF XTP TRIM GEV KEVS [INN,SELL LF XTP TRIM GEV KEVS [INN,SELL:LF XTP|TRIM:GEV KEVS [INN,false,"SPYM,SSOAVS,GEV, TERFSLY.CU TUREO RVAB/REBAR: (C /3/-2.75%) (NR SCI COPX REX",SPYM|SSO|AVS|GEV|TE|RFSLY|CU|TUREO|C|NRG|SPCX|COPX|REMX,,SPLIT:SSOAVS->SSO+AVS|SPLIT:TERFSLY->TE+RFSLY|EXPAND:NR->NRG|CORRECT:SCI->SPCX|CORRECT:REX->REMX,,,,,,,,false,BOTTOM LINE: 9 CONFLICT IN IRAN CONTINUES TO ESCALATE = MORE VOLATILITY 8 CHOP,9 CONFLICT IN IRAN CONTINUES TO ESCALATE = MORE VOLATILITY 8 CHOP
revere_20260306.png,2026-03-06,1,gro_turbo,threshold,66.00,ok,,"GRO HOLDINGS: SPYM,UPRO,USAP RP JR LO FSLY || GRO RVAB/REBAR: {:~.5:7/-1.96%) SEU GLW EV CO KEVS O-TRIN SU ENE || TURBO HOLDINGS: SPYM,SSO, TER, FSLY || TURBO RVAB/REBAR: (1 ©: //-2.48%) SELL AVS GEV CC) TRIM TER SSO || BOTTOM LINE: 9 NEGATIVE JOBS SURPRISE; OIL MASSIVE BREAKOUT; VIX HIGH","SPYM,UPRO,USAP RP JR LO FSLY",SPYM|UPRO|USAP|RSP|JR|LO|FSLY,,CORRECT:RP->RSP,RVAB/REBAR: {:~.5:7/-1.96%) SEU GLW EV CO KEVS O-TRIN SU ENE,5,,,,,,false,"SPYM,SSO, TER, FSLY",SPYM|SSO|TER|FSLY,,,RVAB/REBAR: (1 ©: //-2.48%),1,,,SELL AVS GEV CC) TRIM TER SSO,SELL AVS GEV CC) TRIM TER SSO,SELL:AVS GEV CC)|TRIM:TER SSO,false,BOTTOM LINE: 9 NEGATIVE JOBS SURPRISE; OIL MASSIVE BREAKOUT; VIX HIGH,9 NEGATIVE JOBS SURPRISE; OIL MASSIVE BREAKOUT; VIX HIGH
revere_20260309.png,2026-03-09,1,gro_turbo,threshold,78.00,ok,,"GRO HOLDINGS: SPYM,UPRO,USRP,RSP, JL LO FSLY || GRO RVAB/REBAR: (0.62/-2.54%) NO CHANGES || TURBO HOLDINGS: SPYM,SSO, TER, FSLY || TURBO RVAB/REBAR: (0.54/-2.21%) NO CHANGES || BOTTOM LINE: TRUMP COMMENT SPARKS BULLISH REVERSAL","SPYM,UPRO,USRP,RSP, JL LO FSLY",SPYM|UPRO|USRP|RSP|JL|GLO|FSLY,,EXPAND:LO->GLO,RVAB/REBAR: (0.62/-2.54%),0.62,,,NO CHANGES,NO CHANGES,NO CHANGES,true,"SPYM,SSO, TER, FSLY",SPYM|SSO|TER|FSLY,,,RVAB/REBAR: (0.54/-2.21%),0.54,,,NO CHANGES,NO CHANGES,NO CHANGES,true,BOTTOM LINE: TRUMP COMMENT SPARKS BULLISH REVERSAL,TRUMP COMMENT SPARKS BULLISH REVERSAL
revere_20260310.png,2026-03-10,1,gro_turbo,threshold,74.00,review,MISSING_GRO_HOLDINGS|MISSING_TURBO_ACTION_LINE|SUSPICIOUS_TURBO_TICKERS,"6RO HOLDINGS: SPYM,UPRO.USRE RE LL GLO.FSIY,CHEL || GRO RVAB/REBAR: (0 6:4,-2.42%) NO CHANGES || TURBO HOLDINGS: SPYM, S50, TER, FSLY TURBQ RVAB/REBAR: (C.55/-2.03%) NO CHANGES || BOTTOM LINE: TRUMP/IRAN HEADUINE-DRIVEN VOLATILITY REMAINS; CPI ON DECK",,SPYM|UPRO|USRP|RSP|JL|GLO|FSLY,,INHERIT_NO_CHANGES:revere_20260309.png,"RVAB/REBAR: (0 6:4,-2.42%)",0,,,NO CHANGES,NO CHANGES,NO CHANGES,true,"SPYM, S50, TER, FSLY TURBQ RVAB/REBAR: (C.55/-2.03%) NO CHANGES",SPYM|SSO|TER|FSLY|TURBQ|C|2|IO,2,EXPAND:SS->SSO|CORRECT:O3->IO,,,,,,,,false,BOTTOM LINE: TRUMP/IRAN HEADUINE-DRIVEN VOLATILITY REMAINS; CPI ON DECK,TRUMP/IRAN HEADUINE-DRIVEN VOLATILITY REMAINS; CPI ON DECK
revere_20260311.png,2026-03-11,1,gro_turbo,threshold,66.00,review,MISSING_BOTTOM_LINE,"GRO HOLDINGS: SPY, UPRO.USKP ASE JL SOXL6LO.FSUY.CREL || GRO RVAB/REBAR (7 73/-2.57%) ADD TO CRCL TRIN SPXS BUY SOXL || TURBO HOLDINGS: SPYM, S50, TER SLY || TURBO RVAB/REBAR: {0 3/1 87%) O-TRIM FSLY || BOTTOM LINE:","SPY, UPRO.USKP ASE JL SOXL6LO.FSUY.CREL",SPYM|UPRO|USKP|SE|JL|SOXL|GLO|FSLY|CREL,,EXPAND:SPY->SPYM|CORRECT:ASE->SE|SPLIT:SOXLGLO->SOXL+GLO|CORRECT:FSUY->FSLY,RVAB/REBAR (7 73/-2.57%),7,,,ADD TO CRCL TRIN SPXS BUY SOXL,ADD TO CRCL TRIN SPXS BUY SOXL,ADD:TO CRCL TRIN SPXS|BUY:SOXL,false,"SPYM, S50, TER SLY",SPYM|SSO|TER|FSLY,,EXPAND:SLY->FSLY,RVAB/REBAR: {0 3/1 87%) O-,0,3,1,TRIM FSLY,TRIM FSLY,TRIM:FSLY,false,BOTTOM LINE:,
revere_20260312.png,2026-03-12,1,gro_turbo,threshold,76.00,ok,,"GRO HOLDINGS: SPYM,UPRO,USRE, JL GLO FSLY.CRCL || GRO RVAB/REBAR: {0.65/-1.66%) SELL SOXL RSP BUY NET || TURBO HOLDINGS: SPYM, SSO, TER, FSLY || TURBO RVAB/REBAR: {0.52/-1.57%) NO CHANGES || BOTTOM LINE: VOLATILITY PERSISTS ON [RAN WAR UNCERTAINTY","SPYM,UPRO,USRE, JL GLO FSLY.CRCL",SPYM|UPRO|USRE|JL|GLO|FSLY|CRCL,,,RVAB/REBAR: {0.65/-1.66%),0.65,,,SELL SOXL RSP BUY NET,SELL SOXL RSP BUY NET,SELL:SOXL RSP|BUY:NET,false,"SPYM, SSO, TER, FSLY",SPYM|SSO|TER|FSLY,,,RVAB/REBAR: {0.52/-1.57%),0.52,,,NO CHANGES,NO CHANGES,NO CHANGES,true,BOTTOM LINE: VOLATILITY PERSISTS ON [RAN WAR UNCERTAINTY,VOLATILITY PERSISTS ON [RAN WAR UNCERTAINTY
revere_20260316.png,2026-03-16,1,gro_turbo,threshold,35.00,review,LOW_OCR_CONFIDENCE,"GRO HOLDINGS. SOVM UPE0, ILI GL 0 F SI V.CRCUICT. VA T || GRO RVAB/REBAR:( © © 75%JBUYVRT ADD TOMET TRIM HEDGE SPU || TURBO HOLDINGS: SPYM,TER FSLY NTC || TURBO RVAB/REBAR:{ /-1 56%) BUY INTC || BOTTOM LINE: + + CRUDE OIL RED & VIK FADE VS 525",". SOVM UPE0, ILI GL 0 F SI V.CRCUICT. VA T",SPYM|UPRO|IBIT|GLD|F|SI|V|CRCL|IT|VAT,,MERGE:VA+T->VAT|CORRECT:SOVM->SPYM|CORRECT:UPEO->UPRO|CORRECT:ILI->IBIT|EXPAND:GL->GLD|SPLIT:CRCUICT->CRCL+IT,RVAB/REBAR:( © © 75%JBUYVRT,75,,,ADD TOMET TRIM HEDGE SPU,ADD TOMET TRIM HEDGE SPU,ADD:TOMET|TRIM:HEDGE SPU,false,"SPYM,TER FSLY NTC",SPYM|TER|FSLY|INTC,,EXPAND:NTC->INTC,RVAB/REBAR:{ /-1 56%),1,,,BUY INTC,BUY INTC,BUY:INTC,false,BOTTOM LINE: + + CRUDE OIL RED & VIK FADE VS 525,+ + CRUDE OIL RED & VIK FADE VS 525
revere_20260318.png,2026-03-18,1,gro_only,threshold,42.00,review,LOW_OCR_CONFIDENCE,"GRO HOLDINGS: SEV UPNO LI COMER FSTV ONC VR NERS || GRO RVAB/REBAR. [ 1 90%) O-TRIM FSLY TRIM HEOGE/SPXU TUNA WOWOWAS SEAS, AE TER SUV, SO, [IR 1URSO RVAB/REBAR: ( 7-2 07+) (NEE || BOTTOM LINE: = SAARKLT WEAKNESS CONTINUES ON FOMC, . RONS =O",SEV UPNO LI COMER FSTV ONC VR NERS,FSEV|UPNO|GLI|TOMET|FSLY|INTC|VRT|NBIS,,EXPAND:SEV->FSEV|EXPAND:LI->GLI|CORRECT:COMER->TOMET|CORRECT:FSTV->FSLY|CORRECT:ONC->INTC|EXPAND:VR->VRT|CORRECT:NERS->NBIS,RVAB/REBAR. [ 1 90%) O-,1,,,"TRIM FSLY TRIM HEOGE/SPXU TUNA WOWOWAS SEAS, AE TER SUV, SO, [IR 1URSO RVAB/REBAR: ( 7-2 07+) (NEE","TRIM FSLY TRIM HEOGE/SPXU TUNA WOWOWAS SEAS, AE TER SUV, SO, [IR 1URSO RVAB/REBAR: ( 7-2 07+) (NEE",TRIM:FSLY|TRIM:HEOGE/SPXU TUNA WOWOWAS SEAS|TRIM:AE TER SUV|TRIM:SO|TRIM:[IR 1URSO RVAB/REBAR: ( 7-2 07+) (NEE,false,,,,,,,,,,,,false,"BOTTOM LINE: = SAARKLT WEAKNESS CONTINUES ON FOMC, . RONS =O","= SAARKLT WEAKNESS CONTINUES ON FOMC, . RONS =O"
revere_20260319.png,2026-03-19,1,gro_only,threshold,48.00,review,MISSING_BOTTOM_LINE|LOW_OCR_CONFIDENCE,"GRO HOLDINGS: SPYM,UPRO JI 5LO.NETFSLY.CREL RT NETS. || GRO RVAB/REBAR: (= 51.62%) TRIM 6L0 EEE UNO HOLOINGS: SPYM,BE, TER FSEV, SE, [NE TREO RVAB/REBAR: (0 13/-2.34%) || BOTTOM LINE:","SPYM,UPRO JI 5LO.NETFSLY.CREL RT NETS.",SPYM|UPRO|JI|FSLY|NE|RFSLY|CREL|VRT|NBIS,,CORRECT:SLO->FSLY|SPLIT:NETFSLY->NE+RFSLY|EXPAND:RT->VRT|CORRECT:NETS->NBIS,RVAB/REBAR: (= 51.62%),51.62,,,"TRIM 6L0 EEE UNO HOLOINGS: SPYM,BE, TER FSEV, SE, [NE TREO RVAB/REBAR: (0 13/-2.34%)","TRIM 6L0 EEE UNO HOLOINGS: SPYM,BE, TER FSEV, SE, [NE TREO RVAB/REBAR: (0 13/-2.34%)",TRIM:6L0 EEE UNO HOLOINGS: SPYM|TRIM:BE|TRIM:TER FSEV|TRIM:SE|TRIM:[NE TREO RVAB/REBAR: (0 13/-2.34%),false,,,,,,,,,,,,false,BOTTOM LINE:,
revere_20260320.png,2026-03-20,1,gro_turbo,threshold,66.00,review,MISSING_TURBO_HOLDINGS,"GRO HOLDINGS: SPYM,UPRO, JL ILL LO NEV FSLY.CRELVRT NBIS || GRO RVAB/REBAR: {0.35/-0.74%) SELL VRT NBIS GLO ADD TO SOS [IEE RUSEO HOOINGS: BE, TER FSLY, [NNEC || TURBO RVAB/REBAR: (-0.10/-1.80%) SEW SPVM SE! [EGG || BOTTOM LINE: 2 YIELDS SPIKE; WAR TENSIONS CONTINUE; STOCKS DOWN","SPYM,UPRO, JL ILL LO NEV FSLY.CRELVRT NBIS",SPYM|UPRO|JL|ILF|GLO|GEV|FSLY|CRCL|VRT|NBIS,,CORRECT:ILL->ILF|EXPAND:LO->GLO|CORRECT:NEV->GEV|SPLIT:CRELVRT->CRCL+VRT,RVAB/REBAR: {0.35/-0.74%),0.35,,,"SELL VRT NBIS GLO ADD TO SOS [IEE RUSEO HOOINGS: BE, TER FSLY, [NNEC","SELL VRT NBIS GLO ADD TO SOS [IEE RUSEO HOOINGS: BE, TER FSLY, [NNEC",SELL:VRT NBIS GLO|ADD:TO SOS [IEE RUSEO HOOINGS: BE|ADD:TER FSLY|ADD:[NNEC,false,,,,,RVAB/REBAR: (-0.10/-1.80%) SEW SPVM SE! [EGG,0.10,,,,,,false,BOTTOM LINE: 2 YIELDS SPIKE; WAR TENSIONS CONTINUE; STOCKS DOWN,2 YIELDS SPIKE; WAR TENSIONS CONTINUE; STOCKS DOWN
revere_20260323.png,2026-03-23,1,gro_turbo,threshold,64.00,review,MISSING_GRO_HOLDINGS|MISSING_TURBO_HOLDINGS|MISSING_BOTTOM_LINE,"RO HOLDINGS: 5PVM,UPRO LL 6.0.NET FSLY.CREL VAT NBIS || GRO RVAB/REBAR: (0.44/-0.1/23%) TRIM SDS CRCL UREO HOLOINGS: TER FSLY, [NRG || TURBO RVAB/REBAR: (-0.09/-%) SELL PLTZ BE || BOTTOM LINE:",,,,,RVAB/REBAR: (0.44/-0.1/23%),0.44,0.1,23,"TRIM SDS CRCL UREO HOLOINGS: TER FSLY, [NRG","TRIM SDS CRCL UREO HOLOINGS: TER FSLY, [NRG",TRIM:SDS CRCL UREO HOLOINGS: TER FSLY|TRIM:[NRG,false,,,,,RVAB/REBAR: (-0.09/-%),0.09,,,SELL PLTZ BE,SELL PLTZ BE,SELL:PLTZ BE,false,BOTTOM LINE:,
revere_20260324.png,2026-03-24,1,gro_turbo,threshold,63.00,review,MISSING_GRO_HOLDINGS|MISSING_TURBO_HOLDINGS,"RO HOLDINGS: 5PYA,UPRO JE FS. || GRO RVAB/REBAR: {0.3 //-1.23%) SELL CRCL TRIM NET TUREO HOOS: [IN TER FS Y || TURBO RVAB/REBAR: ( 0.05/-2.15%) NO CHANGES || BOTTOM LINE: MAG-7 WEAK, I FADERS FINE; PASH ON CEASE-FIRF?",,,,,RVAB/REBAR: {0.3 //-1.23%),0.3,,,SELL CRCL TRIM NET TUREO HOOS: [IN TER FS Y,SELL CRCL TRIM NET TUREO HOOS: [IN TER FS Y,SELL:CRCL|TRIM:NET TUREO HOOS: [IN TER FS Y,false,,,,,RVAB/REBAR: ( 0.05/-2.15%),0.05,,,NO CHANGES,NO CHANGES,NO CHANGES,true,"BOTTOM LINE: MAG-7 WEAK, I FADERS FINE; PASH ON CEASE-FIRF?","MAG-7 WEAK, I FADERS FINE; PASH ON CEASE-FIRF?"
revere_20260325.png,2026-03-25,1,gro_turbo,threshold,60.00,review,MISSING_TURBO_HOLDINGS,"GRO HOLDINGS: SPYM,UPRO. INE VC. FS. || GRO RVAB/REBAR: (:+.3//-1.03%) NO CHANGES TURSE HOVONCS: [ENN VER FLY || TURBO RVAB/REBAR 2 3/-2.01%) NO CHANGES || BOTTOM LINE: HEADLINE VOLATILITY CONTINUES... SP%/QQQ BATTLE ARQUND 200. DMA","SPYM,UPRO. INE VC. FS.",SPYM|UPRO|INE|VC|FS,,,RVAB/REBAR: (:+.3//-1.03%),3,,,NO CHANGES TURSE HOVONCS: [ENN VER FLY,NO CHANGES TURSE HOVONCS: [ENN VER FLY,NO CHANGES,true,,,,,RVAB/REBAR 2 3/-2.01%),2,,,NO CHANGES,NO CHANGES,NO CHANGES,true,BOTTOM LINE: HEADLINE VOLATILITY CONTINUES... SP%/QQQ BATTLE ARQUND 200. DMA,HEADLINE VOLATILITY CONTINUES... SP%/QQQ BATTLE ARQUND 200. DMA
revere_20260326.png,2026-03-26,1,gro_only,threshold,60.00,review,MISSING_GRO_HOLDINGS,"6RO HOLDINGS: SPYM,UPRO, IS. || GRO RVAB/REBAR: (©) //-0.39%) SELL NET TRIM FSLY ADD TO HEDGE SDS TUREO WOLOINGS: [I VER. FS. B+ TURBO RVAB/REBAR: (+ : //-2.49%) BUY AVS || BOTTOM LINE: HEADLINE VOLATILITY CONTINUES $PX/QQQ BATTLE AROUND 200-OMA",,,,,RVAB/REBAR: (©) //-0.39%),0.39,,,SELL NET TRIM FSLY ADD TO HEDGE SDS TUREO WOLOINGS: [I VER. FS. B+ TURBO RVAB/REBAR: (+ : //-2.49%) BUY AVS,SELL NET TRIM FSLY ADD TO HEDGE SDS TUREO WOLOINGS: [I VER. FS. B+ TURBO RVAB/REBAR: (+ : //-2.49%) BUY AVS,SELL:NET|TRIM:FSLY|ADD:TO HEDGE SDS TUREO WOLOINGS: [I VER. FS. B+ TURBO RVAB/REBAR: (+ : //-2.49%)|BUY:AVS,false,,,,,,,,,,,,false,BOTTOM LINE: HEADLINE VOLATILITY CONTINUES $PX/QQQ BATTLE AROUND 200-OMA,HEADLINE VOLATILITY CONTINUES $PX/QQQ BATTLE AROUND 200-OMA
revere_20260327.png,2026-03-27,1,gro_turbo,threshold,58.00,review,MISSING_GRO_HOLDINGS|MISSING_TURBO_HOLDINGS|LOW_OCR_CONFIDENCE,"ARO HOLOMAS: SEVM,UENO, J || GRO RVAB/REBAR: (7% 0.05%) ADD TO HEDGE SDS. SELL FLSY 1UREO WAROIES: [ING TER FS || TURBO RVAB/REBAR: (-0.18/-1.73%) NO CHANGES || BOTTOM LINE: OPTIMISM FOR COAST FIRE W/IRAN FADES, © « #1 § * 4 57X/GGQ 200 OMAY",,,,,RVAB/REBAR: (7% 0.05%),7,,,ADD TO HEDGE SDS. SELL FLSY 1UREO WAROIES: [ING TER FS,ADD TO HEDGE SDS. SELL FLSY 1UREO WAROIES: [ING TER FS,ADD:TO HEDGE SDS|SELL:FLSY 1UREO WAROIES: [ING TER FS,false,,,,,RVAB/REBAR: (-0.18/-1.73%),0.18,,,NO CHANGES,NO CHANGES,NO CHANGES,true,"BOTTOM LINE: OPTIMISM FOR COAST FIRE W/IRAN FADES, © « #1 § * 4 57X/GGQ 200 OMAY","OPTIMISM FOR COAST FIRE W/IRAN FADES, © « #1 § * 4 57X/GGQ 200 OMAY"
revere_20260330.png,2026-03-30,1,gro_turbo,threshold,68.00,review,MISSING_GRO_HOLDINGS|MISSING_TURBO_HOLDINGS,"ARA HOLOINGS: SEVM,UPRO, [EN || GRO RVAB/REBAR: (0.03/-0.05%) NO CHANGES UREO HOTES: IN << || TURBO RVAB/REBAR: [-0.19/-1.54%) O-TRIM 1ONZ R6TZ 572 JEN TRIM FSLY || BOTTOM LINE: > GENERALS GET SHOT LAST: DESTRUCTION IN AL, MEMDRY, & OPTIC STOCKS",,,,,RVAB/REBAR: (0.03/-0.05%),0.03,,,NO CHANGES UREO HOTES: IN <<,NO CHANGES UREO HOTES: IN <<,NO CHANGES,true,,,,,RVAB/REBAR: [-0.19/-1.54%) O-,0.19,,,TRIM 1ONZ R6TZ 572 JEN TRIM FSLY,TRIM 1ONZ R6TZ 572 JEN TRIM FSLY,TRIM:1ONZ R6TZ 572 JEN|TRIM:FSLY,false,"BOTTOM LINE: > GENERALS GET SHOT LAST: DESTRUCTION IN AL, MEMDRY, & OPTIC STOCKS","> GENERALS GET SHOT LAST: DESTRUCTION IN AL, MEMDRY, & OPTIC STOCKS"
revere_20260331.png,2026-03-31,1,gro_turbo,threshold,58.00,review,MISSING_TURBO_HOLDINGS|MISSING_BOTTOM_LINE|LOW_OCR_CONFIDENCE,GRO HOLDINGS: SPVM.UPRO SE || GRO RVAB/REBAR: {+ 0 26%) NO CHANGES || TURBO RVAB/REBAR. [ 0 18/ 1.54%) SBOTTOMULINE: > I FL. WE U1 VEI ALAN AL 21.0 FE OOR 3,SPVM.UPRO SE,SPVM|UPRO|SE,,,RVAB/REBAR: {+ 0 26%),0,,,NO CHANGES,NO CHANGES,NO CHANGES,true,,,,,RVAB/REBAR. [ 0 18/ 1.54%) SBOTTOMULINE: > I FL. WE U1 VEI ALAN AL 21.0 FE OOR 3,0,18,1.54,,,,false,,
revere_20260401.png,2026-04-01,1,gro_turbo,threshold,75.00,review,MISSING_BOTTOM_LINE,"GRO HOLDINGS: SPYM,UPRO, || GRO RVAB/REBAR: {.:.1=/-0.52%) SELL HEDGE SPXS || TURBO HOLDINGS: RFSLY || TURBO RVAB/REBAR: (-0.23/-1 16%} NO CHANGES || BOTTOM LINE:","SPYM,UPRO,",SPYM|UPRO,,,RVAB/REBAR: {.:.1=/-0.52%),1,,,SELL HEDGE SPXS,SELL HEDGE SPXS,SELL:HEDGE SPXS,false,RFSLY,RFSLY,,,RVAB/REBAR: (-0.23/-1 16%},0.23,,,NO CHANGES,NO CHANGES,NO CHANGES,true,BOTTOM LINE:,
revere_20260402.png,2026-04-02,1,gro_turbo,threshold,51.00,review,MISSING_BOTTOM_LINE|LOW_OCR_CONFIDENCE,"GRO HOLDINGS: SP7M,UPRO. || GRO RVAB/REBAR {15-0 56%} || TURBO HOLDINGS: RFSLY || TURBO RVAB/REBAR: [-0 21/-1 DB%) NO CHANGES SBOTTOMUNE: > + [REEEEIREN A. CEA","SP7M,UPRO.",SPYM|UPRO,,CORRECT:SP7M->SPYM,RVAB/REBAR {15-0 56%},15,,,,,,false,RFSLY,RFSLY,,INHERIT_NO_CHANGES:revere_20260401.png,RVAB/REBAR: [-0 21/-1 DB%),0,,,NO CHANGES SBOTTOMUNE: > + [REEEEIREN A. CEA,NO CHANGES SBOTTOMUNE: > + [REEEEIREN A. CEA,NO CHANGES,true,,
revere_20260406.png,2026-04-06,1,gro_turbo,threshold,43.00,review,MISSING_GRO_HOLDINGS|MISSING_TURBO_HOLDINGS|MISSING_BOTTOM_LINE|LOW_OCR_CONFIDENCE,"GRO HOTOINGS: SPYM,UPRO, IN || GRO RVAB/REBAR: (::.3}:-0.96%) SELL SOS YURSO WOLOWES: {VC SV || TURBO RVAB/REBAR: {-0.11/-80%) SELL SBIT BOTTOMLINE: 3 330 00 ALTENITRI RA [LSE 5, WAL JR THD USAU RSL",,,,,RVAB/REBAR: (::.3}:-0.96%),3,,,SELL SOS YURSO WOLOWES: {VC SV,SELL SOS YURSO WOLOWES: {VC SV,SELL:SOS YURSO WOLOWES: {VC SV,false,,,,,RVAB/REBAR: {-0.11/-80%),0.11,,,"SELL SBIT BOTTOMLINE: 3 330 00 ALTENITRI RA [LSE 5, WAL JR THD USAU RSL","SELL SBIT BOTTOMLINE: 3 330 00 ALTENITRI RA [LSE 5, WAL JR THD USAU RSL",SELL:SBIT BOTTOMLINE: 3 330 00 ALTENITRI RA [LSE 5|SELL:WAL JR THD USAU RSL,false,,
revere_20260407.png,2026-04-07,1,gro_turbo,threshold,77.00,ok,,"GRO HOLDINGS: SPYM,UPRO, || GRO RVAB/REBAR: (0.34,-0.96%) || TURBO HOLDINGS: RM, GLW, TER,FSLY || TURBO RVAB/REBAR: {0.01/-0.94%) SELL AVS BUY ARM + GLW || BOTTOM LINE: 9 IRAN DRIVEN CHOP ON RALLY DAY 5; TRUM? ULTIVATUM 8PM TONIGHT","SPYM,UPRO,",SPYM|UPRO,,,"RVAB/REBAR: (0.34,-0.96%)",0.34,,,,,,false,"RM, GLW, TER,FSLY",ARM|GLW|TER|FSLY,,EXPAND:RM->ARM,RVAB/REBAR: {0.01/-0.94%),0.01,,,SELL AVS BUY ARM + GLW,SELL AVS BUY ARM + GLW,SELL:AVS|BUY:ARM + GLW,false,BOTTOM LINE: 9 IRAN DRIVEN CHOP ON RALLY DAY 5; TRUM? ULTIVATUM 8PM TONIGHT,9 IRAN DRIVEN CHOP ON RALLY DAY 5; TRUM? ULTIVATUM 8PM TONIGHT
revere_20260408.png,2026-04-08,1,gro_turbo,threshold,56.00,review,MISSING_GRO_HOLDINGS|MISSING_TURBO_HOLDINGS|LOW_OCR_CONFIDENCE,"RO HOLDINGS: SEV UPO, [CO CNG || GRO RVAB/REBAR: {: 52°-1.99%) BUY DOCN LNG TRIM HEDGE SPXS TURE WOLOINES: SEV, ER <M. GL. TER FSLY. BWXT.50LS || TURBO RVAB/REBAR: (0 35/-1.81%) BUY SPYM BWXTSOLS TRIM NVD || BOTTOM LINE: 7 ,7F~ TAS? 7 RE SPARKS RIS RALLY S57 36% CONT 7S 71",,,,,RVAB/REBAR: {: 52°-1.99%),52,,,"BUY DOCN LNG TRIM HEDGE SPXS TURE WOLOINES: SEV, ER <M. GL. TER FSLY. BWXT.50LS","BUY DOCN LNG TRIM HEDGE SPXS TURE WOLOINES: SEV, ER <M. GL. TER FSLY. BWXT.50LS",BUY:DOCN LNG|TRIM:HEDGE SPXS TURE WOLOINES: SEV|TRIM:ER <M. GL. TER FSLY. BWXT.50LS,false,,,,,RVAB/REBAR: (0 35/-1.81%),0,,,BUY SPYM BWXTSOLS TRIM NVD,BUY SPYM BWXTSOLS TRIM NVD,BUY:SPYM BWXTSOLS|TRIM:NVD,false,"BOTTOM LINE: 7 ,7F~ TAS? 7 RE SPARKS RIS RALLY S57 36% CONT 7S 71","7 ,7F~ TAS? 7 RE SPARKS RIS RALLY S57 36% CONT 7S 71"
revere_20260409.png,2026-04-09,1,gro_turbo,threshold,52.00,review,MISSING_GRO_HOLDINGS|MISSING_TURBO_HOLDINGS|LOW_OCR_CONFIDENCE,"GRO HOLOINGS: SPYM.UPRO, JL OC WE FLSY || GRO RVAB/REBAR: (1 %:./-2.54%) BUY FSLY TRIM DOCN LNG CLOSE HEDGE SPXL RUNAOWOLOIWGS: SEV SNINIIRA RM, GLW, TER FL, BWA SOLS || TURBO RVAB/REBAR: {U. ;/-2.17%) SELL NVD ADD TO SPYM ARM || BOTTOM LINE: 3 5PX L552 HIGHER SIG=. 5% X< 20 & LEADERS (CNS RIC IVE",,,,,RVAB/REBAR: (1 %:./-2.54%),1,,,"BUY FSLY TRIM DOCN LNG CLOSE HEDGE SPXL RUNAOWOLOIWGS: SEV SNINIIRA RM, GLW, TER FL, BWA SOLS","BUY FSLY TRIM DOCN LNG CLOSE HEDGE SPXL RUNAOWOLOIWGS: SEV SNINIIRA RM, GLW, TER FL, BWA SOLS",BUY:FSLY|TRIM:DOCN LNG CLOSE HEDGE SPXL RUNAOWOLOIWGS: SEV SNINIIRA RM|TRIM:GLW|TRIM:TER FL|TRIM:BWA SOLS,false,,,,,RVAB/REBAR: {U. ;/-2.17%),2.17,,,SELL NVD ADD TO SPYM ARM,SELL NVD ADD TO SPYM ARM,SELL:NVD|ADD:TO SPYM ARM,false,BOTTOM LINE: 3 5PX L552 HIGHER SIG=. 5% X< 20 & LEADERS (CNS RIC IVE,3 5PX L552 HIGHER SIG=. 5% X< 20 & LEADERS (CNS RIC IVE
revere_20260410.png,2026-04-10,1,gro_turbo,threshold,73.00,review,MISSING_GRO_HOLDINGS|MISSING_TURBO_HOLDINGS|MISSING_BOTTOM_LINE,"GRO HOLPINGS: SPYM,UPRC JL URO || GRO RVAB/REBAR: (0.5//-2.44%) SELL DOCN FSLY LNG BUY UFO LABU 1UREO HOLOINGS: SEYM, [ER ~M, LW, TER, BWXT SOLS || TURBO RVAB/REBAR: (0.46/-2.57%) SELL FSLY",,,,,RVAB/REBAR: (0.5//-2.44%),0.5,,,"SELL DOCN FSLY LNG BUY UFO LABU 1UREO HOLOINGS: SEYM, [ER ~M, LW, TER, BWXT SOLS","SELL DOCN FSLY LNG BUY UFO LABU 1UREO HOLOINGS: SEYM, [ER ~M, LW, TER, BWXT SOLS",SELL:DOCN FSLY LNG|BUY:UFO LABU 1UREO HOLOINGS: SEYM|BUY:[ER ~M|BUY:LW|BUY:TER|BUY:BWXT SOLS,false,,,,,RVAB/REBAR: (0.46/-2.57%),0.46,,,SELL FSLY,SELL FSLY,SELL:FSLY,false,,
revere_20260413.png,2026-04-13,1,gro_turbo,threshold,67.00,review,MISSING_TURBO_HOLDINGS,"GRO HOLDINGS: S#YM,UPRO, UFO, XB1, TPR MU,CAVA,CAT || GRO RVAB/REBAR: (0) 53/-3.45%) SELL ORCS ADD TO UPRO BUY UPRO TPR MU CAVA CAT 1URBO HOLONGS: SEV JEEIRA RM, GLW. TER BWXT SOLS ASTS LUNR,RKLS, LABU, DELL || TURBO RVAB/REBAR: (1: 5/-3.84%) BUY ASTS LUNR RKLB LABU DELL SELL RGTZ || BOTTOM LINE: & CONS 3007 WE POST FTD ACT.CN CO%™ NUES","S#YM,UPRO, UFO, XB1, TPR MU,CAVA,CAT",SPYM|UPRO|UFO|XBI|TPR|MU|CAVA|CAT,,CORRECT:S#YM->SPYM,RVAB/REBAR: (0) 53/-3.45%),0,,,"SELL ORCS ADD TO UPRO BUY UPRO TPR MU CAVA CAT 1URBO HOLONGS: SEV JEEIRA RM, GLW. TER BWXT SOLS ASTS LUNR,RKLS, LABU, DELL","SELL ORCS ADD TO UPRO BUY UPRO TPR MU CAVA CAT 1URBO HOLONGS: SEV JEEIRA RM, GLW. TER BWXT SOLS ASTS LUNR,RKLS, LABU, DELL",SELL:ORCS|ADD:TO UPRO|BUY:UPRO TPR MU CAVA CAT 1URBO HOLONGS: SEV JEEIRA RM|BUY:GLW. TER BWXT SOLS ASTS LUNR|BUY:RKLS|BUY:LABU|BUY:DELL,false,,,,,RVAB/REBAR: (1: 5/-3.84%),1,,,BUY ASTS LUNR RKLB LABU DELL SELL RGTZ,BUY ASTS LUNR RKLB LABU DELL SELL RGTZ,BUY:ASTS LUNR RKLB LABU DELL|SELL:RGTZ,false,BOTTOM LINE: & CONS 3007 WE POST FTD ACT.CN CO%™ NUES,& CONS 3007 WE POST FTD ACT.CN CO%™ NUES
revere_20260414.png,2026-04-14,1,gro_turbo,threshold,61.00,ok,,"GRO HOLDINGS: SPYM,UPRO,UFO,LABU, MU,CAT.CAVA PLTPR CHEN, LITE || GRO RVAB/REBAR: [:: ""1 *.-4.79%) ADD TO CAVA BUY PL LITE CEN || TURBO HOLDINGS: SPYM,LABU ARM DELL RKIB.GLW,BE BWXT,SOLS. TER LUNR || TURBO RVAB/REBAR: {1 L2/-5.16%) BUY BE ADD TO GLW AKLE SELL ASTS QBTZ IONZ || BOTTOM LINE: 3 ""11 LIARS, ""LBS 150 EY HE. ELA","SPYM,UPRO,UFO,LABU, MU,CAT.CAVA PLTPR CHEN, LITE",SPYM|UPRO|UFO|LABU|MU|CAT|CAVA|PLTR|CIEN|LITE,,CORRECT:PLTPR->PLTR|CORRECT:CHEN->CIEN,"RVAB/REBAR: [:: ""1 *.-4.79%)",1,,,ADD TO CAVA BUY PL LITE CEN,ADD TO CAVA BUY PL LITE CEN,ADD:TO CAVA|BUY:PL LITE CEN,false,"SPYM,LABU ARM DELL RKIB.GLW,BE BWXT,SOLS. TER LUNR",SPYM|LABU|ARM|DELL|RKLB|GLW|BE|BWXT|SOLS|TER|LUNR,,CORRECT:RKIB->RKLB,RVAB/REBAR: {1 L2/-5.16%),1,,,BUY BE ADD TO GLW AKLE SELL ASTS QBTZ IONZ,BUY BE ADD TO GLW AKLE SELL ASTS QBTZ IONZ,BUY:BE|ADD:TO GLW AKLE|SELL:ASTS QBTZ IONZ,false,"BOTTOM LINE: 3 ""11 LIARS, ""LBS 150 EY HE. ELA","3 ""11 LIARS, ""LBS 150 EY HE. ELA"
revere_20260415.png,2026-04-15,1,gro_turbo,threshold,72.00,review,MISSING_BOTTOM_LINE,"GRO HOLDINGS: SPYM,UPRO,UFO,LABU, DRAM, MU, CAT, CAVA PL, TPR, CIEN, LITE, TER, GLW || GRO RVAB/REBAR: {1.09/-5.23%) BUY DRAM TER GLW || TURBO HOLDINGS: SPYM,LABU,ARM,DELL,RKLB,GLW,BE,BWXT,SOLS, TER, LUNR. SATS,CCJ || TURBO RVAB/REBAR: {1.24/-5.70%) BUY SATS CC) IL * BOTTOM LINE: » UNPRECEDENTED V-SHAPE RECOVERY INTO ALL-TIME HIGHS","SPYM,UPRO,UFO,LABU, DRAM, MU, CAT, CAVA PL, TPR, CIEN, LITE, TER, GLW",SPYM|UPRO|UFO|LABU|DRAM|MU|CAT|CAVA|PL|TPR|CIEN|LITE|TER|GLW,,,RVAB/REBAR: {1.09/-5.23%),1.09,,,BUY DRAM TER GLW,BUY DRAM TER GLW,BUY:DRAM TER GLW,false,"SPYM,LABU,ARM,DELL,RKLB,GLW,BE,BWXT,SOLS, TER, LUNR. SATS,CCJ",SPYM|LABU|ARM|DELL|RKLB|GLW|BE|BWXT|SOLS|TER|LUNR|SATS|CCJ,,,RVAB/REBAR: {1.24/-5.70%),1.24,,,BUY SATS CC) IL * BOTTOM LINE: » UNPRECEDENTED V-SHAPE RECOVERY INTO ALL-TIME HIGHS,BUY SATS CC) IL * BOTTOM LINE: » UNPRECEDENTED V-SHAPE RECOVERY INTO ALL-TIME HIGHS,BUY:SATS CC) IL * BOTTOM LINE: » UNPRECEDENTED V-SHAPE RECOVERY INTO ALL-TIME HIGHS,false,,
revere_20260416.png,2026-04-16,1,gro_turbo,threshold,52.00,review,MISSING_GRO_ACTION_LINE|MISSING_BOTTOM_LINE|LOW_OCR_CONFIDENCE|SUSPICIOUS_TURBO_TICKERS,"GRO HOLDINGS: S441 LOR. LNO.LABL. ORAM. WEMLMU CAT CAVA RL THLCENLTE TER GLAS GRO AVAB/REBAR. (1 ©» GI) UY QS WMI || TURBO HOLDINGS: S271, LABU ARM DELLLRFLE,GLW, ME BWXT SOLS, TER LUNR SATS, CC) PLAMPX || TURBO RVAB/REBAR: (* -/ 5 90%} BUY AMPX PL ADD TO ARM BOTFOM UNE: + .",S441 LOR. LNO.LABL. ORAM. WEMLMU CAT CAVA RL THLCENLTE TER GLAS GRO AVAB/REBAR. (1 ©» GI) UY QS WMI,SITM|PLTR|SNOW|LABL|ORAM|TEM|MU|CAT|CAVA|MRVL|THA|BE|PL|TE|TER|ALAB|AVAB|GI|UY|S|WGMI,,CORRECT:S44I->SITM|CORRECT:LOR->PLTR|CORRECT:LNO->SNOW|SPLIT:WEMLMU->TEM+MU|CORRECT:RL->MRVL|SPLIT:THLCENLTE->THA+BE+PL+TE|CORRECT:GLAS->ALAB|CORRECT:QS->S|CORRECT:WMI->WGMI,,,,,,,,false,"S271, LABU ARM DELLLRFLE,GLW, ME BWXT SOLS, TER LUNR SATS, CC) PLAMPX",I|LABU|ARM|DELL|LRFLE|GLW|XME|BWXT|SOLS|TER|LUNR|SATS|CC|PL|AMPX,LRFLE,CORRECT:S27I->I|SPLIT:DELLLRFLE->DELL+LRFLE|EXPAND:ME->XME|SPLIT:PLAMPX->PL+AMPX,RVAB/REBAR: (* -/ 5 90%},5,,,BUY AMPX PL ADD TO ARM BOTFOM UNE: + .,BUY AMPX PL ADD TO ARM BOTFOM UNE: + .,BUY:AMPX PL|ADD:TO ARM BOTFOM UNE: +,false,,
revere_20260417.png,2026-04-17,1,gro_turbo,threshold,42.00,review,MISSING_GRO_HOLDINGS|MISSING_BOTTOM_LINE|LOW_OCR_CONFIDENCE,"GAD HOLDINGS: CUB LIPO LIE AR DAA WAL UGT RA CAT CAVA TH OH RTE TER GET 15, CROO || GRO RVAB/RERAR; (© © © 43%} BUY WUGT CADO || TURBO HOLDINGS: $971 LAB £1MK B12 ALR £420 RE GUM AWPET S001 THR LUE TS C213 40001 50D || TURBO RVAB/REBAR: (3/6 28%} BUY ETHA BITX FRO CMOTTOMUNE: > ©... 0 1 0 TALS",,,,,RVAB/RERAR; (© © © 43%},43,,,BUY WUGT CADO,BUY WUGT CADO,BUY:WUGT CADO,false,$971 LAB £1MK B12 ALR £420 RE GUM AWPET S001 THR LUE TS C213 40001 50D,LABU|PICK|BIT|PLTR|REN|GUMW|ANET|HOOD|TER|LUNR|TSA|CCI,,EXPAND:LAB->LABU|CORRECT:IMK->PICK|EXPAND:BI2->BIT|CORRECT:ALR->PLTR|EXPAND:RE->REN|EXPAND:GUM->GUMW|CORRECT:AWPET->ANET|CORRECT:SOOI->HOOD|CORRECT:THR->TER|CORRECT:LUE->LUNR|EXPAND:TS->TSA|EXPAND:C2I3->CCI|CORRECT:SOD->HOOD,RVAB/REBAR: (3/6 28%},,3,6,BUY ETHA BITX FRO CMOTTOMUNE: > ©... 0 1 0 TALS,BUY ETHA BITX FRO CMOTTOMUNE: > ©... 0 1 0 TALS,BUY:ETHA BITX FRO CMOTTOMUNE: > ©... 0 1 0 TALS,false,,
revere_20260420.png,2026-04-20,1,gro_turbo,threshold,42.00,review,MISSING_BOTTOM_LINE|LOW_OCR_CONFIDENCE,"GRO HOLDINGS: 571H.UPAO UFO.LABL DRAM WRAL MUGT SU. CAT CAVA PLIPE CEN UTE TER GLW.CLS.CROD. || GRO RVAB/REBAR: {1 21/-6.05%) ADD TA GLW. || TURBO HOLDINGS: 56H, LA. £ TA, TX ARM DEE 8513, GUMW, BE BWK 5015 TER LUNA SATS CCL PLAMPI ROME: || TURBO RVAB/REBAR: {1 73/.6.38%) BUY NBIS SBOTTOM UNE: 53 I OOL THIE #20 I HS BEBE, LEA DESTE 015I",571H.UPAO UFO.LABL DRAM WRAL MUGT SU. CAT CAVA PLIPE CEN UTE TER GLW.CLS.CROD.,SITM|UPAO|UFO|LABL|DRAM|MRVL|NUGT|SUV|CAT|CAVA|LITE|CEN|TER|GLW|CLS|CROD,,CORRECT:S7IH->SITM|CORRECT:WRAL->MRVL|CORRECT:MUGT->NUGT|EXPAND:SU->SUV|CORRECT:PLIPE->LITE|CORRECT:UTE->LITE,RVAB/REBAR: {1 21/-6.05%),1,,,ADD TA GLW.,ADD TA GLW.,ADD:TA GLW,false,"56H, LA. £ TA, TX ARM DEE 8513, GUMW, BE BWK 5015 TER LUNA SATS CCL PLAMPI ROME:",GH|LAB|TA|T|ARM|DELL|GUMW|BE|RBRK|TER|LUNR|SATS|CCL|PL|AMPX|REMX,,CORRECT:SGH->GH|EXPAND:LA->LAB|CORRECT:TX->T|CORRECT:DEE->DELL|CORRECT:BWK->RBRK|CORRECT:LUNA->LUNR|SPLIT:PLAMPI->PL+AMPX|CORRECT:ROME->REMX,RVAB/REBAR: {1 73/.6.38%),1,,,"BUY NBIS SBOTTOM UNE: 53 I OOL THIE #20 I HS BEBE, LEA DESTE 015I","BUY NBIS SBOTTOM UNE: 53 I OOL THIE #20 I HS BEBE, LEA DESTE 015I",BUY:NBIS SBOTTOM UNE: 53 I OOL THIE #20 I HS BEBE|BUY:LEA DESTE 015I,false,,
revere_20260421.png,2026-04-21,1,gro_turbo,threshold,74.00,review,SUSPICIOUS_GRO_TICKERS,"GRO HOLDINGS: SPYM,UPRO,UFO.LABU,DRAM.WGMIPLCAVA MU.CAT.GLW, TPR, TER, CLS, CRDO,CIEN,ITE || GRO RVAB/REBAR: (:.31/-6.05%) ADD TO UPRO SELL NUGT || TURBO HOLDINGS: SPYM.UPRO,LABU.ARM.GLW.RKLB, DELL SOLS.BE.PLLNBIS AMP. TER MU.LUNK || TURBO RVAB/REBAR: [1.64/-6.60%) BUY UPRD + MU SELL BITX, ETHA BWXT, SATS, FRO, £CJ || BOTTOM LINE: » NEEDED PULLBACK ACCELERATES ON PM (RAN NEWS; BOUNCES","SPYM,UPRO,UFO.LABU,DRAM.WGMIPLCAVA MU.CAT.GLW, TPR, TER, CLS, CRDO,CIEN,ITE",SPYM|UPRO|UFO|LABU|DRAM|WGMI|PLCAVA|MU|CAT|GLW|TPR|TER|CLS|CRDO|CIEN|LITE,PLCAVA,SPLIT:WGMIPLCAVA->WGMI+PLCAVA|EXPAND:ITE->LITE,RVAB/REBAR: (:.31/-6.05%),31,,,ADD TO UPRO SELL NUGT,ADD TO UPRO SELL NUGT,ADD:TO UPRO|SELL:NUGT,false,"SPYM.UPRO,LABU.ARM.GLW.RKLB, DELL SOLS.BE.PLLNBIS AMP. TER MU.LUNK",SPYM|UPRO|LABU|ARM|GLW|RKLB|DELL|SOLS|BE|PL|NBIS|AMPX|TER|MU|LUNR,,SPLIT:PLLNBIS->PL+NBIS|EXPAND:AMP->AMPX|CORRECT:LUNK->LUNR,RVAB/REBAR: [1.64/-6.60%),1.64,,,"BUY UPRD + MU SELL BITX, ETHA BWXT, SATS, FRO, £CJ","BUY UPRD + MU SELL BITX, ETHA BWXT, SATS, FRO, £CJ",BUY:UPRD + MU|SELL:BITX|SELL:ETHA BWXT|SELL:SATS|SELL:FRO|SELL:£CJ,false,BOTTOM LINE: » NEEDED PULLBACK ACCELERATES ON PM (RAN NEWS; BOUNCES,» NEEDED PULLBACK ACCELERATES ON PM (RAN NEWS; BOUNCES
revere_20260422.png,2026-04-22,1,gro_turbo,threshold,78.00,ok,,"GRO HOLDINGS: SPYM,UPRO,TNA,UFO,LABU, DRAM, WGMI,PL.CAVA, MU,CAT,GLW, TER,CLS,CRDO, CIEN,LITE || GRO RVAB/REBAR: {1.35/-6.15%) BUY TNA SELL TPR || TURBO HOLDINGS: SPYM,UPRG,LABL.ARM,GLW,RKLB,DELL SOLS, BE, PL.NBIS, AMPX. TER, MU, LUNR,CIFR || TURBO RVAB/REBAR: (1.87/-7.29%) BUY CIFR ADD TO MU || BOTTOM LINE: -» CEASEFIRE EXTENSION RENEWS MARKET MOMENTUM","SPYM,UPRO,TNA,UFO,LABU, DRAM, WGMI,PL.CAVA, MU,CAT,GLW, TER,CLS,CRDO, CIEN,LITE",SPYM|UPRO|TNA|UFO|LABU|DRAM|WGMI|PL|CAVA|MU|CAT|GLW|TER|CLS|CRDO|CIEN|LITE,,,RVAB/REBAR: {1.35/-6.15%),1.35,,,BUY TNA SELL TPR,BUY TNA SELL TPR,BUY:TNA|SELL:TPR,false,"SPYM,UPRG,LABL.ARM,GLW,RKLB,DELL SOLS, BE, PL.NBIS, AMPX. TER, MU, LUNR,CIFR",SPYM|UPRG|LABL|ARM|GLW|RKLB|DELL|SOLS|BE|PL|NBIS|AMPX|TER|MU|LUNR|CIFR,,,RVAB/REBAR: (1.87/-7.29%),1.87,,,BUY CIFR ADD TO MU,BUY CIFR ADD TO MU,BUY:CIFR|ADD:TO MU,false,BOTTOM LINE: -» CEASEFIRE EXTENSION RENEWS MARKET MOMENTUM,-» CEASEFIRE EXTENSION RENEWS MARKET MOMENTUM
revere_20260423.png,2026-04-23,1,gro_turbo,threshold,50.00,review,LOW_OCR_CONFIDENCE|SUSPICIOUS_TURBO_TICKERS,"GRO HOLDINGS: SPRIV.UPR0.THA.LUFO.ORAM. WGMLEWE, PLCAVA MU. CAT GL. TERCLS, CRDO SIEN.CHTE LS || GRO RVAB/REBAR: (: +) 5.55%) BUY NBISEWZ ~~ ADD TOCRDOTNA SELL LABU || TURBO HOLDINGS: PYM UPRO,LABU ARM GLA AELB DELLSOLS BE, PLAS AMP, TER MULUNA.CH RIACH AND. || TURBO RVAB/REBAR: {2 2:/-7.12%) BUY IREN APLD || BOTTOM LINE: TRI POY FA REND § ON #0 ""HE S82 OC","SPRIV.UPR0.THA.LUFO.ORAM. WGMLEWE, PLCAVA MU. CAT GL. TERCLS, CRDO SIEN.CHTE LS",SPYV|UPRO|ETHA|UFO|ORAM|WGMI|EWZ|PL|CAVA|MU|CAT|GLD|TERPL|S|CRDO|CIEN|LITE|CLS,,CORRECT:SPRIV->SPYV|EXPAND:THA->ETHA|CORRECT:LUFO->UFO|SPLIT:WGMLEWE->WGMI+EWZ|SPLIT:PLCAVA->PL+CAVA|EXPAND:GL->GLD|SPLIT:TERCLS->TERPL+S|CORRECT:SIEN->CIEN|CORRECT:CHTE->LITE|EXPAND:LS->CLS,RVAB/REBAR: (: +) 5.55%),5.55,,,BUY NBISEWZ ~~ ADD TOCRDOTNA SELL LABU,BUY NBISEWZ ~~ ADD TOCRDOTNA SELL LABU,BUY:NBISEWZ ~~|ADD:TOCRDOTNA|SELL:LABU,false,"PYM UPRO,LABU ARM GLA AELB DELLSOLS BE, PLAS AMP, TER MULUNA.CH RIACH AND.",SPYM|UPRO|LABU|ARM|GLD|DELL|SOLS|BE|PLTR|AMPX|TER|MU|LUNR|CF|RIACH,RIACH,EXPAND:PYM->SPYM|CORRECT:GLA->GLD|CORRECT:AELB->DELL|SPLIT:DELLSOLS->DELL+SOLS|CORRECT:PLAS->PLTR|EXPAND:AMP->AMPX|SPLIT:MULUNA->MU+LUNR|CORRECT:CH->CF,RVAB/REBAR: {2 2:/-7.12%),2,,,BUY IREN APLD,BUY IREN APLD,BUY:IREN APLD,false,"BOTTOM LINE: TRI POY FA REND § ON #0 ""HE S82 OC","TRI POY FA REND § ON #0 ""HE S82 OC"
revere_20260424.png,2026-04-24,1,gro_turbo,threshold,72.00,ok,,"GRO HOLDINGS: SPYM,UPRO, TNA DRAM, WGMI,EWZ,PLCAVA,MU,CAT,GLW, TER, CLS, CRDO,CIEN, LITE NBIS. || GRO RVAB/REBAR: (1.40/-6.02%) SELL UFO TRIM PL || TURBO HOLDINGS: SPYM,UPRO,LABU, ARM, GLW,RKLE, DELL, SOLS, 8€ PLAMPX, TER MU,LUNR,CIFR,IREN,APLD || TURBO RVAB/REBAR: (2.08/-7.01%) O-TRIM ARM SELL NBIS || BOTTOM LINE: FRESH ATHS AFTER STRONG INTEL EARNINGS","SPYM,UPRO, TNA DRAM, WGMI,EWZ,PLCAVA,MU,CAT,GLW, TER, CLS, CRDO,CIEN, LITE NBIS.",SPYM|UPRO|TNA|DRAM|WGMI|EWZ|PL|CAVA|MU|CAT|GLW|TER|CLS|CRDO|CIEN|LITE|NBIS,,SPLIT:PLCAVA->PL+CAVA,RVAB/REBAR: (1.40/-6.02%),1.40,,,SELL UFO TRIM PL,SELL UFO TRIM PL,SELL:UFO|TRIM:PL,false,"SPYM,UPRO,LABU, ARM, GLW,RKLE, DELL, SOLS, 8€ PLAMPX, TER MU,LUNR,CIFR,IREN,APLD",SPYM|UPRO|LABU|ARM|GLW|RKLE|DELL|SOLS|PL|AMPX|TER|MU|LUNR|CIFR|IREN|APLD,,SPLIT:PLAMPX->PL+AMPX,RVAB/REBAR: (2.08/-7.01%) O-,2.08,,,TRIM ARM SELL NBIS,TRIM ARM SELL NBIS,TRIM:ARM|SELL:NBIS,false,BOTTOM LINE: FRESH ATHS AFTER STRONG INTEL EARNINGS,FRESH ATHS AFTER STRONG INTEL EARNINGS
revere_20260427.png,2026-04-27,1,gro_turbo,threshold,70.00,ok,,"GRO HOLDINGS: SPYV,UPR0, TNA DRAM, WGMIEWZ,PLCAVAMU,CAT,GLW, TER, CLS, CRDO,CIEN,LITE,NBIS.C0 || GRO RVAB/REBAR: {1.41/-5.71%) TRIM NBIS PL GLW ADD TO WGMI BUY CC) || TURBO HOLDINGS: SPYM,UPRO.LABU,REMX. ARM, GLW, RKLB, DELL SOLS, BE AMPX, TER, MU,LUNR,CIFR IREN,ONDS. || TURBO RVAB/REBAR: (1.90/-6.73%) SELL APLD PL TRIM GLW BUY ONDS REMX || BOTTOM LINE: » THE CALM BEFORE THE STORM (FOMC AND MEGA CAP ERS}","SPYV,UPR0, TNA DRAM, WGMIEWZ,PLCAVAMU,CAT,GLW, TER, CLS, CRDO,CIEN,LITE,NBIS.C0",SPYV|UPRO|TNA|DRAM|WGMI|EWZ|PLCAV|MU|CAT|GLW|TER|CLS|CRDO|CIEN|LITE|NBIS|CC,,SPLIT:WGMIEWZ->WGMI+EWZ|SPLIT:PLCAVAMU->PLCAV+MU|SPLIT:NBIS.CO->NBIS+CC,RVAB/REBAR: {1.41/-5.71%),1.41,,,TRIM NBIS PL GLW ADD TO WGMI BUY CC),TRIM NBIS PL GLW ADD TO WGMI BUY CC),TRIM:NBIS PL GLW|ADD:TO WGMI|BUY:CC),false,"SPYM,UPRO.LABU,REMX. ARM, GLW, RKLB, DELL SOLS, BE AMPX, TER, MU,LUNR,CIFR IREN,ONDS.",SPYM|UPRO|LABU|REMX|ARM|GLW|RKLB|DELL|SOLS|BE|AMPX|TER|MU|LUNR|CIFR|IREN|ONDS,,,RVAB/REBAR: (1.90/-6.73%),1.90,,,SELL APLD PL TRIM GLW BUY ONDS REMX,SELL APLD PL TRIM GLW BUY ONDS REMX,SELL:APLD PL|TRIM:GLW|BUY:ONDS REMX,false,BOTTOM LINE: » THE CALM BEFORE THE STORM (FOMC AND MEGA CAP ERS},» THE CALM BEFORE THE STORM (FOMC AND MEGA CAP ERS}
revere_20260428.png,2026-04-28,1,gro_turbo,threshold,60.00,ok,,"GRO HOLDINGS: $5VM4 USO. TNA ORAM WGA. EWE MU CAT CAVANVDA TER CLS PLE CON GLW CRO || GRO RVAB/REBAR: {1 3, 4.44%) TAIM CRDO CCJ WGM! SELL NEIS LITE BUY NVDA || TURBO HOLDINGS: 55RAT.OM0.ALAK MU ARM DELLESLS GLW BE ONS, TER AMPA. LOWE || TURBO RVAB/REBAR: {© *1/-4 87%} SELL CIFR IREN LABY SOLS. || BOTTOM LINE: OREN-AI WEAK DATA HITS AI SECTOR; FOMC & 8G TECH ER ON DECK",$5VM4 USO. TNA ORAM WGA. EWE MU CAT CAVANVDA TER CLS PLE CON GLW CRO,STM|SSO|TNA|ORAM|WGN|EWZ|MU|CAT|CAVA|NVDA|TER|CLS|PL|CON|GLW|CRO,,CORRECT:SVM4->STM|CORRECT:USO->SSO|CORRECT:WGA->WGN|CORRECT:EWE->EWZ|SPLIT:CAVANVDA->CAVA+NVDA|CORRECT:PLE->PL,"RVAB/REBAR: {1 3, 4.44%) TAIM CRDO CCJ WGM!",1,,,SELL NEIS LITE BUY NVDA,SELL NEIS LITE BUY NVDA,SELL:NEIS LITE|BUY:NVDA,false,"55RAT.OM0.ALAK MU ARM DELLESLS GLW BE ONS, TER AMPA. LOWE",SSRAT|OO|ALAB|MU|ARM|DELL|ESLS|GLW|BE|ONDS|TER|AMPX|LOWE,,CORRECT:OMO->OO|CORRECT:ALAK->ALAB|SPLIT:DELLESLS->DELL+ESLS|CORRECT:ONS->ONDS|CORRECT:AMPA->AMPX,RVAB/REBAR: {© *1/-4 87%},1,,,SELL CIFR IREN LABY SOLS.,SELL CIFR IREN LABY SOLS.,SELL:CIFR IREN LABY SOLS,false,BOTTOM LINE: OREN-AI WEAK DATA HITS AI SECTOR; FOMC & 8G TECH ER ON DECK,OREN-AI WEAK DATA HITS AI SECTOR; FOMC & 8G TECH ER ON DECK
revere_20260429.png,2026-04-29,1,gro_turbo,threshold,46.00,review,MISSING_TURBO_HOLDINGS|LOW_OCR_CONFIDENCE,"GRO HOLDINGS: 57A UP THA GRAN. GAR. LAS GAY CAVA NVR ITALOL.CULCRN LACS || GRO RVAB/REBAR: (1. 4 60%) SELL TERPL TURBO HODINGS: SEROSA AL ATV LL MI CW AE APS || TURBO RVAB/REBAR. ( ©""/-$ 61%) SELL LUNR ONDS TER || BOTTOM LINE: +",57A UP THA GRAN. GAR. LAS GAY CAVA NVR ITALOL.CULCRN LACS,TSA|UPRO|ETHA|DRAM|GNRC|LASS|RALY|CAVA|NVDA|FTAL|PL|CCL|CRO|LABU,,EXPAND:S7A->TSA|CORRECT:UP->UPRO|EXPAND:THA->ETHA|CORRECT:GRAN->DRAM|CORRECT:GAR->GNRC|EXPAND:LAS->LASS|CORRECT:GAY->RALY|CORRECT:NVR->NVDA|SPLIT:ITALOL->FTAL+PL|SPLIT:CULCRN->CCL+CRO|CORRECT:LACS->LABU,RVAB/REBAR: (1. 4 60%),1,,,SELL TERPL TURBO HODINGS: SEROSA AL ATV LL MI CW AE APS,SELL TERPL TURBO HODINGS: SEROSA AL ATV LL MI CW AE APS,SELL:TERPL TURBO HODINGS: SEROSA AL ATV LL MI CW AE APS,false,,,,,"RVAB/REBAR. ( ©""/-$ 61%)",61,,,SELL LUNR ONDS TER,SELL LUNR ONDS TER,SELL:LUNR ONDS TER,false,BOTTOM LINE: +,+
revere_20260430.png,2026-04-30,1,gro_turbo,threshold,64.00,ok,,"GRO HOLDINGS: S#Y0.UPRO. TNA DRAM. WGMI EW MU CAT CAVA NVOA, TER CLS, CCCI N.GLW, CARDO! || GRO RVAB/REBAR: (1.4¢./-6.14%) BUY SBUX BE ADD TO TNA || TURBO HOLDINGS: SPYM.UPRO. TNA REMY MU ARM DELLAKLEGLW SE AMPX AHR || TURBO RVAB/REBAR: (1 51/-7.96%) BUY TNA AEHR ADD TO AMPX UPRO REMX || BOTTOM LINE: => SPX & NASDAQ NEW ATHS AFTER FOMC AND MEGA CAP ER","S#Y0.UPRO. TNA DRAM. WGMI EW MU CAT CAVA NVOA, TER CLS, CCCI N.GLW, CARDO!",SSO|UPRO|TNA|DRAM|WGMI|EWZ|MU|CAT|CAVA|NVOA|TER|CLS|CCI|I|GLW|CRDO,,CORRECT:S#YO->SSO|EXPAND:EW->EWZ|CORRECT:CCCI->CCI|CORRECT:N->I|CORRECT:CARDO->CRDO,RVAB/REBAR: (1.4¢./-6.14%),1.4,,,BUY SBUX BE ADD TO TNA,BUY SBUX BE ADD TO TNA,BUY:SBUX BE|ADD:TO TNA,false,SPYM.UPRO. TNA REMY MU ARM DELLAKLEGLW SE AMPX AHR,SPYM|UPRO|TNA|REMX|MU|ARM|DELL|LAB|BE|GLW|SE|AMPX|AEHR,,CORRECT:REMY->REMX|SPLIT:DELLAKLEGLW->DELL+LAB+BE+GLW|CORRECT:AHR->AEHR,RVAB/REBAR: (1 51/-7.96%),1,,,BUY TNA AEHR ADD TO AMPX UPRO REMX,BUY TNA AEHR ADD TO AMPX UPRO REMX,BUY:TNA AEHR|ADD:TO AMPX UPRO REMX,false,BOTTOM LINE: => SPX & NASDAQ NEW ATHS AFTER FOMC AND MEGA CAP ER,=> SPX & NASDAQ NEW ATHS AFTER FOMC AND MEGA CAP ER
revere_20260501.png,2026-05-01,1,gro_turbo,threshold,50.00,review,LOW_OCR_CONFIDENCE|SUSPICIOUS_TURBO_TICKERS,"GRO HOLDINGS: $7YM0PAO,TH ORAM. WGMLEWE MIL CAT.CAVANVOA TEA CLS CCL EIEN GUW.CAO0 SOUR AK || GRO RVAB/REBAR: {- */-6.23%) ADO TO SBUX || TURBO HOLDINGS: 1911.UPH, THA AL10G, HARM LANL SAW ALAMPALH || TURBO RVAB/REBAR: {2 (2/-7.27%) ADD TO GLW TNA || BOTTOM LINE: 5 ILL ""HB WA LO SLA, GS 1821 CLOS NLA"" AL ""IL ILS","$7YM0PAO,TH ORAM. WGMLEWE MIL CAT.CAVANVOA TEA CLS CCL EIEN GUW.CAO0 SOUR AK",PYM|UPAO|THA|ORAM|WGMI|EWZ|MRVL|CAT|CAVA|NVDA|TEA|CLS|CCL|CIEN|GUW|CRDO|SBUX|AKT,,SPLIT:7YMOPAO->PYM+UPAO|EXPAND:TH->THA|SPLIT:WGMLEWE->WGMI+EWZ|CORRECT:MIL->MRVL|SPLIT:CAVANVOA->CAVA+NVDA|CORRECT:EIEN->CIEN|CORRECT:CAOO->CRDO|CORRECT:SOUR->SBUX|EXPAND:AK->AKT,RVAB/REBAR: {- */-6.23%) ADO TO SBUX,6.23,,,,,,false,"1911.UPH, THA AL10G, HARM LANL SAW ALAMPALH",JIII|UPRO|ETHA|ALIOG|ARM|LABU|SAW|ALAB|PATH,ALIOG,EXPAND:I9II->JIII|CORRECT:UPH->UPRO|EXPAND:THA->ETHA|CORRECT:HARM->ARM|CORRECT:LANL->LABU|SPLIT:ALAMPALH->ALAB+PATH,RVAB/REBAR: {2 (2/-7.27%),2,,,ADD TO GLW TNA,ADD TO GLW TNA,ADD:TO GLW TNA,false,"BOTTOM LINE: 5 ILL ""HB WA LO SLA, GS 1821 CLOS NLA"" AL ""IL ILS","5 ILL ""HB WA LO SLA, GS 1821 CLOS NLA"" AL ""IL ILS"
revere_20260504.png,2026-05-04,1,gro_turbo,threshold,64.00,review,MISSING_BOTTOM_LINE,"GRO HOLDINGS: SPYM.USRD.THADRAM WGMLUWZMU.CAT.CAVA NVOA.TER.CLS.CCLUEN GLW.CRDO,S8UX BE || GRO RVAB/REBAR; {1 45/-5.71%) ADD 10 CLS O-TRIM MU TRIM NVDA EWZ || TURBO HOLDINGS: 5744, UPRO, TWA REMS, FA MU ARM DELL AKL GL BF AMPXACHRAUUU || TURBO RVAB/REBAR: {2 33/-6.91%) BUY UUUU URA BOTYOM LINE:","SPYM.USRD.THADRAM WGMLUWZMU.CAT.CAVA NVOA.TER.CLS.CCLUEN GLW.CRDO,S8UX BE",SPYM|UPRD|THA|DRAM|WGMI|UWZMU|CAT|CAVA|NVOA|TER|CLS|CCL|ENE|GLW|CRDO|SBUX|BE,,CORRECT:USRD->UPRD|SPLIT:THADRAM->THA+DRAM|SPLIT:WGMLUWZMU->WGMI+UWZMU|SPLIT:CCLUEN->CCL+ENE,RVAB/REBAR; {1 45/-5.71%),1,,,ADD 10 CLS O-TRIM MU TRIM NVDA EWZ,ADD 10 CLS O-TRIM MU TRIM NVDA EWZ,ADD:10 CLS O-|TRIM:MU|TRIM:NVDA EWZ,false,"5744, UPRO, TWA REMS, FA MU ARM DELL AKL GL BF AMPXACHRAUUU",UPRO|TNA|REMX|FA|MU|ARM|DELL|AKLE|GLD|BF|AMPX|CFR,,CORRECT:TWA->TNA|CORRECT:REMS->REMX|EXPAND:AKL->AKLE|EXPAND:GL->GLD|SPLIT:AMPXACHRAUUU->AMPX+CFR+MU+MU,RVAB/REBAR: {2 33/-6.91%),2,,,BUY UUUU URA BOTYOM LINE:,BUY UUUU URA BOTYOM LINE:,BUY:UUUU URA BOTYOM LINE:,false,,
revere_20260505.png,2026-05-05,1,gro_turbo,threshold,61.00,ok,,"GRO HOLDINGS: SPYM,UPRO, THA, ORAM, WGMI,EWZ SBUX.CCILCAT,CAVA NVDA.LLS CIEN. GLW,CHDO, BE, MU || GRO RVAB/REBAR: (1.49;6.35%) ADD TO CCJO-TRIM MU + DRAM || TURBO HOLDINGS: SYM UPRO. THA REM URA MU. ARM DELL RK(E GLW.BE AMPX AEH CACL CFR || TURBO RVAB/REBAR: {2.17/-7.64%) BUY CRCL + CIFR SELL UUUU O-TRIM MU || BOTTOM LINE: 3 GAP REND. IMOKE A-[-HS ON BROAD RALLY","SPYM,UPRO, THA, ORAM, WGMI,EWZ SBUX.CCILCAT,CAVA NVDA.LLS CIEN. GLW,CHDO, BE, MU",SPYM|UPRO|ETHA|ORAM|WGMI|EWZ|SBUX|CCI|CAT|CAVA|NVDA|CLS|CIEN|GLW|CRDO|BE|MU,,EXPAND:THA->ETHA|SPLIT:CCILCAT->CCI+CAT|CORRECT:LLS->CLS|CORRECT:CHDO->CRDO,RVAB/REBAR: (1.49;6.35%),1.49,,,ADD TO CCJO-TRIM MU + DRAM,ADD TO CCJO-TRIM MU + DRAM,ADD:TO CCJO-|TRIM:MU + DRAM,false,SYM UPRO. THA REM URA MU. ARM DELL RK(E GLW.BE AMPX AEH CACL CFR,SYM|UPRO|ETHA|REMX|URA|MU|ARM|DELL|RKT|E|GLW.BE|AMPX|AEHR|CRCL|CFR,,EXPAND:THA->ETHA|EXPAND:REM->REMX|EXPAND:RK->RKT|EXPAND:AEH->AEHR|CORRECT:CACL->CRCL,RVAB/REBAR: {2.17/-7.64%),2.17,,,BUY CRCL + CIFR SELL UUUU O-TRIM MU,BUY CRCL + CIFR SELL UUUU O-TRIM MU,BUY:CRCL + CIFR|SELL:UUUU O-|TRIM:MU,false,BOTTOM LINE: 3 GAP REND. IMOKE A-[-HS ON BROAD RALLY,3 GAP REND. IMOKE A-[-HS ON BROAD RALLY
revere_20260506.png,2026-05-06,1,gro_turbo,threshold,54.00,review,LOW_OCR_CONFIDENCE,"GRO HOLDINGS: 5PYM.UPRD.TNA,DRAM WGMI, EW?Z,SBUX. CCJ.CAT.CAYA RVDA CLS. CIN, GLW.CROO, BE. ML || GRO RVAB/REBAR: (1.55.-7.76%) ADD TO GLW BUY AEHR || TURBO HOLDINGS: SOVAA,URRO RIA, SEWS JURA MU AM 06 AXIS CUW SE AMPS ANN CREE COM, ME || TURBO RVAB/REBAR: {2 : 3/-10.00%) BUY SOXS MP ADD TO CRCL || BOTTOM LINE: =» I AHKE TS PCO SEW HG FOLLOWING PLAC DEAL PURO","5PYM.UPRD.TNA,DRAM WGMI, EW?Z,SBUX. CCJ.CAT.CAYA RVDA CLS. CIN, GLW.CROO, BE. ML",SPYM|UPRD|TNA|DRAM|WGMI|EWZ|SBUX|CCJO|CAT|CAVA|NVDA|CLS|CIN|GLW|CRDO|BE|ML,,CORRECT:EW?Z->EWZ|EXPAND:CCJ->CCJO|CORRECT:CAYA->CAVA|CORRECT:RVDA->NVDA|CORRECT:CROO->CRDO,RVAB/REBAR: (1.55.-7.76%),1.55,,,ADD TO GLW BUY AEHR,ADD TO GLW BUY AEHR,ADD:TO GLW|BUY:AEHR,false,"SOVAA,URRO RIA, SEWS JURA MU AM 06 AXIS CUW SE AMPS ANN CREE COM, ME",SEVIA|UPRO|IA|SOXS|URA|MU|AME|NBIS|CW|SE|AMPX|AKAN|CRCL|WOM,,CORRECT:SOVAA->SEVIA|CORRECT:URRO->UPRO|CORRECT:RIA->IA|CORRECT:SEWS->SOXS|CORRECT:JURA->URA|EXPAND:AM->AME|CORRECT:AXIS->NBIS|CORRECT:CUW->CW|CORRECT:AMPS->AMPX|CORRECT:ANN->AKAN|CORRECT:CREE->CRCL|CORRECT:COM->WOM|EXPAND:ME->AME,RVAB/REBAR: {2 : 3/-10.00%),2,,,BUY SOXS MP ADD TO CRCL,BUY SOXS MP ADD TO CRCL,BUY:SOXS MP|ADD:TO CRCL,false,BOTTOM LINE: =» I AHKE TS PCO SEW HG FOLLOWING PLAC DEAL PURO,=» I AHKE TS PCO SEW HG FOLLOWING PLAC DEAL PURO
revere_20260507.png,2026-05-07,1,gro_turbo,threshold,55.00,review,LOW_OCR_CONFIDENCE,"GRO HOLDINGS: SPVI.UPNO. TUA 0RAM, WI JI S3UX CCLCAT AVDA CLS. COE NGL. CROO.BE MU TSA || GRO RVAB/REBAR: (: 41/-6.21%) SEU WZ CAVA TAM EE CUS SSP SUV TOA [EN || TURBO HOLDINGS: SEVIA UNO 1A ESX JI UNA WU AME PEU COW SE.ACWM CIN, || TURBO RVAB/REBAR; (./-6 67%) SELL AMPX RKLB CRCL MP O-TRIM ARM || BOTTOM LINE: > LEADERS HIT HARD W/ SEMI'S, OPTICS, MEMORY, ETC TAKING A BREATHER","SPVI.UPNO. TUA 0RAM, WI JI S3UX CCLCAT AVDA CLS. COE NGL. CROO.BE MU TSA",SPVIA|UPNO|TUA|ORAM|WIO|JI|SPCX|CCL|CAT|AVDA|CLS|COE|NAIL|CRDO|BE|MU|TSA,,EXPAND:SPVI->SPVIA|EXPAND:WI->WIO|CORRECT:S3UX->SPCX|SPLIT:CCLCAT->CCL+CAT|CORRECT:NGL->NAIL|SPLIT:CROO.BE->CRDO+BE,RVAB/REBAR: (: 41/-6.21%) SEU WZ CAVA TAM EE CUS SSP SUV TOA [EN,41,,,,,,false,"SEVIA UNO 1A ESX JI UNA WU AME PEU COW SE.ACWM CIN,",SEVIA|UNO|IA|REMX|JI|TUNA|MU|AME|EU|CW|SE|ACM|CIN,,CORRECT:ESX->REMX|EXPAND:UNA->TUNA|CORRECT:WU->MU|CORRECT:PEU->EU|CORRECT:COW->CW|CORRECT:ACWM->ACM,RVAB/REBAR; (./-6 67%),6,,,SELL AMPX RKLB CRCL MP O-TRIM ARM,SELL AMPX RKLB CRCL MP O-TRIM ARM,SELL:AMPX RKLB CRCL MP O-|TRIM:ARM,false,"BOTTOM LINE: > LEADERS HIT HARD W/ SEMI'S, OPTICS, MEMORY, ETC TAKING A BREATHER","> LEADERS HIT HARD W/ SEMI'S, OPTICS, MEMORY, ETC TAKING A BREATHER"
revere_20260508.png,2026-05-08,1,gro_turbo,threshold,66.00,ok,,"GRO HOLDINGS: SPRMUPRO MA ONAV WOM JL SEUXCER CAR WVON CUS, CIN, OUW, CHOO SE MUSSA || GRO RVAB/REBAR: {1.41/-6.95%) NO CHANGES || TURBO HOLDINGS: SEVMUPEO, INA, CES J URAMU SAM EU CW EE ACM CR AKAN || TURBO RVAB/REBAR: {1.57/-7.75%) ADD TO AEHR BUY AKAM O-TRIM DELL || BOTTOM LINE: > SPX NASDAQ RIGHT BACK INTO ALL-TIME HIGHS AFTER STRONG JOBS","SPRMUPRO MA ONAV WOM JL SEUXCER CAR WVON CUS, CIN, OUW, CHOO SE MUSSA",SPVIA|UPNO|TUA|ORAM|WIO|JI|SPCX|CCL|CAT|AVDA|CLS|COE|NAIL|CRDO|BE|MU|TSA,,SPLIT:SPRMUPRO->SPYM+UPRO|EXPAND:MA->TMA|CORRECT:ONAV->ORAM|SPLIT:SEUXCER->SBUX+TER|CORRECT:WVON->NVOA|CORRECT:CUS->CLS|CORRECT:OUW->GUW|INHERIT_NO_CHANGES:revere_20260507.png,RVAB/REBAR: {1.41/-6.95%),1.41,,,NO CHANGES,NO CHANGES,NO CHANGES,true,"SEVMUPEO, INA, CES J URAMU SAM EU CW EE ACM CR AKAN",SPVM|UPRO|TNA|CLS|J|URAMU|STM|EU|CW|EEE|ACM|CRO|AKAN,,SPLIT:SEVMUPEO->SPVM+UPRO|CORRECT:INA->TNA|CORRECT:CES->CLS|CORRECT:SAM->STM|EXPAND:EE->EEE|EXPAND:CR->CRO,RVAB/REBAR: {1.57/-7.75%),1.57,,,ADD TO AEHR BUY AKAM O-TRIM DELL,ADD TO AEHR BUY AKAM O-TRIM DELL,ADD:TO AEHR|BUY:AKAM O-|TRIM:DELL,false,BOTTOM LINE: > SPX NASDAQ RIGHT BACK INTO ALL-TIME HIGHS AFTER STRONG JOBS,> SPX NASDAQ RIGHT BACK INTO ALL-TIME HIGHS AFTER STRONG JOBS
revere_20260511.png,2026-05-11,1,gro_turbo,threshold,66.00,ok,,"GRO HOLDINGS: SPYM,UPRO, TNA, DRAM, WGN 1 JI SBUX,CC),CAT,NVDA, CLS, CIEN, GLW CROD, BE, MU, TSLA || GRO RVAB/REBAR: (1.45/-7.84%) O-SELL MU || TURBO HOLDINGS: SEVMSURO, WA SEO J URA MU. NVM, VEUT UW, SE AVN REM CANA || TURBO RVAB/REBAR: (2.27/-9.48%) SELL SOXS BUY LABU CRCL SCCO ADD TO CIFR || BOTTOM LINE: MASSIVE MOVES IN SMALL AND MID SPEC NAMES","SPYM,UPRO, TNA, DRAM, WGN 1 JI SBUX,CC),CAT,NVDA, CLS, CIEN, GLW CROD, BE, MU, TSLA",SPYM|UPRO|TNA|DRAM|WGN|JI|SBUX|CCJ|CAT|NVDA|CLS|CIEN|GLW|CROD|BE|MU|TSLA,,EXPAND:CC->CCJ,RVAB/REBAR: (1.45/-7.84%) O-,1.45,,,SELL MU,SELL MU,SELL:MU,false,"SEVMSURO, WA SEO J URA MU. NVM, VEUT UW, SE AVN REM CANA",SPVM|SURO|WAL|SEOG|J|URA|MU|NVT|VEUT|GUW|SE|AVS|REMX|CAVA,,SPLIT:SEVMSURO->SPVM+SURO|EXPAND:WA->WAL|EXPAND:SEO->SEOG|CORRECT:NVM->NVT|EXPAND:UW->GUW|CORRECT:AVN->AVS|EXPAND:REM->REMX|CORRECT:CANA->CAVA,RVAB/REBAR: (2.27/-9.48%),2.27,,,SELL SOXS BUY LABU CRCL SCCO ADD TO CIFR,SELL SOXS BUY LABU CRCL SCCO ADD TO CIFR,SELL:SOXS|BUY:LABU CRCL SCCO|ADD:TO CIFR,false,BOTTOM LINE: MASSIVE MOVES IN SMALL AND MID SPEC NAMES,MASSIVE MOVES IN SMALL AND MID SPEC NAMES
revere_20260512.png,2026-05-12,1,gro_turbo,threshold,64.00,review,MISSING_GRO_ACTION_LINE,"GRO HOLDINGS? 591M,UPRO,THA DRAM WGN SBUX,CCLCAT AVDA CIEN GLI, ADO. BE MU TSLATWAO GRO AVAB/REBAR: {1 7. /-6.65%) SELL CLS TZA TRIM TNA ADD TO DRAM BUY TWLO || TURBO HOLDINGS: $9784.UPRO,THAAEM.LABU, MU ARMLDELL GL BE ACHR CFA AKAM CRELSCCO || TURBO RVAB/REBAR: {2 21/-7.11%) ADD TO SCCO TRIM CIFR SELL URA || BOTTOM LINE: 9 MOMENTUM UNWIND HITS LEADERS AND SPEC NAMES... 5"" 0:5: .£:4F 4","? 591M,UPRO,THA DRAM WGN SBUX,CCLCAT AVDA CIEN GLI, ADO. BE MU TSLATWAO GRO AVAB/REBAR: {1 7. /-6.65%) SELL CLS TZA TRIM TNA ADD TO DRAM BUY TWLO",SIMO|UPRO|ETHA|DRAM|WGN|SBUX|CCL|CAT|AVDA|CIEN|GLI|ADO|BE|MU|TSLA|TWLO|AVAB|CLS|TNA|TOL,,EXPAND:S9IM->SIMO|EXPAND:THA->ETHA|SPLIT:CCLCAT->CCL+CAT|SPLIT:TSLATWAO->TSLA+TWLO|CORRECT:TZA->TNA|EXPAND:TO->TOL,,,,,,,,false,"$9784.UPRO,THAAEM.LABU, MU ARMLDELL GL BE ACHR CFA AKAM CRELSCCO",BE|UPRO|THA|TEM|LABU|MU|ARM|DELL|GLD|AEHR|CF|AKAM|CRCL|SCCO,,CORRECT:97B4->BE|SPLIT:THAAEM->THA+TEM|SPLIT:ARMLDELL->ARM+DELL|EXPAND:GL->GLD|CORRECT:ACHR->AEHR|CORRECT:CFA->CF|SPLIT:CRELSCCO->CRCL+SCCO,RVAB/REBAR: {2 21/-7.11%),2,,,ADD TO SCCO TRIM CIFR SELL URA,ADD TO SCCO TRIM CIFR SELL URA,ADD:TO SCCO|TRIM:CIFR|SELL:URA,false,"BOTTOM LINE: 9 MOMENTUM UNWIND HITS LEADERS AND SPEC NAMES... 5"" 0:5: .£:4F 4","9 MOMENTUM UNWIND HITS LEADERS AND SPEC NAMES... 5"" 0:5: .£:4F 4"
revere_20260513.png,2026-05-13,1,gro_turbo,threshold,68.00,ok,,"GRO HOLDINGS: SPY8.UPRO TNA DRAM WGM.SBUK TWLO,CAT GLW. SLA MRVL CRO. BE CIENAEHR.NVDA || GRO RVAB/REBAR: {1.55/-6.65%) SELL CCJ TRIM TNA ADD TO TWLO + CRDO BUY MRVL || TURBO HOLDINGS: SPYM,UPRO,TNA REMX,LABU,GLW,CREL MU,SCCO, AEHR,DELLARML BE CIFR AKAM ASLNXT || TURBO RVAB/REBAR: {2.4 1/-5.20%) BUY AAO! + NXT || BOTTOM LINE: > HOT PPI? HONEY BADGER MARKET DOESN'T CARE, SPX+QQQA-T 4","SPY8.UPRO TNA DRAM WGM.SBUK TWLO,CAT GLW. SLA MRVL CRO. BE CIENAEHR.NVDA",SPYM|UPRO|TNA|DRAM|WGMI|SBUX|TWLO|CAT|GLW|TSLA|MRVL|CROD|BE|CIEN|AEHR|NVDA,,CORRECT:SPYB->SPYM|EXPAND:WGM->WGMI|CORRECT:SBUK->SBUX|EXPAND:SLA->TSLA|EXPAND:CRO->CROD|SPLIT:CIENAEHR->CIEN+AEHR,RVAB/REBAR: {1.55/-6.65%),1.55,,,SELL CCJ TRIM TNA ADD TO TWLO + CRDO BUY MRVL,SELL CCJ TRIM TNA ADD TO TWLO + CRDO BUY MRVL,SELL:CCJ|TRIM:TNA|ADD:TO TWLO + CRDO|BUY:MRVL,false,"SPYM,UPRO,TNA REMX,LABU,GLW,CREL MU,SCCO, AEHR,DELLARML BE CIFR AKAM ASLNXT",SPYM|UPRO|TNA|REMX|LABU|GLW|CREL|MU|SCCO|AEHR|DELL|ARM|BE|CIFR|AKAM|AVS|NXT,,SPLIT:DELLARML->DELL+ARM|SPLIT:ASLNXT->AVS+NXT,RVAB/REBAR: {2.4 1/-5.20%),2.4,,,BUY AAO! + NXT,BUY AAO! + NXT,BUY:AAO! + NXT,false,"BOTTOM LINE: > HOT PPI? HONEY BADGER MARKET DOESN'T CARE, SPX+QQQA-T 4","> HOT PPI? HONEY BADGER MARKET DOESN'T CARE, SPX+QQQA-T 4"
revere_20260514.png,2026-05-14,1,gro_turbo,threshold,77.00,ok,,"GRO HOLDINGS: 5PYM.UPRO, TNADRAM.WGMISBUX, TWLO, CAT, GLW, TSLA,MRVL,CRDO, BE CIEN, AEHR NVDA,DOCN,000G || GRO RVAB/REBAR: (1.67/-7.84%) BUY DOCN DDOG || TURBO HOLDINGS: SPYM,UPRO,TNALABU,GLW,CRCLMU,SCCO, AEHR, DELLARM,BE CIFR, AKAM, AAD! || TURBO RVAB/REBAR: (2.24/-8.95%) SELL NXT REMX || BOTTOM LINE: SPX SURPASSES 7500 FOR THE FIRST TIME","5PYM.UPRO, TNADRAM.WGMISBUX, TWLO, CAT, GLW, TSLA,MRVL,CRDO, BE CIEN, AEHR NVDA,DOCN,000G",SPYM|UPRO|TNA|DRAM|WGMI|SBUX|TWLO|CAT|GLW|TSLA|MRVL|CRDO|BE|CIEN|AEHR|NVDA|DOCN|OOOG,,SPLIT:TNADRAM->TNA+DRAM|SPLIT:WGMISBUX->WGMI+SBUX,RVAB/REBAR: (1.67/-7.84%),1.67,,,BUY DOCN DDOG,BUY DOCN DDOG,BUY:DOCN DDOG,false,"SPYM,UPRO,TNALABU,GLW,CRCLMU,SCCO, AEHR, DELLARM,BE CIFR, AKAM, AAD!",SPYM|UPRO|TNA|LABU|GLW|CRCL|MU|SCCO|AEHR|DELL|ARM|BE|CIFR|AKAM|AAD,,SPLIT:TNALABU->TNA+LABU|SPLIT:CRCLMU->CRCL+MU|SPLIT:DELLARM->DELL+ARM,RVAB/REBAR: (2.24/-8.95%),2.24,,,SELL NXT REMX,SELL NXT REMX,SELL:NXT REMX,false,BOTTOM LINE: SPX SURPASSES 7500 FOR THE FIRST TIME,SPX SURPASSES 7500 FOR THE FIRST TIME
revere_20260515.png,2026-05-15,1,gro_turbo,threshold,70.00,ok,,"GRO HOLDINGS: SPYMUPRO.0RAMWGM, SBUX TWLD,CAT,GLW, TSLAMAVL BE CIEN, AEHRNVDA, DOCH, 0DOG || GRO RVAB/REBAR: {1 52/-5.64%) SELL TNA CROQ || TURBO HOLDINGS: 5PYA0PRO.TNAGLWY,CRELMU AER DELLARM SE CIF AKAM ARO) || TURBO RVAB/REBAR: {2.02/-4.71%) SELL LABU SCCO || BOTTOM LINE: RISING OIL PRICES & SURGE IN TREASURY YIELDS PUT PRESSURE ON THE MARKET","SPYMUPRO.0RAMWGM, SBUX TWLD,CAT,GLW, TSLAMAVL BE CIEN, AEHRNVDA, DOCH, 0DOG",SPYM|UPRO|DRAM|WGM|SBUX|TWLO|CAT|GLW|TSLA|MRVL|BE|CIEN|AEHR|NVDA|DOCH|ODOG,,SPLIT:SPYMUPRO->SPYM+UPRO|SPLIT:ORAMWGM->DRAM+WGM|CORRECT:TWLD->TWLO|SPLIT:TSLAMAVL->TSLA+MRVL|SPLIT:AEHRNVDA->AEHR+NVDA,RVAB/REBAR: {1 52/-5.64%),1,,,SELL TNA CROQ,SELL TNA CROQ,SELL:TNA CROQ,false,"5PYA0PRO.TNAGLWY,CRELMU AER DELLARM SE CIF AKAM ARO)",SPYM|UPRO|TNA|LLY|CRCL|MU|AER|DELL|ARM|SE|CIFR|AKAM,,SPLIT:SPYAOPRO->SPYM+UPRO|SPLIT:TNAGLWY->TNA+LLY|SPLIT:CRELMU->CRCL+MU|SPLIT:DELLARM->DELL+ARM|EXPAND:CIF->CIFR|CORRECT:ARO->ARM,RVAB/REBAR: {2.02/-4.71%),2.02,,,SELL LABU SCCO,SELL LABU SCCO,SELL:LABU SCCO,false,BOTTOM LINE: RISING OIL PRICES & SURGE IN TREASURY YIELDS PUT PRESSURE ON THE MARKET,RISING OIL PRICES & SURGE IN TREASURY YIELDS PUT PRESSURE ON THE MARKET
revere_20260518.png,2026-05-18,1,gro_turbo,threshold,65.00,ok,,"GRO HOLDINGS: 574,670 SBC TW1L0,CAT GLWTHLAMRVLBE NYOA DOCH 0006 || GRO RVAB/REBAR: {.27/-5.30%) SELL WGMI DRAM CIEN AEHR || TURBO HOLDINGS: 5PROD UHO, TNA, GLI MU.DELL ARM, 82 AKAM, || TURBO RVAB/REBAR: (-.3/-3.3%) SELL AAO! AEHR CRCL CIFR || BOTTOM LINE: -» STRENGTH IN YIELDS & OIL PRICES PRESSURE LEADERS AGAIN","574,670 SBC TW1L0,CAT GLWTHLAMRVLBE NYOA DOCH 0006",SMC|TWLO|CAT|GLW|TSLA|MRVL|BE|NVOA|DOCH,,CORRECT:SBC->SMC|CORRECT:TWILO->TWLO|SPLIT:GLWTHLAMRVLBE->GLW+TSLA+MRVL+BE|CORRECT:NYOA->NVOA,RVAB/REBAR: {.27/-5.30%),27,,,SELL WGMI DRAM CIEN AEHR,SELL WGMI DRAM CIEN AEHR,SELL:WGMI DRAM CIEN AEHR,false,"5PROD UHO, TNA, GLI MU.DELL ARM, 82 AKAM,",SPROD|UFO|TNA|GLI|MU|DELL|ARM|AKAM,,CORRECT:UHO->UFO,RVAB/REBAR: (-.3/-3.3%),3,,,SELL AAO! AEHR CRCL CIFR,SELL AAO! AEHR CRCL CIFR,SELL:AAO! AEHR CRCL CIFR,false,BOTTOM LINE: -» STRENGTH IN YIELDS & OIL PRICES PRESSURE LEADERS AGAIN,-» STRENGTH IN YIELDS & OIL PRICES PRESSURE LEADERS AGAIN
revere_20260519.png,2026-05-19,1,gro_turbo,threshold,73.00,review,MISSING_GRO_HOLDINGS,"GROIHOLDINGS: S#VM.UPHO,S6UX TWLO,MRVL BE. NVDADOCN, 000 || GRO RVAB/REBAR: (1.11/-4.73%) TRIM BE DOCN SELL CAT GLW TSLA || TURBO HOLDINGS: S9VM.UPRO,6LW, MU, DELL ARM, BE SEDG || TURBO RVAB/REBAR: (1.25/-3.67%) BUY SEDG SELL TNA AKAM || BOTTOM LINE: = RISING YIELDS AND INFLATION FEARS LEADS TO FURTHER WEAKNESS",,,,,RVAB/REBAR: (1.11/-4.73%),1.11,,,TRIM BE DOCN SELL CAT GLW TSLA,TRIM BE DOCN SELL CAT GLW TSLA,TRIM:BE DOCN|SELL:CAT GLW TSLA,false,"S9VM.UPRO,6LW, MU, DELL ARM, BE SEDG",STM|UPRO|GLW|MU|DELL|ARM|BE|SEDG,,CORRECT:S9VM->STM,RVAB/REBAR: (1.25/-3.67%),1.25,,,BUY SEDG SELL TNA AKAM,BUY SEDG SELL TNA AKAM,BUY:SEDG|SELL:TNA AKAM,false,BOTTOM LINE: = RISING YIELDS AND INFLATION FEARS LEADS TO FURTHER WEAKNESS,= RISING YIELDS AND INFLATION FEARS LEADS TO FURTHER WEAKNESS
revere_20260520.png,2026-05-20,1,gro_turbo,threshold,80.00,ok,,"GRO HOLDINGS: SPYM.UPRO,SBUXTWLO,MRVL,DDOG NVDA,DOCN BE || GRO RVAB/REBAR: {1.12/-5.32%) NO CHANGES || TURBO HOLDINGS: SPYM,UPRO,SPXL GLW,MU,ARM,SEDG DELL BE NBIS || TURBO RVAB/REBAR: {1.54/-5.35%) BUY SPXL + NBIS ADD TO SEDG || BOTTOM LINE: 3BROAD RALLY AFTER THRFF DAYS DOWN; NVDA E/R ""OK"" AFTER HOURS","SPYM.UPRO,SBUXTWLO,MRVL,DDOG NVDA,DOCN BE",SPYM|UPRO|SBUX|TWLO|MRVL|DDOG|NVDA|DOCN|BE,,SPLIT:SBUXTWLO->SBUX+TWLO,RVAB/REBAR: {1.12/-5.32%),1.12,,,NO CHANGES,NO CHANGES,NO CHANGES,true,"SPYM,UPRO,SPXL GLW,MU,ARM,SEDG DELL BE NBIS",SPYM|UPRO|SPXL|GLW|MU|ARM|SEDG|DELL|BE|NBIS,,,RVAB/REBAR: {1.54/-5.35%),1.54,,,BUY SPXL + NBIS ADD TO SEDG,BUY SPXL + NBIS ADD TO SEDG,BUY:SPXL + NBIS|ADD:TO SEDG,false,"BOTTOM LINE: 3BROAD RALLY AFTER THRFF DAYS DOWN; NVDA E/R ""OK"" AFTER HOURS","3BROAD RALLY AFTER THRFF DAYS DOWN; NVDA E/R ""OK"" AFTER HOURS"
revere_20260521.png,2026-05-21,1,gro_turbo,threshold,75.00,ok,,"GRO HOLDINGS: SPYM,UPRO,SBUX,TWLO,MRVL.DOOG, NVDA, DOCK, BE || GRO RVAB/REBAR: {1.15/-5.45%) ADD TO UPRO TRIM TWLO || TURBO HOLDINGS: 5PYM,UPRO,SPXLGLW,MU ARM SEDG,DELL BE.NBIS NOK TSLAINOD. || TURBO RVAB/REBAR: (1.93/-7.41%) ADD TO SPYM BUY TSLA INGD NOK O-TRIM ARM || BOTTOM LINE: 3 BROAD STIENG™H IN LEADERS, YIELDS COOL OFF. & INDEXES REC.AIM B-CMA","SPYM,UPRO,SBUX,TWLO,MRVL.DOOG, NVDA, DOCK, BE",SPYM|UPRO|SBUX|TWLO|MRVL|DOOG|NVDA|DOCK|BE,,,RVAB/REBAR: {1.15/-5.45%),1.15,,,ADD TO UPRO TRIM TWLO,ADD TO UPRO TRIM TWLO,ADD:TO UPRO|TRIM:TWLO,false,"5PYM,UPRO,SPXLGLW,MU ARM SEDG,DELL BE.NBIS NOK TSLAINOD.",SPYM|UPRO|SPXL|GLW|MU|ARM|SEDG|DELL|BE|NBIS|NOK|TSLA|INOD,,SPLIT:SPXLGLW->SPXL+GLW|SPLIT:TSLAINOD->TSLA+INOD,RVAB/REBAR: (1.93/-7.41%),1.93,,,ADD TO SPYM BUY TSLA INGD NOK O-TRIM ARM,ADD TO SPYM BUY TSLA INGD NOK O-TRIM ARM,ADD:TO SPYM|BUY:TSLA INGD NOK O-|TRIM:ARM,false,"BOTTOM LINE: 3 BROAD STIENG™H IN LEADERS, YIELDS COOL OFF. & INDEXES REC.AIM B-CMA","3 BROAD STIENG™H IN LEADERS, YIELDS COOL OFF. & INDEXES REC.AIM B-CMA"
revere_20260522.png,2026-05-22,1,gro_turbo,threshold,77.00,ok,,"GRO HOLDINGS: 5PYM,UPRO,TWLO,MRVL,DDOG,NVDA,DOCN, BE, AAOI,CSCO,GNRC || GRO RVAB/REBAR: {1.32/-6.20%) BUY AAO! CSCO GNC ADD TO UPRO SELL SBUX || TURBO HOLDINGS: SPYM,UPRO,SPXL,GLW,MU,ARM SEDG, DELL BE, NBIS, NOK, TSLA, INOD, AAD FLY,CRCL || TURBO RVAB/REBAR: {2.28/-8.66%) BUY AAOI FLY CRCL O-TRIM DELL || BOTTOM LINE: -» SPX REJECTED 7500 HOWEVER ATH WEEKLY CLOSE","5PYM,UPRO,TWLO,MRVL,DDOG,NVDA,DOCN, BE, AAOI,CSCO,GNRC",SPYM|UPRO|TWLO|MRVL|DDOG|NVDA|DOCN|BE|AAOI|CSCO|GNRC,,,RVAB/REBAR: {1.32/-6.20%),1.32,,,BUY AAO! CSCO GNC ADD TO UPRO SELL SBUX,BUY AAO! CSCO GNC ADD TO UPRO SELL SBUX,BUY:AAO! CSCO GNC|ADD:TO UPRO|SELL:SBUX,false,"SPYM,UPRO,SPXL,GLW,MU,ARM SEDG, DELL BE, NBIS, NOK, TSLA, INOD, AAD FLY,CRCL",SPYM|UPRO|SPXL|GLW|MU|ARM|SEDG|DELL|BE|NBIS|NOK|TSLA|INOD|AAD|FLY|CRCL,,,RVAB/REBAR: {2.28/-8.66%),2.28,,,BUY AAOI FLY CRCL O-TRIM DELL,BUY AAOI FLY CRCL O-TRIM DELL,BUY:AAOI FLY CRCL O-|TRIM:DELL,false,BOTTOM LINE: -» SPX REJECTED 7500 HOWEVER ATH WEEKLY CLOSE,-» SPX REJECTED 7500 HOWEVER ATH WEEKLY CLOSE
revere_20260526.png,2026-05-26,1,gro_turbo,threshold,76.00,ok,,"GRO HOLDINGS: SPYM,UPRO,GNRC,MRVLCSCO,NBIS, TWLO,BE,DDOG,GH,NVDA,AADL,00CN || GRO RVAB/REBAR: (1.50/-6.73%) BUY NBIS + GH ADD TO BE || TURBO HOLDINGS: SPYM,UPRD,SPXLGLW NOK, TSLASEDG,BE FLY AAGLNBIS,INTC,MU,INOD, ARM DELL || TURBO RVAB/REBAR: (2.22/-9.22%) BUY INTC O-TRIM MU SELL CRCL || BOTTOM LINE: > GROW TH LEADERS POWER INDEXES TO NEW HIGHS.","SPYM,UPRO,GNRC,MRVLCSCO,NBIS, TWLO,BE,DDOG,GH,NVDA,AADL,00CN",SPYM|UPRO|GNRC|MRVL|CSCO|NBIS|TWLO|BE|DDOG|GH|NVDA|AADL|OOCN,,SPLIT:MRVLCSCO->MRVL+CSCO,RVAB/REBAR: (1.50/-6.73%),1.50,,,BUY NBIS + GH ADD TO BE,BUY NBIS + GH ADD TO BE,BUY:NBIS + GH|ADD:TO BE,false,"SPYM,UPRD,SPXLGLW NOK, TSLASEDG,BE FLY AAGLNBIS,INTC,MU,INOD, ARM DELL",SPYM|UPRD|SPXL|GLW|NOK|TSLA|SEDG|BE|FLY|AAPL|NBIS|INTC|MU|INOD|ARM|DELL,,SPLIT:SPXLGLW->SPXL+GLW|SPLIT:TSLASEDG->TSLA+SEDG|SPLIT:AAGLNBIS->AAPL+NBIS,RVAB/REBAR: (2.22/-9.22%),2.22,,,BUY INTC O-TRIM MU SELL CRCL,BUY INTC O-TRIM MU SELL CRCL,BUY:INTC O-|TRIM:MU|SELL:CRCL,false,BOTTOM LINE: > GROW TH LEADERS POWER INDEXES TO NEW HIGHS.,> GROW TH LEADERS POWER INDEXES TO NEW HIGHS.
revere_20260528.png,2026-05-28,1,gro_turbo,threshold,60.00,ok,,"GRO HOLDINGS: SPYM,UPRO, LAB GNRC, MRVL CSCO,NBIS, TWLO, BE, BOG, GH, NVDA AAD! DOCN || GRO RVAB/REBAR: {1 5 3/-6.40%) BUY LABU O-TRIM MRVL || TURBO HOLDINGS: $PYM,UPRO, SPX GUW,NOK, TSLA,SE0G,BE FLY NBISINTC, MU INOD, ARM, DELL || TURBO RVAB/REBAR: {2 (9/-6.93%) O-TRIM SEDG SELL AAOI ADD TO NBIS. || BOTTOM LINE: 3 ""ARKL BHLAL + 1S BROALER NG OL","SPYM,UPRO, LAB GNRC, MRVL CSCO,NBIS, TWLO, BE, BOG, GH, NVDA AAD! DOCN",SPYM|UPRO|LABU|GNRC|MRVL|CSCO|NBIS|TWLO|BE|TOG|GH|NVDA|AADL|DOCN,,EXPAND:LAB->LABU|CORRECT:BOG->TOG|EXPAND:AAD->AADL,RVAB/REBAR: {1 5 3/-6.40%),1,,,BUY LABU O-TRIM MRVL,BUY LABU O-TRIM MRVL,BUY:LABU O-|TRIM:MRVL,false,"$PYM,UPRO, SPX GUW,NOK, TSLA,SE0G,BE FLY NBISINTC, MU INOD, ARM, DELL",SPYM|UPRO|SPXL|GUW|NOK|TSLA|SEOG|BE|FLY|NBIS|JINTC|MU|INOD|ARM|DELL,,EXPAND:PYM->SPYM|EXPAND:SPX->SPXL|SPLIT:NBISINTC->NBIS+JINTC,RVAB/REBAR: {2 (9/-6.93%) O-,2,,,TRIM SEDG SELL AAOI ADD TO NBIS.,TRIM SEDG SELL AAOI ADD TO NBIS.,TRIM:SEDG|SELL:AAOI|ADD:TO NBIS,false,"BOTTOM LINE: 3 ""ARKL BHLAL + 1S BROALER NG OL","3 ""ARKL BHLAL + 1S BROALER NG OL"
revere_20260529.png,2026-05-29,1,gro_turbo,threshold,47.00,review,MISSING_BOTTOM_LINE|LOW_OCR_CONFIDENCE,"GRO HOLDINGS: 5PYM,UPRO,LABU,DRST GNRC, MAVLCSCO,NBIS,TWLO, BE, DDOG, GH AADH DOC || GRO RVAB/REBAR: (2.5//-6.92%} BUY DPST SELL NVDA || TURBO HOLDINGS: SPYM,UBRO, S91, LW, HOR TSLASE0G BE, FLY NGIS, NTC MU NOD ARM DELL || TURBO RVAB/REBAR: (: 3/-6.88%) O-TRIM ARM DELL GLW ADD TO INTC BOTTOMUINE: IR V2 7550 7H? 6407 2 L5UC5F. TATFICR08 174 37 2NE BERAR TH","5PYM,UPRO,LABU,DRST GNRC, MAVLCSCO,NBIS,TWLO, BE, DDOG, GH AADH DOC",SPYM|UPRO|LABU|DRST|GNRC|MRVL|CSCO|NBIS|TWLO|BE|DDOG|GH|AADL|DOCN,,SPLIT:MAVLCSCO->MRVL+CSCO|CORRECT:AADH->AADL|EXPAND:DOC->DOCN,RVAB/REBAR: (2.5//-6.92%},2.5,,,BUY DPST SELL NVDA,BUY DPST SELL NVDA,BUY:DPST|SELL:NVDA,false,"SPYM,UBRO, S91, LW, HOR TSLASE0G BE, FLY NGIS, NTC MU NOD ARM DELL",SPYM|UPRO|I|GLW|HOOD|TSLA|SEOG|BE|FLY|NBIS|INTC|MU|INOD|ARM|DELL,,CORRECT:UBRO->UPRO|CORRECT:S9I->I|EXPAND:LW->GLW|CORRECT:HOR->HOOD|SPLIT:TSLASEOG->TSLA+SEOG|CORRECT:NGIS->NBIS|EXPAND:NTC->INTC|EXPAND:NOD->INOD,RVAB/REBAR: (: 3/-6.88%) O-,3,,,TRIM ARM DELL GLW ADD TO INTC BOTTOMUINE: IR V2 7550 7H? 6407 2 L5UC5F. TATFICR08 174 37 2NE BERAR TH,TRIM ARM DELL GLW ADD TO INTC BOTTOMUINE: IR V2 7550 7H? 6407 2 L5UC5F. TATFICR08 174 37 2NE BERAR TH,TRIM:ARM DELL GLW|ADD:TO INTC BOTTOMUINE: IR V2 7550 7H? 6407 2 L5UC5F. TATFICR08 174 37 2NE BERAR TH,false,,
revere_20260530.png,2026-05-30,1,gro_turbo,threshold,76.00,ok,,"GRO HOLDINGS: SPYM,UPRO,LABU,DPST, GNRC,MRVL.CSCO,NBIS, TWLO,BE.ODOG,GH,00CN,INTC || GRO RVAB/REBAR: {1.50/-6.92%) O SELL DDOG BUY INTC TRIM BE SELL AAO! || TURBO HOLDINGS: SPYM,UPRO,SPXL,NOK,TSLA, SEDG, BE,NBIS, INTC, MU,INOD, ARM,DOCN || TURBO RVAB/REBAR: {1.93/-6.87%) O-SELL DELL BUY DOCN SELL GLW FLY || BOTTOM LINE: 5 NOW A TI FOR DOW, 582, & NAS WITH SOFTWARE ROTATION","SPYM,UPRO,LABU,DPST, GNRC,MRVL.CSCO,NBIS, TWLO,BE.ODOG,GH,00CN,INTC",SPYM|UPRO|LABU|DPST|GNRC|MRVL|CSCO|NBIS|TWLO|BE|ODOG|GH|OOCN|INTC,,,RVAB/REBAR: {1.50/-6.92%) O,1.50,,,SELL DDOG BUY INTC TRIM BE SELL AAO!,SELL DDOG BUY INTC TRIM BE SELL AAO!,SELL:DDOG|BUY:INTC|TRIM:BE|SELL:AAO!,false,"SPYM,UPRO,SPXL,NOK,TSLA, SEDG, BE,NBIS, INTC, MU,INOD, ARM,DOCN",SPYM|UPRO|SPXL|NOK|TSLA|SEDG|BE|NBIS|INTC|MU|INOD|ARM|DOCN,,,RVAB/REBAR: {1.93/-6.87%) O-,1.93,,,SELL DELL BUY DOCN SELL GLW FLY,SELL DELL BUY DOCN SELL GLW FLY,SELL:DELL|BUY:DOCN|SELL:GLW FLY,false,"BOTTOM LINE: 5 NOW A TI FOR DOW, 582, & NAS WITH SOFTWARE ROTATION","5 NOW A TI FOR DOW, 582, & NAS WITH SOFTWARE ROTATION"
revere_20260601.png,2026-06-01,1,gro_turbo,threshold,68.00,ok,,"GRO HOLDINGS: SPYM,UPRO,LABU, DPST GNRC,MRVL CSCO, NBIS, TWLO, BE DDOG,GH, DOCH, INTC,G8TS. || GRO RVAB/REBAR: (© .1""/-1.12%/-6.80%) BUY QBTS O-TRIM DDOG NBIS TWLO || TURBO HOLDINGS: SPYM,UPRO SPXL COP, NOK, TSLASEDG, BE, NBIS, MU INGO DOCN, USAR, IREN || TURBO RVAB/REBAR: {. © ./5 03/8 59%) O-SELL ARM SELL INTC ADD TO BE BUY COPX IREN USAR || BOTTOM LINE: - OPTIMISM AROUND PEACE DEAL SPARKS FURTHER MOMENTUM","SPYM,UPRO,LABU, DPST GNRC,MRVL CSCO, NBIS, TWLO, BE DDOG,GH, DOCH, INTC,G8TS.",SPYM|UPRO|LABU|DPST|GNRC|MRVL|CSCO|NBIS|TWLO|BE|DDOG|GH|DOCH|INTC|QBTS,,CORRECT:GBTS->QBTS,"RVAB/REBAR: (© .1""/-1.12%/-6.80%)",1,,,BUY QBTS O-TRIM DDOG NBIS TWLO,BUY QBTS O-TRIM DDOG NBIS TWLO,BUY:QBTS O-|TRIM:DDOG NBIS TWLO,false,"SPYM,UPRO SPXL COP, NOK, TSLASEDG, BE, NBIS, MU INGO DOCN, USAR, IREN",SPYM|UPRO|SPXL|COPX|NOK|TSLA|SEDG|BE|NBIS|MU|INDO|DOCN|USAR|IREN,,EXPAND:COP->COPX|SPLIT:TSLASEDG->TSLA+SEDG|CORRECT:INGO->INDO,RVAB/REBAR: {. © ./5 03/8 59%) O-,5,03,8,SELL ARM SELL INTC ADD TO BE BUY COPX IREN USAR,SELL ARM SELL INTC ADD TO BE BUY COPX IREN USAR,SELL:ARM|SELL:INTC|ADD:TO BE|BUY:COPX IREN USAR,false,BOTTOM LINE: - OPTIMISM AROUND PEACE DEAL SPARKS FURTHER MOMENTUM,- OPTIMISM AROUND PEACE DEAL SPARKS FURTHER MOMENTUM
revere_20260602.png,2026-06-02,1,gro_turbo,threshold,70.00,ok,,"GRO HOLDINGS: SPYM,UPRO,0PST.GNRC,GH.CSCO NBIS. TWLO,QBTS,LLYK BE DOCN INTC, MRVL DDOG. || GRO RVAB/REBAR: (1..1:3/-1.44%/-7.08%) BUY LLYX ADD TO GH D-TRIM MRVL TRIM (NTC SELL LABU || TURBO HOLDINGS: SPYM,UPRO,SPXL COPX,TSLANBIS,BE NOK 0OCN, REN, SEDG, MU, INOD, USAR AEHR || TURBO RVAB/REBAR: (7 7/-6.38/-9.48%) BUY AEHR ADD TA TSLA + IREN || BOTTOM LINE: 3 A TRADE LEADS, SE£5C0 HITS 6 STRAIGHT A 1 15","SPYM,UPRO,0PST.GNRC,GH.CSCO NBIS. TWLO,QBTS,LLYK BE DOCN INTC, MRVL DDOG.",SPYM|UPRO|DPST|GNRC|GH|CSCO|NBIS|TWLO|QBTS|LLYX|BE|DOCN|INTC|MRVL|DDOG,,CORRECT:OPST->DPST|CORRECT:LLYK->LLYX,RVAB/REBAR: (1..1:3/-1.44%/-7.08%),1,,,BUY LLYX ADD TO GH D-TRIM MRVL TRIM (NTC SELL LABU,BUY LLYX ADD TO GH D-TRIM MRVL TRIM (NTC SELL LABU,BUY:LLYX|ADD:TO GH D-|TRIM:MRVL|TRIM:(NTC|SELL:LABU,false,"SPYM,UPRO,SPXL COPX,TSLANBIS,BE NOK 0OCN, REN, SEDG, MU, INOD, USAR AEHR",SPYM|UPRO|SPXL|COPX|TSLA|NBIS|BE|NOK|OOCN|IREN|SEDG|MU|INOD|USAR|AEHR,,SPLIT:TSLANBIS->TSLA+NBIS|EXPAND:REN->IREN,RVAB/REBAR: (7 7/-6.38/-9.48%),7,,,BUY AEHR ADD TA TSLA + IREN,BUY AEHR ADD TA TSLA + IREN,BUY:AEHR|ADD:TA TSLA + IREN,false,"BOTTOM LINE: 3 A TRADE LEADS, SE£5C0 HITS 6 STRAIGHT A 1 15","3 A TRADE LEADS, SE£5C0 HITS 6 STRAIGHT A 1 15"
revere_20260603.png,2026-06-03,1,gro_turbo,threshold,56.00,review,MISSING_TURBO_ACTION_LINE|LOW_OCR_CONFIDENCE,"GRO HOLDINGS: SPYM.UPRO, GRC GH CSCO,NBIS TWLO, BTS LLY BE DOCN.000G || GRO RVAB/REBAR: 1 ':/-0 94%/.6 05%) ADD TO LLYX O-CLOSEMAVL SELL DRST INTC || TURBO HOLDINGS: $PYM.UPROS91.COPX.TSLANBIS,B€ NOK DOCN (REN SE0G MUNDO USAR AEHR TURBO AVAB/REBAR: (- *:/-5 12%/-8 27%) TRIM USAR || BOTTOM LINE: - DAY 1 PULL-BACK FOR LEADERS 8 INDEXES.","SPYM.UPRO, GRC GH CSCO,NBIS TWLO, BTS LLY BE DOCN.000G",SPYM|UPRO|GNRC|GH|CSCO|NBIS|TWLO|QBTS|LLYX|BE|DOCN|OOOG,,CORRECT:GRC->GNRC|EXPAND:BTS->QBTS|EXPAND:LLY->LLYX,RVAB/REBAR: 1 ':/-0 94%/.6 05%),1,,,ADD TO LLYX O-CLOSEMAVL SELL DRST INTC,ADD TO LLYX O-CLOSEMAVL SELL DRST INTC,ADD:TO LLYX O-CLOSEMAVL|SELL:DRST INTC,false,"$PYM.UPROS91.COPX.TSLANBIS,B€ NOK DOCN (REN SE0G MUNDO USAR AEHR TURBO AVAB/REBAR: (- *:/-5 12%/-8 27%) TRIM USAR",SPYM|UPRO|SI|COPX|TSLA|NBIS|B|NOK|DOCN|IREN|SEOG|INDO|USAR|AEHR|AVAB,,EXPAND:PYM->SPYM|SPLIT:UPROS9I->UPRO+SI|SPLIT:TSLANBIS->TSLA+NBIS|EXPAND:REN->IREN|CORRECT:MUNDO->INDO,,,,,,,,false,BOTTOM LINE: - DAY 1 PULL-BACK FOR LEADERS 8 INDEXES.,- DAY 1 PULL-BACK FOR LEADERS 8 INDEXES.
revere_20260604.png,2026-06-04,1,gro_turbo,threshold,64.00,ok,,"GRO HOLDINGS: SPYM,UPRO,SOXL.PICK.COPX,GNRC,GH,CSCO,NBIS,TWLO,QBTS, LLYX,BE, DOCN.DDOG || GRO RVAB/REBAR: {1.3/-1.44%/-6.70%) BUY SOXL PICK COPX || TURBO HOLDINGS: SPYM,UPRO,SPXL,COPX,TSLA,NBIS, BE NOK, DOCN, REN, SEDG, MU, INOD AER, SNOW || TURBO RVAB/REBAR: (2.05/-5.61%/-8.57%) SELL USAR BUY SNOW || BOTTOM LINE: - GAP DORN TREND JP DAY, SLPPORTIVE ACTION ACROSS THE BOARD","SPYM,UPRO,SOXL.PICK.COPX,GNRC,GH,CSCO,NBIS,TWLO,QBTS, LLYX,BE, DOCN.DDOG",SPYM|UPRO|SOXL|PICK|COPX|GNRC|GH|CSCO|NBIS|TWLO|QBTS|LLYX|BE|DOCN|DDOG,,,RVAB/REBAR: {1.3/-1.44%/-6.70%),1.3,,,BUY SOXL PICK COPX,BUY SOXL PICK COPX,BUY:SOXL PICK COPX,false,"SPYM,UPRO,SPXL,COPX,TSLA,NBIS, BE NOK, DOCN, REN, SEDG, MU, INOD AER, SNOW",SPYM|UPRO|SPXL|COPX|TSLA|NBIS|BE|NOK|DOCN|IREN|SEDG|MU|INOD|AER|SNOW,,EXPAND:REN->IREN,RVAB/REBAR: (2.05/-5.61%/-8.57%),2.05,,,SELL USAR BUY SNOW,SELL USAR BUY SNOW,SELL:USAR|BUY:SNOW,false,"BOTTOM LINE: - GAP DORN TREND JP DAY, SLPPORTIVE ACTION ACROSS THE BOARD","- GAP DORN TREND JP DAY, SLPPORTIVE ACTION ACROSS THE BOARD"
revere_20260605.png,2026-06-05,1,gro_turbo,threshold,53.00,review,MISSING_TURBO_ACTION_LINE|LOW_OCR_CONFIDENCE,"GRO HOLDINGS: SPVIA,UPNO JL OREO CSCO WO RX POCS || GRO RVAB/REBAR: {17 0 10 4 4150) WY 40801 5000 $3 GOT S030 COME PX KOK G0 THM GOK. || TURBO HOLDINGS: SPYM,UPAG, WEIS DON S606 MU TURBO AVAB/REBAR: [1-0 561%/-2 0%} SELL57%L ALAR BF COPE TSUA HOW ICH INDO NOK SRM MOIS || BOTTOM LINE: NFP IIGGEAS HUGE SELL ING ACROSS THE BOARD LEADERS CRUSHED","SPVIA,UPNO JL OREO CSCO WO RX POCS",SPVIA|UPNO|JL|CRDO|CSCO|WOM|ERX|DOCN,,CORRECT:OREO->CRDO|EXPAND:WO->WOM|EXPAND:RX->ERX|CORRECT:POCS->DOCN,RVAB/REBAR: {17 0 10 4 4150) WY 40801 5000 $3 GOT S030 COME PX KOK G0 THM GOK.,17,,,,,,false,"SPYM,UPAG, WEIS DON S606 MU TURBO AVAB/REBAR: [1-0 561%/-2 0%} SELL57%L ALAR BF COPE TSUA HOW ICH INDO NOK SRM MOIS",SPYM|UPRO|NBIS|DOCN|SNOW|MU|AVAB|PLTR|BF|COPX|TSUA|HOOD|PICK|INDO|NOK,,CORRECT:UPAG->UPRO|CORRECT:WEIS->NBIS|CORRECT:DON->DOCN|CORRECT:SGOG->SNOW|CORRECT:ALAR->PLTR|CORRECT:COPE->COPX|CORRECT:HOW->HOOD|CORRECT:ICH->PICK|CORRECT:SRM->SPYM|CORRECT:MOIS->NBIS,,,,,,,,false,BOTTOM LINE: NFP IIGGEAS HUGE SELL ING ACROSS THE BOARD LEADERS CRUSHED,NFP IIGGEAS HUGE SELL ING ACROSS THE BOARD LEADERS CRUSHED
revere_20260608.png,2026-06-08,1,gro_turbo,threshold,62.00,review,MISSING_BOTTOM_LINE,"GRO HOLDINGS: 5PVM,UPN0 JI} GNAC. GH, CSCO, LYK DOCN. || GRO RVAB/REBAR; {1 1:/-0.34%-4 50%) TIM UPRO.SQQQ SELL TWLO || TURBO HOLDINGS: SPMAUPRO, 9S 0OCH SE0G MU || TURBO RVAB/REBAR: {. /.0.84%/-3.0%) NO CHANGES. || BOTTOM LINE:","5PVM,UPN0 JI} GNAC. GH, CSCO, LYK DOCN.",SPVM|UPNO|JI|GNRC|GH|CSCO|LY|DOCN,,CORRECT:GNAC->GNRC|CORRECT:LYK->LY,RVAB/REBAR; {1 1:/-0.34%-4 50%) TIM UPRO.SQQQ,1,,,SELL TWLO,SELL TWLO,SELL:TWLO,false,"SPMAUPRO, 9S 0OCH SE0G MU",SPYM|UPRO|NBIS|DOCN|SNOW|MU|AVAB|PLTR|BF|COPX|TSUA|HOOD|PICK|INDO|NOK,,SPLIT:SPMAUPRO->SPM+UPRO|CORRECT:9S->SE|INHERIT_NO_CHANGES:revere_20260605.png,RVAB/REBAR: {. /.0.84%/-3.0%),0.84,,,NO CHANGES.,NO CHANGES.,NO CHANGES,true,BOTTOM LINE:,
revere_20260609.png,2026-06-09,1,gro_turbo,threshold,63.00,ok,,"GRO HOLDINGS: SPYM,UPRO,GH,LLYX,CSCO,GNRC,DOCN || GRO RVAB/REBAR: 0: (-0.39%/-4.40%) TIM PRO 00CN CSCO OVE [IN || TURBO HOLDINGS: SPYM,UPRO, SNOW || TURBO RVAB/REBAR: 1 51. (.0.16%/.2.29%) BUY SNOW SELL NBIS DOCN SEDG MU || BOTTOM LINE: & AML PVT LEADERS, WIDE 8 LOOSE; VALUE & SML/IDD","SPYM,UPRO,GH,LLYX,CSCO,GNRC,DOCN",SPYM|UPRO|GH|LLYX|CSCO|GNRC|DOCN,,,RVAB/REBAR: 0: (-0.39%/-4.40%) TIM PRO 00CN CSCO OVE [IN,0,,,,,,false,"SPYM,UPRO, SNOW",SPYM|UPRO|SNOW,,,RVAB/REBAR: 1 51. (.0.16%/.2.29%),1,,,BUY SNOW SELL NBIS DOCN SEDG MU,BUY SNOW SELL NBIS DOCN SEDG MU,BUY:SNOW|SELL:NBIS DOCN SEDG MU,false,"BOTTOM LINE: & AML PVT LEADERS, WIDE 8 LOOSE; VALUE & SML/IDD","& AML PVT LEADERS, WIDE 8 LOOSE; VALUE & SML/IDD"
revere_20260610.png,2026-06-10,1,gro_turbo,threshold,88.00,ok,,"GRO HOLDINGS: SPYM,UPRO,GH,LLYX,CSCO,DOCN || GRO RVAB/REBAR: 0.86 (-0.32%/-4.14%) SELL GNRC TRIM UPRO || TURBO HOLDINGS: SPYM,UPRO,SNOW || TURBO RVAB/REBAR: 0.55 {-0.11%/-1.87%) NO CHANGES. || BOTTOM LINE: =» INFLATION SCARES AND IRAN WAR TENSIONS LEAD TO FURTHER WEAKNESS","SPYM,UPRO,GH,LLYX,CSCO,DOCN",SPYM|UPRO|GH|LLYX|CSCO|DOCN,,,RVAB/REBAR: 0.86 (-0.32%/-4.14%),0.86,,,SELL GNRC TRIM UPRO,SELL GNRC TRIM UPRO,SELL:GNRC|TRIM:UPRO,false,"SPYM,UPRO,SNOW",SPYM|UPRO|SNOW,,,RVAB/REBAR: 0.55 {-0.11%/-1.87%),0.55,,,NO CHANGES.,NO CHANGES.,NO CHANGES,true,BOTTOM LINE: =» INFLATION SCARES AND IRAN WAR TENSIONS LEAD TO FURTHER WEAKNESS,=» INFLATION SCARES AND IRAN WAR TENSIONS LEAD TO FURTHER WEAKNESS
revere_20260611.png,2026-06-11,1,gro_turbo,threshold,75.00,ok,,"GRO HOLDINGS: SPYM,UPRO,GH,LLYX,CSCO,DOCN || GRO RVAB/REBAR: 01.7 8/0).58 {-0.38%/-4 87%) NO CHANGES || TURBO HOLDINGS: SPYM,UPRO,SNOW || TURBO RVAB/REBAR: .0/0.40 (- 11%/-2 57%) NO CHANGES || BOTTOM LINE: =F (OOUING GEOPOTITIEAL TENSIONS RESUR TIN STRONG REBOUND","SPYM,UPRO,GH,LLYX,CSCO,DOCN",SPYM|UPRO|GH|LLYX|CSCO|DOCN,,,RVAB/REBAR: 01.7 8/0).58 {-0.38%/-4 87%),01.7,8,0,NO CHANGES,NO CHANGES,NO CHANGES,true,"SPYM,UPRO,SNOW",SPYM|UPRO|SNOW,,,RVAB/REBAR: .0/0.40 (- 11%/-2 57%),,0,0.40,NO CHANGES,NO CHANGES,NO CHANGES,true,BOTTOM LINE: =F (OOUING GEOPOTITIEAL TENSIONS RESUR TIN STRONG REBOUND,=F (OOUING GEOPOTITIEAL TENSIONS RESUR TIN STRONG REBOUND
revere_20260612.png,2026-06-12,1,gro_turbo,threshold,86.00,ok,,"GRO HOLDINGS: SPYM,UPRO,GH,LLYX,CSCO,00CN,CRDO, SNOW, FTNT,VIAV,MRVLNBIS || GRO RVAB/REBAR: ..11 {-0.65%/-5.41%) ADD TO DOCN BUY CRDO SNOW FTNT VIAV MRVL NBIS || TURBO HOLDINGS: SPYM,UPRO,SNOW,GH, BE, VIAV,MRVL || TURBO RVAB/REBAR: C.57 {-0.91%/-3.96%) BUY GH BE VIAV MRVL NBIS ADD TO SPYM || BOTTOM LINE: -» HISTORICAL SPACEX IPO; IRAN WAR TENSIONS EASING","SPYM,UPRO,GH,LLYX,CSCO,00CN,CRDO, SNOW, FTNT,VIAV,MRVLNBIS",SPYM|UPRO|GH|LLYX|CSCO|OOCN|CRDO|SNOW|FTNT|VIAV|MRVL|NBIS,,SPLIT:MRVLNBIS->MRVL+NBIS,RVAB/REBAR: ..11 {-0.65%/-5.41%),11,,,ADD TO DOCN BUY CRDO SNOW FTNT VIAV MRVL NBIS,ADD TO DOCN BUY CRDO SNOW FTNT VIAV MRVL NBIS,ADD:TO DOCN|BUY:CRDO SNOW FTNT VIAV MRVL NBIS,false,"SPYM,UPRO,SNOW,GH, BE, VIAV,MRVL",SPYM|UPRO|SNOW|GH|BE|VIAV|MRVL,,,RVAB/REBAR: C.57 {-0.91%/-3.96%),57,,,BUY GH BE VIAV MRVL NBIS ADD TO SPYM,BUY GH BE VIAV MRVL NBIS ADD TO SPYM,BUY:GH BE VIAV MRVL NBIS|ADD:TO SPYM,false,BOTTOM LINE: -» HISTORICAL SPACEX IPO; IRAN WAR TENSIONS EASING,-» HISTORICAL SPACEX IPO; IRAN WAR TENSIONS EASING
revere_20260615.png,2026-06-15,1,gro_turbo,threshold,76.00,review,MISSING_GRO_ACTION_LINE,"GRO HOLDINGS: SPYM,UPRO,GH,LLYX,WGMI,CSCO,DOCN,CRDO, SNOW, FTNT,VIAV,MRVL,NBIS,BE H * GRO RVAB/REBAR: 1.40 {-1.54%/-7.02%) ADD TO NBIS SNOW VIAV DOCN BUY WGMI BE || TURBO HOLDINGS: SPYM,UPRO,SNOW, GH, BE, VIAV,MRVL || TURBO RVAB/REBAR: 1.07 (-1.79%/-5.67%) ADD TO SNOW || BOTTOM LINE: <> PEACE AGREEMENT LEADS TO BROAD STRENGTH","SPYM,UPRO,GH,LLYX,WGMI,CSCO,DOCN,CRDO, SNOW, FTNT,VIAV,MRVL,NBIS,BE H * GRO RVAB/REBAR: 1.40 {-1.54%/-7.02%) ADD TO NBIS SNOW VIAV DOCN BUY WGMI BE",SPYM|UPRO|GH|LLYX|WGMI|CSCO|DOCN|CRDO|SNOW|FTNT|VIAV|MRVL|NBIS|BE|TOL,,CORRECT:H->GH|EXPAND:TO->TOL,,,,,,,,false,"SPYM,UPRO,SNOW, GH, BE, VIAV,MRVL",SPYM|UPRO|SNOW|GH|BE|VIAV|MRVL,,,RVAB/REBAR: 1.07 (-1.79%/-5.67%),1.07,,,ADD TO SNOW,ADD TO SNOW,ADD:TO SNOW,false,BOTTOM LINE: <> PEACE AGREEMENT LEADS TO BROAD STRENGTH,<> PEACE AGREEMENT LEADS TO BROAD STRENGTH
revere_20260616.png,2026-06-16,1,gro_turbo,threshold,73.00,ok,,"GRO HOLDINGS: SPYM,UPRO,GH,LLYX. WGMI,C5C0, DOCN,CRDO, SNOW, FTNT,VIAV, MRVL,NBIS,BE INTC. || GRO RVAB/REBAR: 1 /21..1{-1.12%/-6.23%) ADD TO WGMI BE BUY INTC || TURBO HOLDINGS: SPYM,UPRO, SNOW, GH, BE, VIAV,MRVL || TURBO RVAB/REBAR: 1 U7 {1.79%/-5.6 7%) ADD TO BE SNOW BUY WOLF FROG FLNC DDOG SELL GH || BOTTOM LINE: ""SEMIS AND TECH GIVE BACK MONDAY'S GAINS, DOW ATH","SPYM,UPRO,GH,LLYX. WGMI,C5C0, DOCN,CRDO, SNOW, FTNT,VIAV, MRVL,NBIS,BE INTC.",SPYM|UPRO|GH|LLYX|WGMI|CSCO|DOCN|CRDO|SNOW|FTNT|VIAV|MRVL|NBIS|BE|INTC,,,RVAB/REBAR: 1 /21..1{-1.12%/-6.23%),,1,21,ADD TO WGMI BE BUY INTC,ADD TO WGMI BE BUY INTC,ADD:TO WGMI BE|BUY:INTC,false,"SPYM,UPRO, SNOW, GH, BE, VIAV,MRVL",SPYM|UPRO|SNOW|GH|BE|VIAV|MRVL,,,RVAB/REBAR: 1 U7 {1.79%/-5.6 7%),1,,,ADD TO BE SNOW BUY WOLF FROG FLNC DDOG SELL GH,ADD TO BE SNOW BUY WOLF FROG FLNC DDOG SELL GH,ADD:TO BE SNOW|BUY:WOLF FROG FLNC DDOG|SELL:GH,false,"BOTTOM LINE: ""SEMIS AND TECH GIVE BACK MONDAY'S GAINS, DOW ATH","""SEMIS AND TECH GIVE BACK MONDAY'S GAINS, DOW ATH"
revere_20260617.png,2026-06-17,1,gro_turbo,threshold,56.00,review,LOW_OCR_CONFIDENCE|SUSPICIOUS_GRO_TICKERS,"GRO HOLDINGS: SVN APO JI G1 URXSWRA 00CM ROC SW, FTN SINV, NEI, 8 WTC || GRO RVAB/REBAR: © 143%/ 5.90%) TRM UNE SELL CSCOVAY ABD TO ET IVTE SUV NEO JL || TURBO HOLDINGS: S51 UPA0, LAB SNOW 86 MRYLWOLE, 0G, D00G, INTC || TURBO RVAB/REBAR: 1 ©. (2 19%/ 5 125%) 8UY INTE LABU TRIM SNOW SELL VIAV FLNC || BOTTOM LINE: -» HAWKISH TILT FROM WARSH SPARKS SELL-OFF","SVN APO JI G1 URXSWRA 00CM ROC SW, FTN SINV, NEI, 8 WTC",SVN|UPRO|JI|GI|URA|XSWRA|DOCN|RROC|SNOW|FTNT|VIAV|NEI|WTC,XSWRA,CORRECT:APO->UPRO|SPLIT:URXSWRA->URA+XSWRA|CORRECT:OOCM->DOCN|EXPAND:ROC->RROC|CORRECT:SW->SNOW|EXPAND:FTN->FTNT|CORRECT:SINV->VIAV,RVAB/REBAR: © 143%/ 5.90%) TRM UNE,143,,,SELL CSCOVAY ABD TO ET IVTE SUV NEO JL,SELL CSCOVAY ABD TO ET IVTE SUV NEO JL,SELL:CSCOVAY ABD TO ET IVTE SUV NEO JL,false,"S51 UPA0, LAB SNOW 86 MRYLWOLE, 0G, D00G, INTC",SSO|UPAO|LABU|SNOW|MRVL|WOLF|TOG|DOOG|INTC,,CORRECT:SSI->SSO|EXPAND:LAB->LABU|SPLIT:MRYLWOLE->MRVL+WOLF|EXPAND:OG->TOG,RVAB/REBAR: 1 ©. (2 19%/ 5 125%) 8UY INTE LABU,1,,,TRIM SNOW SELL VIAV FLNC,TRIM SNOW SELL VIAV FLNC,TRIM:SNOW|SELL:VIAV FLNC,false,BOTTOM LINE: -» HAWKISH TILT FROM WARSH SPARKS SELL-OFF,-» HAWKISH TILT FROM WARSH SPARKS SELL-OFF
revere_20260618.png,2026-06-18,1,gro_turbo,threshold,66.00,ok,,"GRO HOLDINGS: SPYM,UPRO, JL GH,LLYX,WGMI,DOCN,CRDO, SNOW, FTNT, MRVL NBIS BE, INTC || GRO RVAB/REBAR: 73{-3 06%/-8 01%) SELL SNOW TRIM FINT CLOSE HEDGE SPS BUY S970. HUT NVT FORM ADD TO WOM INTC || TURBO HOLDINGS: $PYM,UPRO,LABU, BE, MRVLWOLF,FROG,0D0G,INTC || TURBO RVAB/REBAR: .37 (-3.70%/-7.17%) SELL SNOW || BOTTOM LINE: 3 POST-FOMC BOOST FROM IRAN WAR MOU","SPYM,UPRO, JL GH,LLYX,WGMI,DOCN,CRDO, SNOW, FTNT, MRVL NBIS BE, INTC",SPYM|UPRO|JL|GH|LLYX|WGMI|DOCN|CRDO|SNOW|FTNT|MRVL|NBIS|BE|INTC,,,RVAB/REBAR: 73{-3 06%/-8 01%),73,,,SELL SNOW TRIM FINT CLOSE HEDGE SPS BUY S970. HUT NVT FORM ADD TO WOM INTC,SELL SNOW TRIM FINT CLOSE HEDGE SPS BUY S970. HUT NVT FORM ADD TO WOM INTC,SELL:SNOW|TRIM:FINT CLOSE HEDGE SPS|BUY:S970. HUT NVT FORM|ADD:TO WOM INTC,false,"$PYM,UPRO,LABU, BE, MRVLWOLF,FROG,0D0G,INTC",SPYM|UPRO|LABU|BE|MRVL|WOLF|FROG|ODOG|INTC,,EXPAND:PYM->SPYM|SPLIT:MRVLWOLF->MRVL+WOLF,RVAB/REBAR: .37 (-3.70%/-7.17%),37,,,SELL SNOW,SELL SNOW,SELL:SNOW,false,BOTTOM LINE: 3 POST-FOMC BOOST FROM IRAN WAR MOU,3 POST-FOMC BOOST FROM IRAN WAR MOU
revere_20260622.png,2026-06-22,1,gro_turbo,threshold,63.00,review,MISSING_BOTTOM_LINE,"GRO HOLDINGS: SPYM.UPRO.SPXL GH LLY WGMLCRDO, FTNT MRVLNBIS BE INTC HOOD || GRO RVAB/REBAR: © -*1(-2 31%/-7 02%) BUY HOOD ADD10 FTNT SELL DOCN O-TRIM BE CRDO || TURBO HOLDINGS: SPVIA UPROLABU,BE MAVLFROG,000G,INTC NOK || TURBO RVAB/REBAR: 1 %* (-3 16%/-6 40%) BUY NOK ADD 10 FROG SELL WOLF || BOTTOM LINE:","SPYM.UPRO.SPXL GH LLY WGMLCRDO, FTNT MRVLNBIS BE INTC HOOD",SPYM|UPRO|SPXL|GH|LLYX|WGMI|CRDO|FTNT|MRVL|NBIS|BE|INTC|HOOD,,EXPAND:LLY->LLYX|SPLIT:WGMLCRDO->WGMI+CRDO|SPLIT:MRVLNBIS->MRVL+NBIS,RVAB/REBAR: © -*1(-2 31%/-7 02%),1,,,BUY HOOD ADD10 FTNT SELL DOCN O-TRIM BE CRDO,BUY HOOD ADD10 FTNT SELL DOCN O-TRIM BE CRDO,BUY:HOOD ADD10 FTNT|SELL:DOCN O-|TRIM:BE CRDO,false,"SPVIA UPROLABU,BE MAVLFROG,000G,INTC NOK",SPVIA|UPRO|LABU|BE|MRVL|FROG|OOOG|INTC|NOK,,SPLIT:UPROLABU->UPRO+LABU|SPLIT:MAVLFROG->MRVL+FROG,RVAB/REBAR: 1 %* (-3 16%/-6 40%),1,,,BUY NOK ADD 10 FROG SELL WOLF,BUY NOK ADD 10 FROG SELL WOLF,BUY:NOK|ADD:10 FROG|SELL:WOLF,false,BOTTOM LINE:,
revere_20260623.png,2026-06-23,1,gro_turbo,threshold,58.00,review,LOW_OCR_CONFIDENCE,"GRO HOLDINGS: SPYM.UPRO.WGALINTC NBIS GH, BE NVT.LLYX FTNT. HOOD, HUT FORM CRDO || GRO RVAB/REBAR: © 1 -{ 2.31% 7 02%) SELL MRVL » SPXL || TURBO HOLDINGS: SPYM,UPRO, 50X5.LABL DOOG NOK BF CRWD, TWLO, NBIS MRVL INTC || TURBO RVAB/REBAR: +: { 3 16%; © 40%) BUY CRWD + 'WIO {JENNI <.. RROC || BOTTOM LINE: 9 A-1 STOCKS SMACKED, SPX/QQQ BELOW 21E. ROTATION TO VALUE","SPYM.UPRO.WGALINTC NBIS GH, BE NVT.LLYX FTNT. HOOD, HUT FORM CRDO",SPYM|UPRO|WGN|JINTC|NBIS|GH|BE|NVT|LLYX|FTNT|HOOD|HUT|FORM|CRDO,,SPLIT:WGALINTC->WGN+JINTC,RVAB/REBAR: © 1 -{ 2.31% 7 02%),1,,,SELL MRVL » SPXL,SELL MRVL » SPXL,SELL:MRVL » SPXL,false,"SPYM,UPRO, 50X5.LABL DOOG NOK BF CRWD, TWLO, NBIS MRVL INTC",SPYM|UPRO|SOXS|LABL|DOOG|NOK|BF|CRWD|TWLO|NBIS|MRVL|INTC,,,RVAB/REBAR: +: { 3 16%; © 40%),3,,,BUY CRWD + 'WIO {JENNI <.. RROC,BUY CRWD + 'WIO {JENNI <.. RROC,BUY:CRWD + 'WIO {JENNI <.. RROC,false,"BOTTOM LINE: 9 A-1 STOCKS SMACKED, SPX/QQQ BELOW 21E. ROTATION TO VALUE","9 A-1 STOCKS SMACKED, SPX/QQQ BELOW 21E. ROTATION TO VALUE"
revere_20260624.png,2026-06-24,1,gro_turbo,threshold,75.00,review,MISSING_BOTTOM_LINE,"GRO HOLDINGS: 5PYM,UPRO,WGM ,INTC,NBIS,GH,BE NVT,LLYX, FTNT.HOGD, HUT, FORM,CRDO || GRO RVAB/REBAR: ..03(-0.66%/-4.48%) TRIM INTC BUY HPE SELL NBIS HUT WGMI HOOD NVT || TURBO HOLDINGS: SPYM,UPRO,50XS,LABU,ODOG, NOK, BE CRWD, TWLO, NSIS, INTC. || TURBO RVAB/REBAR: 1.01 {-3.50%/-6.02%) SELL MRVL ADD TO SOXS || BOTTOM LINE:","5PYM,UPRO,WGM ,INTC,NBIS,GH,BE NVT,LLYX, FTNT.HOGD, HUT, FORM,CRDO",SPYM|UPRO|WGMI|INTC|NBIS|GH|BE|NVT|LLYX|FTNT|HOOD|HUT|FORM|CRDO,,EXPAND:WGM->WGMI|CORRECT:HOGD->HOOD,RVAB/REBAR: ..03(-0.66%/-4.48%),03,,,TRIM INTC BUY HPE SELL NBIS HUT WGMI HOOD NVT,TRIM INTC BUY HPE SELL NBIS HUT WGMI HOOD NVT,TRIM:INTC|BUY:HPE|SELL:NBIS HUT WGMI HOOD NVT,false,"SPYM,UPRO,50XS,LABU,ODOG, NOK, BE CRWD, TWLO, NSIS, INTC.",SPYM|UPRO|SOXS|LABU|ODOG|NOK|BE|CRWD|TWLO|NBIS|INTC,,CORRECT:NSIS->NBIS,RVAB/REBAR: 1.01 {-3.50%/-6.02%),1.01,,,SELL MRVL ADD TO SOXS,SELL MRVL ADD TO SOXS,SELL:MRVL|ADD:TO SOXS,false,BOTTOM LINE:,
revere_20260625.png,2026-06-25,1,gro_turbo,threshold,58.00,review,MISSING_TURBO_ACTION_LINE|MISSING_BOTTOM_LINE|LOW_OCR_CONFIDENCE,"GRO HOLDINGS: $I7M,UPRO.INTC.GH LLYXFTNT. FORM CHOO. || GRO RVAB/REBAR: I - { 0 45%/.4.20%) SELL BE HPE TRIM INTC. O-TRIM GH || TURBO HOLDINGS: SPY UPRO,SOXS.LABLID00G NOK,BE CRWD,TWLONBIS INTC TNT TURBO AVAB/REBAR: : ©: {2 38%/4 55%} BUY FINT D-TRIM LASU || BOTTOM LINE:","$I7M,UPRO.INTC.GH LLYXFTNT. FORM CHOO.",I|UPRO|INTC|GH|LLYX|FTNT|FORM|CHOO,,CORRECT:I7M->I|SPLIT:LLYXFTNT->LLYX+FTNT,RVAB/REBAR: I - { 0 45%/.4.20%),0,,,SELL BE HPE TRIM INTC. O-TRIM GH,SELL BE HPE TRIM INTC. O-TRIM GH,SELL:BE HPE|TRIM:INTC. O-|TRIM:GH,false,"SPY UPRO,SOXS.LABLID00G NOK,BE CRWD,TWLONBIS INTC TNT TURBO AVAB/REBAR: : ©: {2 38%/4 55%} BUY FINT D-TRIM LASU",SPYM|UPRO|SOXS|LABU|DOOG|NOK|BE|CRWD|TWLO|NBIS|INTC|FTNT|AVAB|FINT,,EXPAND:SPY->SPYM|SPLIT:LABLIDOOG->LABU+DOOG|SPLIT:TWLONBIS->TWLO+NBIS|EXPAND:TNT->FTNT|CORRECT:LASU->LABU,,,,,,,,false,BOTTOM LINE:,
revere_20260626.png,2026-06-26,1,gro_turbo,threshold,81.00,ok,,"GRO HOLDINGS: SPYM,UPRO,INTC,GH,LLYX,FTNT < || GRO RVAB/REBAR: 0.89(-0.45%/-4.28%) SELL FORM CRDO || TURBO HOLDINGS: SPYM,UPRO,SOXS,LABU,DDOG,CRWD, TWLO,NBIS, INTC, FTNT || TURBO RVAB/REBAR:0.82(-2.39%/-4.86%) SELL NOK BE || BOTTOM LINE: =» SEMIS, STORAGE, AND AL STOCKS HIT, S&P BELOW SODAY","SPYM,UPRO,INTC,GH,LLYX,FTNT <",SPYM|UPRO|INTC|GH|LLYX|FTNT,,,RVAB/REBAR: 0.89(-0.45%/-4.28%),0.89,,,SELL FORM CRDO,SELL FORM CRDO,SELL:FORM CRDO,false,"SPYM,UPRO,SOXS,LABU,DDOG,CRWD, TWLO,NBIS, INTC, FTNT",SPYM|UPRO|SOXS|LABU|DDOG|CRWD|TWLO|NBIS|INTC|FTNT,,,RVAB/REBAR:0.82(-2.39%/-4.86%),0.82,,,SELL NOK BE,SELL NOK BE,SELL:NOK BE,false,"BOTTOM LINE: =» SEMIS, STORAGE, AND AL STOCKS HIT, S&P BELOW SODAY","=» SEMIS, STORAGE, AND AL STOCKS HIT, S&P BELOW SODAY"
revere_20260629.png,2026-06-29,1,gro_turbo,threshold,83.00,ok,,"GRO HOLDINGS: SPYM,UPRO,GH,LLYX FTNT,DELL,STM,FLEX, MRVL || GRO RVAB/REBAR: 1.02{-0.72%/-4.35%) SELL INTC SPXU O-TRIM GH BUY DELL STM MRVL FLEX ADD TO UPAQ || TURBO HOLDINGS: SPYM,UPRO, LABU,DDOG,CRWD, TWLO,NBIS INTC, FTNT. STM || TURBO RVAB/REBAR: 1.28 (-2.85%/-5.43%) SELL SOXS BUY STM ADD TO NBIS || BOTTOM LINE: KEY LEVELS HOLD FOR INDEXES AND LEADERS","SPYM,UPRO,GH,LLYX FTNT,DELL,STM,FLEX, MRVL",SPYM|UPRO|GH|LLYX|FTNT|DELL|STM|FLEX|MRVL,,,RVAB/REBAR: 1.02{-0.72%/-4.35%),1.02,,,SELL INTC SPXU O-TRIM GH BUY DELL STM MRVL FLEX ADD TO UPAQ,SELL INTC SPXU O-TRIM GH BUY DELL STM MRVL FLEX ADD TO UPAQ,SELL:INTC SPXU O-|TRIM:GH|BUY:DELL STM MRVL FLEX|ADD:TO UPAQ,false,"SPYM,UPRO, LABU,DDOG,CRWD, TWLO,NBIS INTC, FTNT. STM",SPYM|UPRO|LABU|DDOG|CRWD|TWLO|NBIS|INTC|FTNT|STM,,,RVAB/REBAR: 1.28 (-2.85%/-5.43%),1.28,,,SELL SOXS BUY STM ADD TO NBIS,SELL SOXS BUY STM ADD TO NBIS,SELL:SOXS|BUY:STM|ADD:TO NBIS,false,BOTTOM LINE: KEY LEVELS HOLD FOR INDEXES AND LEADERS,KEY LEVELS HOLD FOR INDEXES AND LEADERS
revere_20260630.png,2026-06-30,1,gro_turbo,threshold,69.00,ok,,"GRO HOLDINGS: SPYM,UPRO,FTNT, TWLO,MRVL FLEX, STM, DELL,GH,LLYX || GRO RVAB/REBAR: © 20(-0.95%/-5.47%) ADD TO FTNT STM MRVL FLEX BUY TWLO || TURBO HOLDINGS: SPYM,UPRO,LABU,DDOG,NBIS,CRWD, TWLO,STM,FTNT,INTC,MXL || TURBO RVAB/REBAR: 1.35 (4.15%/-7.17%) BUY MKL || BOTTOM LINE: D5CUD CLUSE 10 02 AF TLR IAI JUNE WEAKNESS, DAY 21M OR GROWTH","SPYM,UPRO,FTNT, TWLO,MRVL FLEX, STM, DELL,GH,LLYX",SPYM|UPRO|FTNT|TWLO|MRVL|FLEX|STM|DELL|GH|LLYX,,,RVAB/REBAR: © 20(-0.95%/-5.47%),20,,,ADD TO FTNT STM MRVL FLEX BUY TWLO,ADD TO FTNT STM MRVL FLEX BUY TWLO,ADD:TO FTNT STM MRVL FLEX|BUY:TWLO,false,"SPYM,UPRO,LABU,DDOG,NBIS,CRWD, TWLO,STM,FTNT,INTC,MXL",SPYM|UPRO|LABU|DDOG|NBIS|CRWD|TWLO|STM|FTNT|INTC|MXL,,,RVAB/REBAR: 1.35 (4.15%/-7.17%),1.35,,,BUY MKL,BUY MKL,BUY:MKL,false,"BOTTOM LINE: D5CUD CLUSE 10 02 AF TLR IAI JUNE WEAKNESS, DAY 21M OR GROWTH","D5CUD CLUSE 10 02 AF TLR IAI JUNE WEAKNESS, DAY 21M OR GROWTH"
revere_20260701.png,2026-07-01,1,gro_turbo,threshold,70.00,review,MISSING_BOTTOM_LINE,"GRO HOLDINGS: SPYM,UPRO,FTNT,TWLO, FLEX, DELL.GH,LLYX,GLW || GRO RVAB/REBAR: 1.10(-0.86%/-5.25%) BUY GLW SELL STM MRVL || TURBO HOLDINGS: SPYM,UPRO,LABU, DDOG,CRWD, TWLO, STM, FTNT INTC, MXL, HOOD, STM || TURBO RVAB/REBAR: 1.23(-3.20%/-6.13%) BUY HOOD SELL NBIS STM || BOTTOM LINE:","SPYM,UPRO,FTNT,TWLO, FLEX, DELL.GH,LLYX,GLW",SPYM|UPRO|FTNT|TWLO|FLEX|DELL|GH|LLYX|GLW,,SPLIT:DELL.GH->DELL+GH,RVAB/REBAR: 1.10(-0.86%/-5.25%),1.10,,,BUY GLW SELL STM MRVL,BUY GLW SELL STM MRVL,BUY:GLW|SELL:STM MRVL,false,"SPYM,UPRO,LABU, DDOG,CRWD, TWLO, STM, FTNT INTC, MXL, HOOD, STM",SPYM|UPRO|LABU|DDOG|CRWD|TWLO|STM|FTNT|INTC|MXL|HOOD,,,RVAB/REBAR: 1.23(-3.20%/-6.13%),1.23,,,BUY HOOD SELL NBIS STM,BUY HOOD SELL NBIS STM,BUY:HOOD|SELL:NBIS STM,false,BOTTOM LINE:,
revere_20260702.png,2026-07-02,1,gro_turbo,threshold,52.00,review,MISSING_BOTTOM_LINE|LOW_OCR_CONFIDENCE,"GRO HOLDINGS: SPYM.UPRO,FTNT,TWLO.GH,LLYX.ADD T INTC || GRO RVAB/REBAR. 1: (-0 64/4 75%) SELL DELL LEX GLW TRAM UPRO BUY ROOT INTC ADO TO LLTK || TURBO HOLDINGS: SPYM,LPRO,L48U, BHYP, DDIOG.CRWO,TWLO, STM, FTNTINTC.HOOD || TURBO RVAB/REBAR: & 1 (-3 02%/-5 94%) BUY BKYF SELL MKL","SPYM.UPRO,FTNT,TWLO.GH,LLYX.ADD T INTC",SPYM|UPRO|FTNT|TWLO|GH|T|INTC,,SPLIT:TWLO.GH->TWLO+GH,RVAB/REBAR. 1: (-0 64/4 75%),1,64,4,SELL DELL LEX GLW TRAM UPRO BUY ROOT INTC ADO TO LLTK,SELL DELL LEX GLW TRAM UPRO BUY ROOT INTC ADO TO LLTK,SELL:DELL LEX GLW TRAM UPRO|BUY:ROOT INTC ADO TO LLTK,false,"SPYM,LPRO,L48U, BHYP, DDIOG.CRWO,TWLO, STM, FTNTINTC.HOOD",SPYM|UPRO|LABU|BHYP|DDOG|CRWO|TWLO|STM|FTN|JINTC|HOOD,,CORRECT:LPRO->UPRO|CORRECT:L4BU->LABU|CORRECT:DDIOG->DDOG|SPLIT:FTNTINTC->FTN+JINTC,RVAB/REBAR: & 1 (-3 02%/-5 94%),1,,,BUY BKYF SELL MKL,BUY BKYF SELL MKL,BUY:BKYF|SELL:MKL,false,,
revere_20260706.png,2026-07-06,1,gro_turbo,threshold,59.00,review,LOW_OCR_CONFIDENCE,"GRO HOLDINGS: SPYM.UPRO FTNT,LLYX.TWLO,DDOG GH RDDT INTC || GRO RVAB/REBAR: © 1 {0 73%/ 5 23) BUY 0DOG || TURBO HOLDINGS: SPYM,UPRO, LAB BHYP,IBIT,£THA,D00G,CRWD,TWLO,FTNT,INTC HOOD, ADOT || TURBO RVAB/REBAR: 1 553 (-4 27%/.7 63%) BUY RDDT ETHA MIT AOD TO HOOD || BOTTOM LINE: 9 +T GREAT Z0147I0N SUN"" JES","SPYM.UPRO FTNT,LLYX.TWLO,DDOG GH RDDT INTC",SPYM|UPRO|FTNT|LLYX|TWLO|DDOG|GH|RDDT|INTC,,,RVAB/REBAR: © 1 {0 73%/ 5 23),1,,,BUY 0DOG,BUY 0DOG,BUY:0DOG,false,"SPYM,UPRO, LAB BHYP,IBIT,£THA,D00G,CRWD,TWLO,FTNT,INTC HOOD, ADOT",SPYM|UPRO|LABU|BHYP|IBIT|ETHA|DOOG|CRWD|TWLO|FTNT|INTC|HOOD|ADOT,,EXPAND:LAB->LABU|EXPAND:THA->ETHA,RVAB/REBAR: 1 553 (-4 27%/.7 63%),1,,,BUY RDDT ETHA MIT AOD TO HOOD,BUY RDDT ETHA MIT AOD TO HOOD,BUY:RDDT ETHA MIT AOD TO HOOD,false,"BOTTOM LINE: 9 +T GREAT Z0147I0N SUN"" JES","9 +T GREAT Z0147I0N SUN"" JES"
revere_20260707.png,2026-07-07,1,gro_turbo,threshold,66.00,ok,,"GRO HOLDINGS: SPYM,UPRO,000G,FTNT,LLYX, TWLO,DELL,GH,RDDT || GRO RVAB/REBAR: 1.05 (-0.80%/-4.99%) ADD TO DDOG BUY DELL SELL INTC || TURBO HOLDINGS: $PYM.UPRO, HYP, BIT,0RAM,ETHA LABU,D00G HOOD, TWLO, MRVLFTNT.RDDT FCEL || TURBO RVAB/REBAR: 1.55 [-3.27%/-5. 38%} ADD T CTHAIBI BUY FCEL ML DRAM SELL CRWO INTC THA HYP || BOTTOM LINE: =» AL STOCKS HIT HARD AGAIN; R-AL-100 HITS LO; QQQ BREAKS 21E/505","SPYM,UPRO,000G,FTNT,LLYX, TWLO,DELL,GH,RDDT",SPYM|UPRO|OOOG|FTNT|LLYX|TWLO|DELL|GH|RDDT,,,RVAB/REBAR: 1.05 (-0.80%/-4.99%),1.05,,,ADD TO DDOG BUY DELL SELL INTC,ADD TO DDOG BUY DELL SELL INTC,ADD:TO DDOG|BUY:DELL|SELL:INTC,false,"$PYM.UPRO, HYP, BIT,0RAM,ETHA LABU,D00G HOOD, TWLO, MRVLFTNT.RDDT FCEL",SPYM|UPRO|BHYP|IBIT|ORAM|ETHA|LABU|DOOG|HOOD|TWLO|MRVL|FTNT|RDDT|FCEL,,EXPAND:PYM->SPYM|EXPAND:HYP->BHYP|EXPAND:BIT->IBIT|SPLIT:MRVLFTNT->MRVL+FTNT,RVAB/REBAR: 1.55 [-3.27%/-5. 38%},1.55,,,ADD T CTHAIBI BUY FCEL ML DRAM SELL CRWO INTC THA HYP,ADD T CTHAIBI BUY FCEL ML DRAM SELL CRWO INTC THA HYP,ADD:T CTHAIBI|BUY:FCEL ML DRAM|SELL:CRWO INTC THA HYP,false,BOTTOM LINE: =» AL STOCKS HIT HARD AGAIN; R-AL-100 HITS LO; QQQ BREAKS 21E/505,=» AL STOCKS HIT HARD AGAIN; R-AL-100 HITS LO; QQQ BREAKS 21E/505
revere_20260708.png,2026-07-08,1,gro_turbo,threshold,71.00,review,MISSING_BOTTOM_LINE,"GRO HOLDINGS: SPYM,UPRO, JI] ORAM SOXLODOG,FTNT,LLYX,TWLO, DELL RODT,HOOD || GRO RVAB/REBAR: 1.:4{-1.17%/-5.13%) BUY DRAM HOOD SOXL ADO TO DELL HEDGE W/ SDS SELL GH. || TURBO HOLDINGS: 597M, UPAO,BHYP,1BIT, DRAM, E THA LABU, DOOG, HOOD, TWLO,MRVL FTNT,RDOT || TURBO RVAB/REBAR: 1 II: [-3 69%/-6.583%) FCEL || BOTTOM LINE:","SPYM,UPRO, JI] ORAM SOXLODOG,FTNT,LLYX,TWLO, DELL RODT,HOOD",SPYM|UPRO|JI|ORAM|SOXL|DDOG|FTNT|LLYX|TWLO|DELL|RODT|HOOD,,SPLIT:SOXLODOG->SOXL+DDOG,RVAB/REBAR: 1.:4{-1.17%/-5.13%),1,,,BUY DRAM HOOD SOXL ADO TO DELL HEDGE W/ SDS SELL GH.,BUY DRAM HOOD SOXL ADO TO DELL HEDGE W/ SDS SELL GH.,BUY:DRAM HOOD SOXL ADO TO DELL HEDGE W/ SDS|SELL:GH,false,"597M, UPAO,BHYP,1BIT, DRAM, E THA LABU, DOOG, HOOD, TWLO,MRVL FTNT,RDOT",SMC|UPAO|BHYP|IBIT|DRAM|ETHA|LABU|DOOG|HOOD|TWLO|MRVL|FTNT|RDOT,,MERGE:E+THA->ETHA|EXPAND:S97M->SMC,RVAB/REBAR: 1 II: [-3 69%/-6.583%) FCEL,1,,,,,,false,BOTTOM LINE:,
revere_20260709.png,2026-07-09,1,gro_turbo,threshold,54.00,review,MISSING_BOTTOM_LINE|LOW_OCR_CONFIDENCE,"GRO HOLDINGS: SPYM,UPRO,DRAM,SGXL,000G, FTNTALYKTWLC, DELLRODT HOOD SIMO AMD || GRO RVAB/REBAR: 1.25 (1 63%/-6.00%) BUY SIMD AMD ADD TO HOOD DELL SELL HEDGE SDS || TURBO HOLDINGS: SPYM PRO, 8HY7. 187 DRAM ETHALASL DOG, HOCD TWLO MAVLETNT ADOT || TURBO RVAB/REBAR: 1 51 (3 43%/.6.97) ADD TO RDOT UPRO BOTTOMLINE: 3 WII 21° HL: ICHISO ABI 0 S80 S02 AN KL","SPYM,UPRO,DRAM,SGXL,000G, FTNTALYKTWLC, DELLRODT HOOD SIMO AMD",SPYM|UPRO|DRAM|SOXL|OOOG|T|TA|LY|TWLO|DELL|RODT|HOOD|SIMO|AMD,,CORRECT:SGXL->SOXL|SPLIT:FTNTALYKTWLC->T+TA+LY+TWLO|SPLIT:DELLRODT->DELL+RODT,RVAB/REBAR: 1.25 (1 63%/-6.00%),1.25,,,BUY SIMD AMD ADD TO HOOD DELL SELL HEDGE SDS,BUY SIMD AMD ADD TO HOOD DELL SELL HEDGE SDS,BUY:SIMD AMD|ADD:TO HOOD DELL|SELL:HEDGE SDS,false,"SPYM PRO, 8HY7. 187 DRAM ETHALASL DOG, HOCD TWLO MAVLETNT ADOT",SPYM|UPRO|BHYP|DRAM|ETHA|LABL|DDOG|HOOD|TWLO|MRVL|FTNT|ADOT,,EXPAND:PRO->UPRO|EXPAND:BHY7->BHYP|SPLIT:ETHALASL->ETHA+LABL|EXPAND:DOG->DDOG|CORRECT:HOCD->HOOD|SPLIT:MAVLETNT->MRVL+FTNT,RVAB/REBAR: 1 51 (3 43%/.6.97),1,,,ADD TO RDOT UPRO BOTTOMLINE: 3 WII 21° HL: ICHISO ABI 0 S80 S02 AN KL,ADD TO RDOT UPRO BOTTOMLINE: 3 WII 21° HL: ICHISO ABI 0 S80 S02 AN KL,ADD:TO RDOT UPRO BOTTOMLINE: 3 WII 21° HL: ICHISO ABI 0 S80 S02 AN KL,false,,
revere_20260710.png,2026-07-10,1,gro_turbo,threshold,74.00,review,MISSING_BOTTOM_LINE,"GRO HOLDINGS: SPYM,UPRO,DRAM,SOXL,DDOG,FTNT,LLYX, TWLO, DELL, ADD T, HOOD, SIMO, AMD || GRO RVAB/REBAR: 1.14 (-0.99%/-5.53%) ADD TO SOXL RDDT || TURBO HOLDINGS: SPYM,UPRO.BHYP,IBIT, DRAM, ETHA,LABU,DDOG, HOOD, TWLO,MRVL FTNT,RDDT || TURBO RVAB/REBAR: 1.75 (-3.54%/-6 63%) NO CHANGES I * BOTTOM LINE: SPX BREAKOUT ON MEGA CAP STRENGTH; LEADLRS QUIET","SPYM,UPRO,DRAM,SOXL,DDOG,FTNT,LLYX, TWLO, DELL, ADD T, HOOD, SIMO, AMD",SPYM|UPRO|DRAM|SOXL|DDOG|FTNT|LLYX|TWLO|DELL|T|HOOD|SIMO|AMD,,,RVAB/REBAR: 1.14 (-0.99%/-5.53%),1.14,,,ADD TO SOXL RDDT,ADD TO SOXL RDDT,ADD:TO SOXL RDDT,false,"SPYM,UPRO.BHYP,IBIT, DRAM, ETHA,LABU,DDOG, HOOD, TWLO,MRVL FTNT,RDDT",SPYM|UPRO|BHYP|DRAM|ETHA|LABL|DDOG|HOOD|TWLO|MRVL|FTNT|ADOT,,INHERIT_NO_CHANGES:revere_20260709.png,RVAB/REBAR: 1.75 (-3.54%/-6 63%),1.75,,,NO CHANGES I * BOTTOM LINE: SPX BREAKOUT ON MEGA CAP STRENGTH; LEADLRS QUIET,NO CHANGES I * BOTTOM LINE: SPX BREAKOUT ON MEGA CAP STRENGTH; LEADLRS QUIET,NO CHANGES,true,,
revere_20260713.png,2026-07-13,1,gro_turbo,threshold,73.00,ok,,"GRO HOLDINGS: SPYM,UPRO,DRAM,SOXL,0D0G,FTNT,LLYX,TWLO, DELL ADD T, HOOD, SIMO, AMD || GRO RVAB/REBAR: 1.34 (-0.99%/-5.53%) ADD TO SOXL RDDT || TURBO HOLDINGS: SPYM,UPRO.BHYP.IBIT,DRAM, ETHA,LABU,DDOG, HOOD, TWLO,MRVL FTNT.RODT || TURBO RVAB/REBAR: 1.75 (-3.54%/-6 63%) NO CHANGES || BOTTOM LINE: >SPX BREAKOUT ON MEGA CAP STRENGTH; LEADERS QUIET","SPYM,UPRO,DRAM,SOXL,0D0G,FTNT,LLYX,TWLO, DELL ADD T, HOOD, SIMO, AMD",SPYM|UPRO|DRAM|SOXL|ODOG|FTNT|LLYX|TWLO|DELL|T|HOOD|SIMO|AMD,,,RVAB/REBAR: 1.34 (-0.99%/-5.53%),1.34,,,ADD TO SOXL RDDT,ADD TO SOXL RDDT,ADD:TO SOXL RDDT,false,"SPYM,UPRO.BHYP.IBIT,DRAM, ETHA,LABU,DDOG, HOOD, TWLO,MRVL FTNT.RODT",SPYM|UPRO|BHYP|DRAM|ETHA|LABL|DDOG|HOOD|TWLO|MRVL|FTNT|ADOT,,INHERIT_NO_CHANGES:revere_20260710.png,RVAB/REBAR: 1.75 (-3.54%/-6 63%),1.75,,,NO CHANGES,NO CHANGES,NO CHANGES,true,BOTTOM LINE: >SPX BREAKOUT ON MEGA CAP STRENGTH; LEADERS QUIET,>SPX BREAKOUT ON MEGA CAP STRENGTH; LEADERS QUIET
revere_20260714.png,2026-07-14,1,gro_turbo,threshold,70.00,ok,,"GRO HOLDINGS: SPYM,UPRO,ORAM,S0XL DELL,DDOG, HOOD, FINT,TWLO, AMD,ADD T,LLYX || GRO RVAB/REBAR: 1.1 [-1.35%/-5.56%) ADD TO HOOD TRIM LLYX || TURBO HOLDINGS: SPYM,UPRO, GQ BHYP. I. DRAM ETHA, LABU,DDOG HOOD RDDT, TWLO,FINT || TURBO RVAB/REBAR: 176 {-2.99%/-6.67%) BUY TQQQ || BOTTOM LINE: = COOL CPI RFT, AL STOCKS BOUNCE; INDEXES COILING FOR A MOVE","SPYM,UPRO,ORAM,S0XL DELL,DDOG, HOOD, FINT,TWLO, AMD,ADD T,LLYX",SPYM|UPRO|ORAM|SOXL|DELL|DDOG|HOOD|FINT|TWLO|AMD|T|LLYX,,,RVAB/REBAR: 1.1 [-1.35%/-5.56%),1.1,,,ADD TO HOOD TRIM LLYX,ADD TO HOOD TRIM LLYX,ADD:TO HOOD|TRIM:LLYX,false,"SPYM,UPRO, GQ BHYP. I. DRAM ETHA, LABU,DDOG HOOD RDDT, TWLO,FINT",SPYM|UPRO|GH|BHYP|I|DRAM|ETHA|LABU|DDOG|HOOD|RDDT|TWLO|FINT,,CORRECT:GQ->GH,RVAB/REBAR: 176 {-2.99%/-6.67%),176,,,BUY TQQQ,BUY TQQQ,BUY:TQQQ,false,"BOTTOM LINE: = COOL CPI RFT, AL STOCKS BOUNCE; INDEXES COILING FOR A MOVE","= COOL CPI RFT, AL STOCKS BOUNCE; INDEXES COILING FOR A MOVE"
revere_20260715.png,2026-07-15,1,gro_turbo,threshold,53.00,review,MISSING_GRO_ACTION_LINE|LOW_OCR_CONFIDENCE,"GRO HOLDINGS: $M UPRO.000G, HOOD FTN. TWLO, ROOT, YX GRO RVARB/REBAR: 1.1 {0.435%/-0.8.%) S0L BEA AMD SOX ORAM TIM 1X 500 TWLO 0 FT || TURBO HOLDINGS: SPYM,UPRO TRQQEHYP, BY ETHA LABL, DOOG HOOD, RDDT,TWLO,FTNT || TURBO RVAB/RERAR: :./2 (.2.41%/.5.59%) SELL DRAM || BOTTOM LINE: =) MASSIVE VOLATILITY IN 'AL STOCKS' CONTINUES.","$M UPRO.000G, HOOD FTN. TWLO, ROOT, YX GRO RVARB/REBAR: 1.1 {0.435%/-0.8.%) S0L BEA AMD SOX ORAM TIM 1X 500 TWLO 0 FT",M|UPRO|OOOG|HOOD|FTNT|TWLO|ROOT|LLYX|AVAB|SOLS|BE|AMD|SOXL|ORAM|TEM|I|FTA,,EXPAND:FTN->FTNT|CORRECT:YX->LLYX|CORRECT:RVARB->AVAB|EXPAND:SOL->SOLS|CORRECT:BEA->BE|EXPAND:SOX->SOXL|CORRECT:TIM->TEM|CORRECT:IX->I|EXPAND:FT->FTA,,,,,,,,false,"SPYM,UPRO TRQQEHYP, BY ETHA LABL, DOOG HOOD, RDDT,TWLO,FTNT",SPYM|UPRO|TQQQ|BHYP|BY|ETHA|LABL|DOOG|HOOD|RDDT|TWLO|FTNT,,SPLIT:TRQQEHYP->TQQQ+BHYP,RVAB/RERAR: :./2 (.2.41%/.5.59%),2,,,SELL DRAM,SELL DRAM,SELL:DRAM,false,BOTTOM LINE: =) MASSIVE VOLATILITY IN 'AL STOCKS' CONTINUES.,=) MASSIVE VOLATILITY IN 'AL STOCKS' CONTINUES.
revere_20260716.png,2026-07-16,1,gro_turbo,threshold,71.00,ok,,"GRO HOLDINGS: SPYM,UPRO,DDOG, FTNT TWLO LLYX LLY : || GRO RVAB/REBAR: 07: ( 0.35%/4 41%] SELL HOOD RDDT BUY LLY || TURBO HOLDINGS: SFYM.UPRO,HY BIT ETHA,0006 HOOD, TWLOFTNT || TURBO RVAB/REBAR: 4: (-1 50%/ 4.70%) SELL RODT LABU TQQQ || BOTTOM LINE: = ROTATION, CHOP, & MORE CARNAGE IN TECH/AI STOCKS","SPYM,UPRO,DDOG, FTNT TWLO LLYX LLY :",SPYM|UPRO|DDOG|FTNT|TWLO|LLYX,,EXPAND:LLY->LLYX,RVAB/REBAR: 07: ( 0.35%/4 41%],07,,,SELL HOOD RDDT BUY LLY,SELL HOOD RDDT BUY LLY,SELL:HOOD RDDT|BUY:LLY,false,"SFYM.UPRO,HY BIT ETHA,0006 HOOD, TWLOFTNT",SPYM|UPRO|HYP|IBIT|ETHA|HOOD|TWLO|FTNT,,CORRECT:SFYM->SPYM|EXPAND:HY->HYP|EXPAND:BIT->IBIT|SPLIT:TWLOFTNT->TWLO+FTNT,RVAB/REBAR: 4: (-1 50%/ 4.70%),4,,,SELL RODT LABU TQQQ,SELL RODT LABU TQQQ,SELL:RODT LABU TQQQ,false,"BOTTOM LINE: = ROTATION, CHOP, & MORE CARNAGE IN TECH/AI STOCKS","= ROTATION, CHOP, & MORE CARNAGE IN TECH/AI STOCKS"
revere_20260717.png,2026-07-17,1,gro_turbo,threshold,70.00,ok,,"GRO HOLDINGS: SPYM,UPRO,0D0G,FINT,LYXALY || GRO RVAB/REBAR: © -.:{ 0.37%/-3.85%) SELL TWLO || TURBO HOLDINGS: S7YM .UPRO,BHYS, BIT, ETHA,DDOG.TWLO. FIN || TURBO RVAB/REBAR: 27 { 183%/ 4 03%) SELL HOOD || BOTTOM LINE: ""» BROAD SELL ING CONTINUES; SPX QQQ BELOW 50DSMAS","SPYM,UPRO,0D0G,FINT,LYXALY",SPYM|UPRO|ODOG|FINT|LY|RALY,,SPLIT:LYXALY->LY+RALY,RVAB/REBAR: © -.:{ 0.37%/-3.85%),0.37,,,SELL TWLO,SELL TWLO,SELL:TWLO,false,"S7YM .UPRO,BHYS, BIT, ETHA,DDOG.TWLO. FIN",SPYM|UPRO|BHYP|IBIT|ETHA|DDOG|TWLO|FINT,,CORRECT:S7YM->SPYM|CORRECT:BHYS->BHYP|EXPAND:BIT->IBIT|EXPAND:FIN->FINT,RVAB/REBAR: 27 { 183%/ 4 03%),27,,,SELL HOOD,SELL HOOD,SELL:HOOD,false,"BOTTOM LINE: ""» BROAD SELL ING CONTINUES; SPX QQQ BELOW 50DSMAS","""» BROAD SELL ING CONTINUES; SPX QQQ BELOW 50DSMAS"
revere_20260720.png,2026-07-20,1,gro_turbo,threshold,69.00,ok,,"GRO HOLDINGS: SPYM,UPRO,DDOG,FTNT,LLYX, LLY || GRO RVAB/REBAR: 0.90{-0.22%/-3.62%) NO CHANGES || TURBO HOLDINGS: SPYM,UPRO,BHYP, BIT,ETHA, DDOG,TWLO,F TNT || TURBO RVAB/REBAR: 1.25 (-2.17%/-4.28%) NO CHANGES || BOTTOM LINE: ""D INDEXES FADED THE GAP UP;","SPYM,UPRO,DDOG,FTNT,LLYX, LLY",SPYM|UPRO|ODOG|FINT|LY|RALY,,EXPAND:LLY->LLYX|INHERIT_NO_CHANGES:revere_20260717.png,RVAB/REBAR: 0.90{-0.22%/-3.62%),0.90,,,NO CHANGES,NO CHANGES,NO CHANGES,true,"SPYM,UPRO,BHYP, BIT,ETHA, DDOG,TWLO,F TNT",SPYM|UPRO|BHYP|IBIT|ETHA|DDOG|TWLO|FINT,,MERGE:F+TNT->FTNT|EXPAND:BIT->IBIT|INHERIT_NO_CHANGES:revere_20260717.png,RVAB/REBAR: 1.25 (-2.17%/-4.28%),1.25,,,NO CHANGES,NO CHANGES,NO CHANGES,true,"BOTTOM LINE: ""D INDEXES FADED THE GAP UP;","""D INDEXES FADED THE GAP UP;"
revere_20260721.png,2026-07-21,1,gro_turbo,threshold,57.00,review,LOW_OCR_CONFIDENCE,"GRO HOLDINGS: SPYM UPROILY/ULYXF TNT 00GG || GRO RVAB/REBAR: 1 0 26% 4 14%) ADD TO UPRO TRIS FTNT + DDOG || TURBO HOLDINGS: SPYM.UPRO BHYP. 81. £THA DOGG, TWLO, TNT AMO || TURBO RVAB/REBAR: © I 189% 4 39%] BUY AMD || BOTTOM LINE: = LI HIS LI FF LONE LIN 508 FT",SPYM UPROILY/ULYXF TNT 00GG,SPYM|UPRO|LLY|LLYX|FTNT|GOOGL,,SPLIT:UPROILY->UPRO+LLY|CORRECT:ULYXF->LLYX|EXPAND:TNT->FTNT|CORRECT:OOGG->GOOGL,RVAB/REBAR: 1 0 26% 4 14%),1,,,ADD TO UPRO TRIS FTNT + DDOG,ADD TO UPRO TRIS FTNT + DDOG,ADD:TO UPRO TRIS FTNT + DDOG,false,"SPYM.UPRO BHYP. 81. £THA DOGG, TWLO, TNT AMO",SPYM|UPRO|BHYP|ETHA|DDOG|TWLO|FTNT|AMD,,EXPAND:THA->ETHA|CORRECT:DOGG->DDOG|EXPAND:TNT->FTNT|CORRECT:AMO->AMD,RVAB/REBAR: © I 189% 4 39%],189,,,BUY AMD,BUY AMD,BUY:AMD,false,BOTTOM LINE: = LI HIS LI FF LONE LIN 508 FT,= LI HIS LI FF LONE LIN 508 FT
revere_20260722.png,2026-07-22,1,gro_turbo,threshold,56.00,review,LOW_OCR_CONFIDENCE,"GRO HOLDINGS: SPYM,UPROLLY/LLYX APE DEW || GRO RVAB/REBAR: © 1: (.0.15%/ 4.15%) BUY HPE DELL SELL FTNT D0OG || TURBO HOLDINGS: SPYM UPR BHP (BT, ETHADOOG AMD || TURBO RVAB/REBAR: : 1: (0 88%/.3 82%) SELL FINT TWLO || BOTTOM LINE: STEER «SOFTWARE WEAK","SPYM,UPROLLY/LLYX APE DEW",SPYM|UPRO|LLY|LLYX|HPE|DELL,,SPLIT:UPROLLY->UPRO+LLY|CORRECT:APE->HPE|CORRECT:DEW->DELL,RVAB/REBAR: © 1: (.0.15%/ 4.15%),1,,,BUY HPE DELL SELL FTNT D0OG,BUY HPE DELL SELL FTNT D0OG,BUY:HPE DELL|SELL:FTNT D0OG,false,"SPYM UPR BHP (BT, ETHADOOG AMD",SPYM|UPRO|BHP|BTU|ETHA|DOOG|AMD,,EXPAND:UPR->UPRO|EXPAND:BT->BTU|SPLIT:ETHADOOG->ETHA+DOOG,RVAB/REBAR: : 1: (0 88%/.3 82%),1,,,SELL FINT TWLO,SELL FINT TWLO,SELL:FINT TWLO,false,BOTTOM LINE: STEER «SOFTWARE WEAK,STEER «SOFTWARE WEAK
revere_20260723.png,2026-07-23,1,gro_turbo,threshold,72.00,ok,,"GRO HOLDINGS: SPYM,UPRO,SPXS,LLY/LLYXHPE, DELL || GRO RVAB/REBAR: + + { 0 32% 3 575) [EE VR UPRO DEW || TURBO HOLDINGS: 59YM,UPRO J8IT.£THA.ODDG AMD || TURBO RVAB/REBAR: - :1{-0.82%/ 3.00%) TRIM UPRO IBIT SELL BHYP || BOTTOM LINE: = HIGHER OIL, YIELDS AND DOLLAR CAUSING MARKET HEADWINDS","SPYM,UPRO,SPXS,LLY/LLYXHPE, DELL",SPYM|UPRO|SPXS|LLYX|HPE|DELL,,EXPAND:LLY->LLYX|SPLIT:LLYXHPE->LLYX+HPE,RVAB/REBAR: + + { 0 32% 3 575) [EE VR UPRO DEW,0,,,,,,false,"59YM,UPRO J8IT.£THA.ODDG AMD",SPYM|UPRO|IBIT|ETHA|ODOG|AMD,,CORRECT:S9YM->SPYM|CORRECT:JBIT->IBIT|EXPAND:THA->ETHA|CORRECT:ODDG->ODOG,RVAB/REBAR: - :1{-0.82%/ 3.00%),1,,,TRIM UPRO IBIT SELL BHYP,TRIM UPRO IBIT SELL BHYP,TRIM:UPRO IBIT|SELL:BHYP,false,"BOTTOM LINE: = HIGHER OIL, YIELDS AND DOLLAR CAUSING MARKET HEADWINDS","= HIGHER OIL, YIELDS AND DOLLAR CAUSING MARKET HEADWINDS"
revere_20260724.png,2026-07-24,1,gro_turbo,threshold,41.00,review,MISSING_GRO_ACTION_LINE|LOW_OCR_CONFIDENCE,"GRO HOLDINGS: SERA URN FL CRAVE, OFL AVO. GRO AVAB/REBAR: [1 1. #8) BUY AMD || TURBO HOLDINGS: 371I URA WL. THADOG AMD || TURBO RVAB/REBAR: - (1 4'.-1 VI] NO CHANGES || BOTTOM LINE. 2D WM \TA (CIT A 1 STOR BEAR 3 LES + $5 + 21] 1, R A5183000 50 0","SERA URN FL CRAVE, OFL AVO. GRO AVAB/REBAR: [1 1. #8) BUY AMD",SEDG|UPRO|FLY|CAVA|OFL|AVAB|AMD,,CORRECT:SERA->SEDG|CORRECT:URN->UPRO|EXPAND:FL->FLY|CORRECT:CRAVE->CAVA|CORRECT:AVO->CAVA,,,,,,,,false,371I URA WL. THADOG AMD,SPYM|UPRO|IBIT|ETHA|ODOG|AMD,,EXPAND:37II->WII|CORRECT:WL->TWLO|SPLIT:THADOG->TH+DDOG|INHERIT_NO_CHANGES:revere_20260723.png,RVAB/REBAR: - (1 4'.-1 VI],1,,,NO CHANGES,NO CHANGES,NO CHANGES,true,"BOTTOM LINE. 2D WM \TA (CIT A 1 STOR BEAR 3 LES + $5 + 21] 1, R A5183000 50 0",". 2D WM \TA (CIT A 1 STOR BEAR 3 LES + $5 + 21] 1, R A5183000 50 0"
revere_20260727.png,2026-07-27,1,gro_turbo,threshold,70.00,review,MISSING_BOTTOM_LINE,"GRO HOLDINGS: SPVM,UPRO, JI V/V VEE || GRO RVAB/REBAR: 0.75:(-0.28%/-3.55%) SELL AMD DELL || TURBO HOLDINGS: 57YM,UPRO,1BIT.ETHA,DDOG || TURBO RVAB/REBAR: 0.81 (-0.74%/-2.69%) SELL AMD || BOTTOM LINE:","SPVM,UPRO, JI V/V VEE",SPVM|UPRO|JI|V|VER,,CORRECT:VEE->VER,RVAB/REBAR: 0.75:(-0.28%/-3.55%),0.75,,,SELL AMD DELL,SELL AMD DELL,SELL:AMD DELL,false,"57YM,UPRO,1BIT.ETHA,DDOG",SPYM|UPRO|IBIT|ETHA|DDOG,,CORRECT:S7YM->SPYM,RVAB/REBAR: 0.81 (-0.74%/-2.69%),0.81,,,SELL AMD,SELL AMD,SELL:AMD,false,BOTTOM LINE:,
revere_20260728.png,2026-07-28,1,gro_turbo,threshold,65.00,ok,,"GRO HOLDINGS: SPYM,UPROJILLV/LLYX || GRO RVAB/REBAR: '1 '""{ 0 25%¢ 3 55%) SELL HPE || TURBO HOLDINGS: SPYM,UPRO ETHA DDOG || TURBO RVAB/REBAR: © I1 (0 74%) 2 69%) SEW IBY TRIM ETHA || BOTTOM LINE: AL STOCKS HIT AGAIN, NON-TECH INDEXLS CLOSE GREEN. FOMC O% DECK","SPYM,UPROJILLV/LLYX",SPYM|UPRO|JILLV|LLYX,,SPLIT:UPROJILLV->UPRO+JILLV,"RVAB/REBAR: '1 '""{ 0 25%¢ 3 55%)",1,,,SELL HPE,SELL HPE,SELL:HPE,false,"SPYM,UPRO ETHA DDOG",SPYM|UPRO|ETHA|DDOG,,,RVAB/REBAR: © I1 (0 74%) 2 69%) SEW IBY,0,,,TRIM ETHA,TRIM ETHA,TRIM:ETHA,false,"BOTTOM LINE: AL STOCKS HIT AGAIN, NON-TECH INDEXLS CLOSE GREEN. FOMC O% DECK","AL STOCKS HIT AGAIN, NON-TECH INDEXLS CLOSE GREEN. FOMC O% DECK"
revere_20260729.png,2026-07-29,1,gro_turbo,threshold,66.00,ok,,"GRO HOLDINGS: SEV WERO J LVIV || GRO RVAB/REBAR: 11 1 {-.23%/-3 17%) TRIM UPRO ADD 10 HEDGE $PXS || TURBO HOLDINGS: SPYM,UPRO,DDOG || TURBO RVAB/REBAR: .1 7. { 063%; 2.09%) SELL ETHA || BOTTOM LINE: -B5€0€AVES RATES UNCHANGED. MORE CARNAGE IN A. STOXS & BRORD SELUNG.",SEV WERO J LVIV,SEV|UERO|J|LVIV,,CORRECT:WERO->UERO,RVAB/REBAR: 11 1 {-.23%/-3 17%),11,,,TRIM UPRO ADD 10 HEDGE $PXS,TRIM UPRO ADD 10 HEDGE $PXS,TRIM:UPRO|ADD:10 HEDGE $PXS,false,"SPYM,UPRO,DDOG",SPYM|UPRO|DDOG,,,RVAB/REBAR: .1 7. { 063%; 2.09%),1,,,SELL ETHA,SELL ETHA,SELL:ETHA,false,BOTTOM LINE: -B5€0€AVES RATES UNCHANGED. MORE CARNAGE IN A. STOXS & BRORD SELUNG.,-B5€0€AVES RATES UNCHANGED. MORE CARNAGE IN A. STOXS & BRORD SELUNG.
revere_20260730.png,2026-07-30,1,gro_turbo,threshold,78.00,ok,,"GRO HOLDINGS: SPYM,UERO JELLY || GRO RVAB/REBAR: 0.57 (-0.04%/-3.43%) SELL LLYX TRIM LLY || TURBO HOLDINGS: SPYM,UPRO,DDOG || TURBO RVAB/REBAR: 0.72 (-0.62%/-2.71%) NO CHANGES || BOTTOM LINE: 9 LEVERAGED LEOPALD LIQUIDATION 1 OWS; BIG TECH EARNINGS","SPYM,UERO JELLY",SPYM|UERO|JELLY,,,RVAB/REBAR: 0.57 (-0.04%/-3.43%),0.57,,,SELL LLYX TRIM LLY,SELL LLYX TRIM LLY,SELL:LLYX|TRIM:LLY,false,"SPYM,UPRO,DDOG",SPYM|UPRO|DDOG,,,RVAB/REBAR: 0.72 (-0.62%/-2.71%),0.72,,,NO CHANGES,NO CHANGES,NO CHANGES,true,BOTTOM LINE: 9 LEVERAGED LEOPALD LIQUIDATION 1 OWS; BIG TECH EARNINGS,9 LEVERAGED LEOPALD LIQUIDATION 1 OWS; BIG TECH EARNINGS
revere_20260731.png,2026-07-31,1,gro_turbo,threshold,82.00,ok,,"GRO HOLDINGS: SPYM,UPRO JI || GRO RVAB/REBAR: 01.62 {-0%/-3.69%) SELL LLY TRIM SPXS || TURBO HOLDINGS: SPYM,UPRO,0DOG || TURBO RVAB/REBAR: 0.71 {-0.64%/-3.35%) NO CHANGES || BOTTOM LINE: ® MAGS PROPS INDEXES, AL DAV TWO FOLLOW THROUGH BOOST","SPYM,UPRO JI",SPYM|UPRO|JI,,,RVAB/REBAR: 01.62 {-0%/-3.69%),01.62,,,SELL LLY TRIM SPXS,SELL LLY TRIM SPXS,SELL:LLY|TRIM:SPXS,false,"SPYM,UPRO,0DOG",SPYM|UPRO|ODOG,,,RVAB/REBAR: 0.71 {-0.64%/-3.35%),0.71,,,NO CHANGES,NO CHANGES,NO CHANGES,true,"BOTTOM LINE: ® MAGS PROPS INDEXES, AL DAV TWO FOLLOW THROUGH BOOST","® MAGS PROPS INDEXES, AL DAV TWO FOLLOW THROUGH BOOST"
revere_20260803.png,2026-08-03,1,gro_turbo,threshold,48.00,review,MISSING_BOTTOM_LINE|LOW_OCR_CONFIDENCE,"GRO HOLDINGS: SPYM,UPRO || GRO RVAB/REBAR: ("" / {0.00%/ 4 36%) SELL SPYS || TURBO HOLDINGS: SPYM,UPRO,000G || TURBO RVAB/RERAR: * /7( 0 79%/ 4.26%} MO CHANGES S BOTTOM LINE: 45% ""140 L185 AA. © VI FRI £7 = AOR SAT A B20 RW","SPYM,UPRO",SPYM|UPRO,,,"RVAB/REBAR: ("" / {0.00%/ 4 36%)",0.00,,,SELL SPYS,SELL SPYS,SELL:SPYS,false,"SPYM,UPRO,000G",SPYM|UPRO|OOOG,,,"RVAB/RERAR: * /7( 0 79%/ 4.26%} MO CHANGES S BOTTOM LINE: 45% ""140 L185 AA. © VI FRI £7 = AOR SAT A B20 RW",7,,,,,,false,,
revere_20260804.png,2026-08-04,1,gro_turbo,threshold,50.00,review,MISSING_TURBO_ACTION_LINE|LOW_OCR_CONFIDENCE,"GRO HOLDINGS: SPYM, UPRO,MPE,OKTA PLTR V1.0, CBRS || GRO RVAB/REBAR: ~'I'I { 0 46'%/ 6.06%) BUY HPE,OKTA MLTR, VLO,CBAS || TURBO HOLDINGS: SPYM,UPRO,TQQQ, DDOG (BRS, TSEM . TURBO AVAB/REBAR: : .'1 ( 148% 6.22%] BUY TOQQ.CORS,TSEM || BOTTOM LINE: -» LT HOD, + BAS ILI 4 COATS RIN TIS OS [IE","SPYM, UPRO,MPE,OKTA PLTR V1.0, CBRS",SPYM|UPRO|MPE|OKTA|PLTR|IO|CBRS,,CORRECT:VI.O->IO,RVAB/REBAR: ~'I'I { 0 46'%/ 6.06%),0,,,"BUY HPE,OKTA MLTR, VLO,CBAS","BUY HPE,OKTA MLTR, VLO,CBAS",BUY:HPE|BUY:OKTA MLTR|BUY:VLO|BUY:CBAS,false,"SPYM,UPRO,TQQQ, DDOG (BRS, TSEM . TURBO AVAB/REBAR: : .'1 ( 148% 6.22%] BUY TOQQ.CORS,TSEM",SPYM|UPRO|TQQQ|DDOG|CBRS|TSEM|AVAB|COS,,EXPAND:BRS->CBRS|CORRECT:TOQQ->TQQQ|CORRECT:CORS->COS,,,,,,,,false,"BOTTOM LINE: -» LT HOD, + BAS ILI 4 COATS RIN TIS OS [IE","-» LT HOD, + BAS ILI 4 COATS RIN TIS OS [IE"
revere_20260805.png,2026-08-05,1,gro_turbo,threshold,75.00,review,MISSING_TURBO_HOLDINGS|MISSING_BOTTOM_LINE,"GRO HOLDINGS: SPYM,UPRO,HPE,OKTA,PLTR VLO,CBRS || GRO RVAB/REBAR; 1 1: {-0 32%/.5.73%) ADO TO PLTR TURBO HOLOINGS: SPYM,UPRO,TGQQ. DRAM,DDOG,CBRS. || TURBO RVAB/REBAR: 1 15 (-1.11%/-5.77%) BUY DRAM SELL TSEM || BOTTOM LINE:","SPYM,UPRO,HPE,OKTA,PLTR VLO,CBRS",SPYM|UPRO|HPE|OKTA|PLTR|VLO|CBRS,,,"RVAB/REBAR; 1 1: {-0 32%/.5.73%) ADO TO PLTR TURBO HOLOINGS: SPYM,UPRO,TGQQ. DRAM,DDOG,CBRS.",1,,,,,,false,,,,,RVAB/REBAR: 1 15 (-1.11%/-5.77%),1,,,BUY DRAM SELL TSEM,BUY DRAM SELL TSEM,BUY:DRAM|SELL:TSEM,false,BOTTOM LINE:,
revere_20260806.png,2026-08-06,1,gro_turbo,threshold,46.00,review,MISSING_BOTTOM_LINE|LOW_OCR_CONFIDENCE,"GRO HOLDINGS: $9YM UPRO, WH OKTA PLTR.¥10.CO8S. || GRO RVAB/REBAR . * [150% © 57%) MO CHANEY || TURBO HOLDINGS: SVM UPD, 1GQQ.DRAM COS || TURBO RVAB/REBAR: - (© LIN, 4 OF ADO® TONG SILL DOG. || BOTTOM LINE:","$9YM UPRO, WH OKTA PLTR.¥10.CO8S.",PYM|UPRO|GH|OKTA|PLTR|IO|CBRS,,EXPAND:9YM->PYM|CORRECT:WH->GH|CORRECT:COBS->CBRS,RVAB/REBAR . * [150% © 57%) MO CHANEY,150,,,,,,false,"SVM UPD, 1GQQ.DRAM COS",SPYM|UPRO|TQQQ|DRAM|COS,,CORRECT:SVM->SPYM|CORRECT:UPD->UPRO|CORRECT:IGQQ->TQQQ,"RVAB/REBAR: - (© LIN, 4 OF ADO® TONG SILL DOG.",4,,,,,,false,BOTTOM LINE:,
revere_20260807.png,2026-08-07,1,gro_turbo,threshold,70.00,ok,,"GRO HOLDINGS: SPYM,UPRO, SPXLHPE.OKTAPLTR.CBRS || GRO RVAB/REBAR: © 31 (-0 65%/-6.43%) BUY SPXL ADD TO PLTR.HPE SELL VLO || TURBO HOLDINGS: SPYM,UPRO,TQQQLCBRS || TURBO RVAB/REBAR: 1.03 :0.39%/-5.36%) SELL DRAM || BOTTOM LINE: FADERS [FAD AS INDEXES CLOSE STRONG","SPYM,UPRO, SPXLHPE.OKTAPLTR.CBRS",SPYM|UPRO|SPXL|HPE|OKTA|PLTR|CBRS,,SPLIT:SPXLHPE->SPXL+HPE|SPLIT:OKTAPLTR->OKTA+PLTR,RVAB/REBAR: © 31 (-0 65%/-6.43%),31,,,BUY SPXL ADD TO PLTR.HPE SELL VLO,BUY SPXL ADD TO PLTR.HPE SELL VLO,BUY:SPXL|ADD:TO PLTR.HPE|SELL:VLO,false,"SPYM,UPRO,TQQQLCBRS",SPYM|UPRO|TQQQ|CBRS,,SPLIT:TQQQLCBRS->TQQQ+CBRS,RVAB/REBAR: 1.03 :0.39%/-5.36%),1.03,,,SELL DRAM,SELL DRAM,SELL:DRAM,false,BOTTOM LINE: FADERS [FAD AS INDEXES CLOSE STRONG,FADERS [FAD AS INDEXES CLOSE STRONG
revere_20260810.png,2026-08-10,1,gro_turbo,threshold,75.00,review,MISSING_BOTTOM_LINE,"GRO HOLDINGS: SPYM,UPRO, SPXL,HPE,OKTA,PLTR, CBRS AMZU || GRO RVAB/REBAR: 1% { 102%/ 6 62%) ADD TO OKTA HPE PLTR BUY AMZU || TURBO HOLDINGS: SPYM,UPRO,TQQQ.CBRS || TURBO RVAB/REBAR: * 1: { 0 55%/ 5 22%) NO CHANGES || BOTTOM LINE:","SPYM,UPRO, SPXL,HPE,OKTA,PLTR, CBRS AMZU",SPYM|UPRO|SPXL|HPE|OKTA|PLTR|CBRS|AMZU,,,RVAB/REBAR: 1% { 102%/ 6 62%),1,,,ADD TO OKTA HPE PLTR BUY AMZU,ADD TO OKTA HPE PLTR BUY AMZU,ADD:TO OKTA HPE PLTR|BUY:AMZU,false,"SPYM,UPRO,TQQQ.CBRS",SPYM|UPRO|TQQQ|CBRS,,,RVAB/REBAR: * 1: { 0 55%/ 5 22%),1,,,NO CHANGES,NO CHANGES,NO CHANGES,true,BOTTOM LINE:,
revere_20260811.png,2026-08-11,1,gro_turbo,threshold,65.00,review,MISSING_BOTTOM_LINE,"GRO HOLDINGS: SPYM,UPRO/SPXL HPE,PLTR,OKTA,TWLO.CBRS, AMZU || GRO RVAB/REBAR: 1.79 {-1.01%/-6.37%) BUY TWLO || TURBO HOLDINGS: SPYM,UPRO,TQQIQ,CBRS,FCX || TURBO RVAB/REBAR: 1.14 (-0.71%/.5.71%) BUY FCX ADD TO TQQ || BOTTOM LINE:","SPYM,UPRO/SPXL HPE,PLTR,OKTA,TWLO.CBRS, AMZU",SPYM|UPRO|SPXL|HPE|PLTR|OKTA|TWLO|CBRS|AMZU,,,RVAB/REBAR: 1.79 {-1.01%/-6.37%),1.79,,,BUY TWLO,BUY TWLO,BUY:TWLO,false,"SPYM,UPRO,TQQIQ,CBRS,FCX",SPYM|UPRO|TQQQ|CBRS|FCX,,CORRECT:TQQIQ->TQQQ,RVAB/REBAR: 1.14 (-0.71%/.5.71%),1.14,,,BUY FCX ADD TO TQQ,BUY FCX ADD TO TQQ,BUY:FCX|ADD:TO TQQ,false,BOTTOM LINE:,
revere_20260812.png,2026-08-12,1,gro_turbo,threshold,57.00,review,LOW_OCR_CONFIDENCE,"GRO HOLDINGS: SPYM,UPRO/SPKLTQQQ TNANPE PLTR OKTA,TWLO, CBRS,NBIS, APH LTE.SITM || GRO RVAB/REBAR: 113 [1.79%/-7.41%] SELL AMZY ADD TO PLTR BUY TQGQ THA WEES APH ITE ST || TURBO HOLDINGS: SPYM,UPRO,TQQQ,CBRS FOX || TURBO RVAB/REBAR: 2 {0.99%/.5 61%) ADD TO FCX O-TRIM CBAS || BOTTOM LINE: MARKET $3010 5 71 HADI £1 S708 <S SHAD AACK A S83 Z0.1T","SPYM,UPRO/SPKLTQQQ TNANPE PLTR OKTA,TWLO, CBRS,NBIS, APH LTE.SITM",SPYM|UPRO|SPXL|TQQQ|TNA|BE|PLTR|OKTA|TWLO|CBRS|NBIS|APH|SITM,,SPLIT:SPKLTQQQ->SPXL+TQQQ|SPLIT:TNANPE->TNA+BE|CORRECT:LTE->PLTR,RVAB/REBAR: 113 [1.79%/-7.41%],113,,,SELL AMZY ADD TO PLTR BUY TQGQ THA WEES APH ITE ST,SELL AMZY ADD TO PLTR BUY TQGQ THA WEES APH ITE ST,SELL:AMZY|ADD:TO PLTR|BUY:TQGQ THA WEES APH ITE ST,false,"SPYM,UPRO,TQQQ,CBRS FOX",SPYM|UPRO|TQQQ|CBRS|FOX,,,RVAB/REBAR: 2 {0.99%/.5 61%),2,,,ADD TO FCX O-TRIM CBAS,ADD TO FCX O-TRIM CBAS,ADD:TO FCX O-|TRIM:CBAS,false,BOTTOM LINE: MARKET $3010 5 71 HADI £1 S708 <S SHAD AACK A S83 Z0.1T,MARKET $3010 5 71 HADI £1 S708 <S SHAD AACK A S83 Z0.1T
revere_20260813.png,2026-08-13,1,gro_turbo,threshold,57.00,review,LOW_OCR_CONFIDENCE,"GRO HOLDINGS: $6YM UPRO/SPXLTQQQ, THA HPL PLTR OXTA TWLO, ERS NBIS APH, LITE SITM,RBRK || GRO RVAB/REBAR: 1 ""' [-1 74/7 81%) BUY RBRK. || TURBO HOLDINGS: SPYM,UPRO,TQQQ, CBRS,FCX,TWLO,RBRK. || TURBO RVAB/REBAR: : : { 0 79%/ 6.61%) ADO TO UPRO TQQQ BUY TWLO RBRK || BOTTOM LINE: = INUEXES HE ASUT WT SE LATIN OTC TE WAY","$6YM UPRO/SPXLTQQQ, THA HPL PLTR OXTA TWLO, ERS NBIS APH, LITE SITM,RBRK",SPYM|UPRO|SPXL|TQQQ|ETHA|HPE|PLTR|OKTA|TWLO|CBRS|NBIS|APH|LITE|SITM|RBRK,,CORRECT:GYM->SPYM|SPLIT:SPXLTQQQ->SPXL+TQQQ|EXPAND:THA->ETHA|CORRECT:HPL->HPE|CORRECT:OXTA->OKTA|CORRECT:ERS->CBRS,"RVAB/REBAR: 1 ""' [-1 74/7 81%)",1,74,7,BUY RBRK.,BUY RBRK.,BUY:RBRK,false,"SPYM,UPRO,TQQQ, CBRS,FCX,TWLO,RBRK.",SPYM|UPRO|TQQQ|CBRS|FCX|TWLO|RBRK,,,RVAB/REBAR: : : { 0 79%/ 6.61%) ADO TO UPRO TQQQ,0,,,BUY TWLO RBRK,BUY TWLO RBRK,BUY:TWLO RBRK,false,BOTTOM LINE: = INUEXES HE ASUT WT SE LATIN OTC TE WAY,= INUEXES HE ASUT WT SE LATIN OTC TE WAY
revere_20260814.png,2026-08-14,1,gro_turbo,threshold,43.00,review,MISSING_BOTTOM_LINE|LOW_OCR_CONFIDENCE,"GRO HOLDINGS: 59YM.UPRO/SPXL UO, FRANPE, PLTH.OKTA TWLO,NBIS APK.LITE SI TM ABKK || GRO RVAB/REBAR: ©: -1 27%/-7.12%) ADD 10 HPE SELL CBRS TRIM OKTA || TURBO HOLDINGS: SPYM,UPRO,TQQQ.CBRS,FCX,TWLO,RBRK, SCX, GDXU || TURBO RVAB/REBAR: © (0.97%/ 6.93%) BUY SACK GOXU S BOTTOM LINE: 1 515155 TAKE A HEE ATHER AL INDE SES BLTL BAL D8 TOW VLA","59YM.UPRO/SPXL UO, FRANPE, PLTH.OKTA TWLO,NBIS APK.LITE SI TM ABKK",SPYM|UPRO|SPXL|URA|HPE|PLTR|OKTA|TWLO|NBIS|APH|LITE|SITM|RBRK,,MERGE:SI+TM->SITM|CORRECT:S9YM->SPYM|CORRECT:UO->UPRO|SPLIT:FRANPE->URA+HPE|CORRECT:PLTH->PLTR|CORRECT:APK->APH|CORRECT:ABKK->RBRK,RVAB/REBAR: ©: -1 27%/-7.12%),1,,,ADD 10 HPE SELL CBRS TRIM OKTA,ADD 10 HPE SELL CBRS TRIM OKTA,ADD:10 HPE|SELL:CBRS|TRIM:OKTA,false,"SPYM,UPRO,TQQQ.CBRS,FCX,TWLO,RBRK, SCX, GDXU",SPYM|UPRO|TQQQ|CBRS|FCX|TWLO|RBRK|GDXU,,CORRECT:SCX->FCX,RVAB/REBAR: © (0.97%/ 6.93%),0.97,,,BUY SACK GOXU S BOTTOM LINE: 1 515155 TAKE A HEE ATHER AL INDE SES BLTL BAL D8 TOW VLA,BUY SACK GOXU S BOTTOM LINE: 1 515155 TAKE A HEE ATHER AL INDE SES BLTL BAL D8 TOW VLA,BUY:SACK GOXU S BOTTOM LINE: 1 515155 TAKE A HEE ATHER AL INDE SES BLTL BAL D8 TOW VLA,false,,
revere_20260817.png,2026-08-17,1,gro_turbo,threshold,72.00,ok,,"GRO HOLDINGS: $PYM.UPRO/SPXL,TQQQ. TNA,SOX(, HPE PLTR NBIS, APH, LITE,51 TM, RBRK, CBRS || GRO RVAB/REBAR: 1.63 {-1.36%/-6.63%) SELL TWLO OKTA BUY SOXL CBRS ADD TO LITE NBIS || TURBO HOLDINGS: SPYM,UPRO,TQQQ,CBRS, FOX, RBRK,SPCX, GDXU, LITE SITM,GEV || TURBO RVAB/REBAR: 5% {-2 15%/-7 80%} SELL TWLO BUY LITE ITM GEV || BOTTOM LINE: -» CEASEFIRE ENDS AND HIGHER YIELDS PUTS PRESSURE ON STOCKS","$PYM.UPRO/SPXL,TQQQ. TNA,SOX(, HPE PLTR NBIS, APH, LITE,51 TM, RBRK, CBRS",SPYM|UPRO|SPXL|TQQQ|TNA|SOXL|HPE|PLTR|NBIS|APH|LITE|STM|RBRK|CBRS,,EXPAND:PYM->SPYM|EXPAND:SOX->SOXL|EXPAND:TM->STM,RVAB/REBAR: 1.63 {-1.36%/-6.63%),1.63,,,SELL TWLO OKTA BUY SOXL CBRS ADD TO LITE NBIS,SELL TWLO OKTA BUY SOXL CBRS ADD TO LITE NBIS,SELL:TWLO OKTA|BUY:SOXL CBRS|ADD:TO LITE NBIS,false,"SPYM,UPRO,TQQQ,CBRS, FOX, RBRK,SPCX, GDXU, LITE SITM,GEV",SPYM|UPRO|TQQQ|CBRS|FOX|RBRK|SPCX|GDXU|LITE|SITM|GEV,,,RVAB/REBAR: 5% {-2 15%/-7 80%},5,,,SELL TWLO BUY LITE ITM GEV,SELL TWLO BUY LITE ITM GEV,SELL:TWLO|BUY:LITE ITM GEV,false,BOTTOM LINE: -» CEASEFIRE ENDS AND HIGHER YIELDS PUTS PRESSURE ON STOCKS,-» CEASEFIRE ENDS AND HIGHER YIELDS PUTS PRESSURE ON STOCKS
revere_20260818.png,2026-08-18,1,gro_turbo,threshold,69.00,ok,,"GRO HOLDINGS: SPYM,.UPRO/SPXL PE PLTR WIS ABRK || GRO RVAB/REBAR: © 1 1:0 66%/-5 33%) SELL TQQQ TNA SOXL CBRS APH LITE SITM TRIM NBIS || TURBO HOLDINGS: SPYM,UPRO,TQOQ.CARS,FCX RBRK,SPCX.GDXU STM, || TURBO RVAB/REBAR: : [0 63%/ 4 86%) SELL GEV LITE TRIM UPRO TQQQ CBRS || BOTTOM LINE: » A-I STOCKS BLASTED, RECENT GROWTH PROGRESS UNDONE","SPYM,.UPRO/SPXL PE PLTR WIS ABRK",SPYM|UPRO|SPXL|HPE|PLTR|WIO|RBRK,,EXPAND:PE->HPE|CORRECT:WIS->WIO|CORRECT:ABRK->RBRK,RVAB/REBAR: © 1 1:0 66%/-5 33%),1,,,SELL TQQQ TNA SOXL CBRS APH LITE SITM TRIM NBIS,SELL TQQQ TNA SOXL CBRS APH LITE SITM TRIM NBIS,SELL:TQQQ TNA SOXL CBRS APH LITE SITM|TRIM:NBIS,false,"SPYM,UPRO,TQOQ.CARS,FCX RBRK,SPCX.GDXU STM,",SPYM|UPRO|TQOQ|CBRS|FCX|RBRK|SPCX|GDXU|STM,,CORRECT:CARS->CBRS,RVAB/REBAR: : [0 63%/ 4 86%),0,,,SELL GEV LITE TRIM UPRO TQQQ CBRS,SELL GEV LITE TRIM UPRO TQQQ CBRS,SELL:GEV LITE|TRIM:UPRO TQQQ CBRS,false,"BOTTOM LINE: » A-I STOCKS BLASTED, RECENT GROWTH PROGRESS UNDONE","» A-I STOCKS BLASTED, RECENT GROWTH PROGRESS UNDONE"
revere_20260819.png,2026-08-19,1,gro_turbo,threshold,85.00,ok,,"GRO HOLDINGS: SPYM,UPRO/SPXLPLTR,RBRK,MRNA || GRO RVAB/REBAR: 1.03 (-0.57%/-5.43%) BUY MRNA TRIM RBRK SELL NBIS HPE || TURBO HOLDINGS: SPYM,UPRO,TQQQ,CBRS, FCX,RBRK,SPCX,GDXU,SITM, || TURBO RVAB/REBAR: 1.55 (-3.37%/-7.60%) BUY MRNA IBIT ETHA SPXL CHYM SELL SITM CBRS || BOTTOM LINE: & MONSTER MOVES IN GENOMICS, CRYPTO AND COMMODITIES","SPYM,UPRO/SPXLPLTR,RBRK,MRNA",SPYM|UPRO|SPXL|PLTR|RBRK|MRNA,,SPLIT:SPXLPLTR->SPXL+PLTR,RVAB/REBAR: 1.03 (-0.57%/-5.43%),1.03,,,BUY MRNA TRIM RBRK SELL NBIS HPE,BUY MRNA TRIM RBRK SELL NBIS HPE,BUY:MRNA|TRIM:RBRK|SELL:NBIS HPE,false,"SPYM,UPRO,TQQQ,CBRS, FCX,RBRK,SPCX,GDXU,SITM,",SPYM|UPRO|TQQQ|CBRS|FCX|RBRK|SPCX|GDXU|SITM,,,RVAB/REBAR: 1.55 (-3.37%/-7.60%),1.55,,,BUY MRNA IBIT ETHA SPXL CHYM SELL SITM CBRS,BUY MRNA IBIT ETHA SPXL CHYM SELL SITM CBRS,BUY:MRNA IBIT ETHA SPXL CHYM|SELL:SITM CBRS,false,"BOTTOM LINE: & MONSTER MOVES IN GENOMICS, CRYPTO AND COMMODITIES","& MONSTER MOVES IN GENOMICS, CRYPTO AND COMMODITIES"
revere_20260820.png,2026-08-20,1,gro_turbo,threshold,80.00,ok,,"GRO HOLDINGS: SPYM,UPRO/SPXL,PLTR,RBRK, MRNA || GRO RVAB/REBAR: 1.05 {-0.28%/-4.41%) TRIM MRNA || TURBO HOLDINGS: SPYM,UPRO,TQQQ, SPXL, IBIT,ETHA, FCX,RBRK,SPCX,GDXU, MRNA,CHYM || TURBO RVAB/REBAR: 1.44 (-2.87%/-6.52%) O-TRIM ETHA GDXU TRIM CHYM MRNA SPCX || BOTTOM LINE: » MONSTER MOVES IN GENOMICS, CRYPTO AND COMMODITIES","SPYM,UPRO/SPXL,PLTR,RBRK, MRNA",SPYM|UPRO|SPXL|PLTR|RBRK|MRNA,,,RVAB/REBAR: 1.05 {-0.28%/-4.41%),1.05,,,TRIM MRNA,TRIM MRNA,TRIM:MRNA,false,"SPYM,UPRO,TQQQ, SPXL, IBIT,ETHA, FCX,RBRK,SPCX,GDXU, MRNA,CHYM",SPYM|UPRO|TQQQ|SPXL|IBIT|ETHA|FCX|RBRK|SPCX|GDXU|MRNA|CHYM,,,RVAB/REBAR: 1.44 (-2.87%/-6.52%) O-,1.44,,,TRIM ETHA GDXU TRIM CHYM MRNA SPCX,TRIM ETHA GDXU TRIM CHYM MRNA SPCX,TRIM:ETHA GDXU|TRIM:CHYM MRNA SPCX,false,"BOTTOM LINE: » MONSTER MOVES IN GENOMICS, CRYPTO AND COMMODITIES","» MONSTER MOVES IN GENOMICS, CRYPTO AND COMMODITIES"
revere_20260821.png,2026-08-21,1,gro_turbo,threshold,78.00,ok,,"GRO HOLDINGS SPYM,UPRO/SPXL,PICK PLTR,RBRK MANA || GRO RVAB/REBAR: 1.05 {-0.51%/-4.88%) BUY PICK || TURBO HOLDINGS: SPYM,UPRO,TQQQ,SPXLIBIT,ETHA, FCX,PLTR,SPCX,GDXU,MRNA,CHYM || TURBO RVAB/REBAR: 1.72 (-3.34%/-7.25%) BUY PLTR ADD TO MRNA SPCX TQQQ O-TRIM IB1T SELL RBRK || BOTTOM LINE: 9 BULLS SHOW UP AS INDEXCS REGAIN KEY SHORT-TERM LCVELS","SPYM,UPRO/SPXL,PICK PLTR,RBRK MANA",SPYM|UPRO|SPXL|PICK|PLTR|RBRK|MANA,,,RVAB/REBAR: 1.05 {-0.51%/-4.88%),1.05,,,BUY PICK,BUY PICK,BUY:PICK,false,"SPYM,UPRO,TQQQ,SPXLIBIT,ETHA, FCX,PLTR,SPCX,GDXU,MRNA,CHYM",SPYM|UPRO|TQQQ|SPXL|IBIT|ETHA|FCX|PLTR|SPCX|GDXU|MRNA|CHYM,,SPLIT:SPXLIBIT->SPXL+IBIT,RVAB/REBAR: 1.72 (-3.34%/-7.25%),1.72,,,BUY PLTR ADD TO MRNA SPCX TQQQ O-TRIM IB1T SELL RBRK,BUY PLTR ADD TO MRNA SPCX TQQQ O-TRIM IB1T SELL RBRK,BUY:PLTR|ADD:TO MRNA SPCX TQQQ O-|TRIM:IB1T|SELL:RBRK,false,BOTTOM LINE: 9 BULLS SHOW UP AS INDEXCS REGAIN KEY SHORT-TERM LCVELS,9 BULLS SHOW UP AS INDEXCS REGAIN KEY SHORT-TERM LCVELS
revere_20260824.png,2026-08-24,1,gro_turbo,threshold,82.00,review,MISSING_BOTTOM_LINE,"GRO HOLDINGS: SPYM,UPRO/SPXL,PICK,PLTR,RBRK,MRNA || GRO RVAB/REBAR: 1.10 (-0.36%/-4.56%) ADD TO PLTR || TURBO HOLDINGS: SPYM,UPRO,TQQQ,SPXL,IBIT,ETHA,FCX,PLTR,SPCX,GDXU,MRNA,CHYM || TURBO RVAB/REBAR: 1.56 (-3.45%/-7.01%} TRIM TQQQ || BOTTOM LINE:","SPYM,UPRO/SPXL,PICK,PLTR,RBRK,MRNA",SPYM|UPRO|SPXL|PICK|PLTR|RBRK|MRNA,,,RVAB/REBAR: 1.10 (-0.36%/-4.56%),1.10,,,ADD TO PLTR,ADD TO PLTR,ADD:TO PLTR,false,"SPYM,UPRO,TQQQ,SPXL,IBIT,ETHA,FCX,PLTR,SPCX,GDXU,MRNA,CHYM",SPYM|UPRO|TQQQ|SPXL|IBIT|ETHA|FCX|PLTR|SPCX|GDXU|MRNA|CHYM,,,RVAB/REBAR: 1.56 (-3.45%/-7.01%},1.56,,,TRIM TQQQ,TRIM TQQQ,TRIM:TQQQ,false,BOTTOM LINE:,
revere_20260825.png,2026-08-25,1,gro_turbo,threshold,67.00,ok,,"GRO HOLDINGS: SPYM,UPRO/SPXL,PICK,PLTR, MRNA || GRO RVAB/REBAR: © 04 (-0.24%/-4.66%) SELL RBRK TRIM PLTR || TURBO HOLDINGS: SPYM,UPRO, TOQ,SPXL,IBIT,ETHA,GDXUFCX PLTR,SPCX, MRNA CHYM FIG || TURBO RVAB/REBAR: 1.70 {-3.12%/-5 91%] BUY FIG BUY/SELL HNGE || BOTTOM LINE: -> ALTERNATING RED/GRLEN BAYS CONTINUES; A 1 BOUNCL; PCE IN AY","SPYM,UPRO/SPXL,PICK,PLTR, MRNA",SPYM|UPRO|SPXL|PICK|PLTR|MRNA,,,RVAB/REBAR: © 04 (-0.24%/-4.66%),04,,,SELL RBRK TRIM PLTR,SELL RBRK TRIM PLTR,SELL:RBRK|TRIM:PLTR,false,"SPYM,UPRO, TOQ,SPXL,IBIT,ETHA,GDXUFCX PLTR,SPCX, MRNA CHYM FIG",SPYM|UPRO|TQOQ|SPXL|IBIT|ETHA|GDXU|FCX|PLTR|SPCX|MRNA|CHYM|FIG,,CORRECT:TOQ->TQOQ|SPLIT:GDXUFCX->GDXU+FCX,RVAB/REBAR: 1.70 {-3.12%/-5 91%],1.70,,,BUY FIG BUY/SELL HNGE,BUY FIG BUY/SELL HNGE,BUY:FIG|SELL:HNGE,false,BOTTOM LINE: -> ALTERNATING RED/GRLEN BAYS CONTINUES; A 1 BOUNCL; PCE IN AY,-> ALTERNATING RED/GRLEN BAYS CONTINUES; A 1 BOUNCL; PCE IN AY
revere_20260826.png,2026-08-26,1,gro_turbo,threshold,64.00,ok,,"GRO HOLDINGS: SPYM,UPRO/SPXL,PICK,PLTR || GRO RVAB/REBAR: 1 [1 (-0.25%/-4.66%) TRIM PLTR SELL MRNA || TURBO HOLDINGS: SPYM,UPRO,TQOQ,SPXL,IBIT, ETHA,GDXU,FOLPLTR SPX, MBNA.CHYM FIG,GH, HNGE || TURBO RVAB/REBAR: 1 7/(-291%/-5 77%) BUY GH HNGE || BOTTOM LINE: SOFTWARE LFADERSS BP?","SPYM,UPRO/SPXL,PICK,PLTR",SPYM|UPRO|SPXL|PICK|PLTR,,,RVAB/REBAR: 1 [1 (-0.25%/-4.66%),1,,,TRIM PLTR SELL MRNA,TRIM PLTR SELL MRNA,TRIM:PLTR|SELL:MRNA,false,"SPYM,UPRO,TQOQ,SPXL,IBIT, ETHA,GDXU,FOLPLTR SPX, MBNA.CHYM FIG,GH, HNGE",SPYM|UPRO|TQOQ|SPXL|IBIT|ETHA|GDXU|FOL|PLTR|MRNA|CHYM|FIG|GH|HNGE,,SPLIT:FOLPLTR->FOL+PLTR|EXPAND:SPX->SPXL|CORRECT:MBNA->MRNA,RVAB/REBAR: 1 7/(-291%/-5 77%),1,,,BUY GH HNGE,BUY GH HNGE,BUY:GH HNGE,false,BOTTOM LINE: SOFTWARE LFADERSS BP?,SOFTWARE LFADERSS BP?
revere_20260827.png,2026-08-27,1,gro_turbo,threshold,53.00,review,MISSING_BOTTOM_LINE|LOW_OCR_CONFIDENCE,"GRO HOLDINGS: SPYM,UPRO/SPXL PICK PLTR NVDA FROG || GRO RVAB/REBAR: ©."" [0 65%/ 5 71%) BUY FROG NVDA ADO FO SPXL PLTR || TURBO HOLDINGS: 59VA,UPM0. 700A SPXLIBIT.E THA GOXU. FOL PLTR SPCXMRMA, CHYLFIG. GH HAGE ZETA.CRAM || TURBO RVAB/REBAR: 1. 1"": (-3.83%/-7.24%) BUY ZETA CRM ADD TO CHYM BOTTOMUNE: VIL K, WIE 1A ANI SAS RALY DER RES","SPYM,UPRO/SPXL PICK PLTR NVDA FROG",SPYM|UPRO|SPXL|PICK|PLTR|NVDA|FROG,,,"RVAB/REBAR: ©."" [0 65%/ 5 71%)",0,,,BUY FROG NVDA ADO FO SPXL PLTR,BUY FROG NVDA ADO FO SPXL PLTR,BUY:FROG NVDA ADO FO SPXL PLTR,false,"59VA,UPM0. 700A SPXLIBIT.E THA GOXU. FOL PLTR SPCXMRMA, CHYLFIG. GH HAGE ZETA.CRAM",TSLA|UPRO|HOOD|SPXL|IBIT|ETHA|GOXU|FOL|PLTR|SPCX|MRNA|CHYM|FIG|GH|HNGE|ZETA,,MERGE:E+THA->ETHA|CORRECT:S9VA->TSLA|CORRECT:UPMO->UPRO|CORRECT:7OOA->HOOD|SPLIT:SPXLIBIT->SPXL+IBIT|SPLIT:SPCXMRMA->SPCX+MRNA|SPLIT:CHYLFIG->CHYM+FIG|CORRECT:HAGE->HNGE|CORRECT:CRAM->CHYM,"RVAB/REBAR: 1. 1"": (-3.83%/-7.24%)",1,,,"BUY ZETA CRM ADD TO CHYM BOTTOMUNE: VIL K, WIE 1A ANI SAS RALY DER RES","BUY ZETA CRM ADD TO CHYM BOTTOMUNE: VIL K, WIE 1A ANI SAS RALY DER RES",BUY:ZETA CRM|ADD:TO CHYM BOTTOMUNE: VIL K|ADD:WIE 1A ANI SAS RALY DER RES,false,,
revere_20260828.png,2026-08-28,1,gro_turbo,threshold,62.00,review,MISSING_BOTTOM_LINE,"GRO HOLDINGS: SPYM,UPRO/SPXLPICK PLTR FROG. || GRO RVAB/REBAR: ©. (-045%/-5 25%) ADD TO PLTR ADD/TRIM FROG SELL NVDA TRIM PICK || TURBO HOLDINGS: 357M UPRO.TO0Q SPALINT FTHA.GOIU FX, PTR SICH HANA CHIM.6XG TETA.CAM || TURBO RVAB/REBAR: © ._ {-2.77%/-5.99%) SELL GHHNGE TRIM CHYM || BOTTOM LINE:","SPYM,UPRO/SPXLPICK PLTR FROG.",SPYM|UPRO|SPXL|PICK|PLTR|FROG,,SPLIT:SPXLPICK->SPXL+PICK,RVAB/REBAR: ©. (-045%/-5 25%),045,,,ADD TO PLTR ADD/TRIM FROG SELL NVDA TRIM PICK,ADD TO PLTR ADD/TRIM FROG SELL NVDA TRIM PICK,ADD:TO PLTR|TRIM:FROG|SELL:NVDA|TRIM:PICK,false,"357M UPRO.TO0Q SPALINT FTHA.GOIU FX, PTR SICH HANA CHIM.6XG TETA.CAM",SMC|UPRO|TQOQ|SPXL|INTC|ETHA|GOXU|FX|PLTR|SICH|MANA|CHYM|GXG|ZETA|CAM,,EXPAND:3S7M->SMC|CORRECT:TOOQ->TQOQ|SPLIT:SPALINT->SPXL+INTC|CORRECT:FTHA->ETHA|CORRECT:GOIU->GOXU|CORRECT:PTR->PLTR|CORRECT:HANA->MANA|CORRECT:CHIM->CHYM|CORRECT:TETA->ZETA,RVAB/REBAR: © ._ {-2.77%/-5.99%),2.77,,,SELL GHHNGE TRIM CHYM,SELL GHHNGE TRIM CHYM,SELL:GHHNGE|TRIM:CHYM,false,BOTTOM LINE:,
revere_20260831.png,2026-08-31,1,gro_turbo,threshold,67.00,review,MISSING_BOTTOM_LINE,"GRO HOLDINGS: SPYM,UPRO/SPXL,PLTR, FROG || GRO RVAB/REBAR: 1': (-0 38%/ 4 81%) SELL PICK || TURBO HOLDINGS: SPYM.UPRO,TQQQ SPXLIBITETHAGOXU, FCI PLTR SPOUMANA ZETA CAM || TURBO RVAB/REBAR: © I. (-262%/-5.66%) SELL FIG CHYM || BOTTOM LINE:","SPYM,UPRO/SPXL,PLTR, FROG",SPYM|UPRO|SPXL|PLTR|FROG,,,RVAB/REBAR: 1': (-0 38%/ 4 81%),1,,,SELL PICK,SELL PICK,SELL:PICK,false,"SPYM.UPRO,TQQQ SPXLIBITETHAGOXU, FCI PLTR SPOUMANA ZETA CAM",SPYM|UPRO|TQQQ|SPX|IBIT|ETHA|GOXU|FCX|PLTR|SPOX|MRNA|ZETA|CAM,,SPLIT:SPXLIBITETHAGOXU->SPX+IBIT+ETHA+GOXU|CORRECT:FCI->FCX|SPLIT:SPOUMANA->SPOX+MRNA,RVAB/REBAR: © I. (-262%/-5.66%),262,,,SELL FIG CHYM,SELL FIG CHYM,SELL:FIG CHYM,false,BOTTOM LINE:,
revere_20260901.png,2026-09-01,1,gro_turbo,threshold,82.00,ok,,"GRO HOLDINGS: SPYM,UPRO/SPXL,PLTR || GRO RVAB/REBAR: 0.90 [-0.11%/-3.82%) SELL FROG TRIM SPXL + PLTR || TURBO HOLDINGS: SPYM,UPRO,TQQQ.IBIT,ETHA, GDXU,FCX, MRNA, ZETA, SPCX, HOOD, PLTR, || TURBO RVAB/REBAR: #1 {-2.22%/-4.69%) BUY HOOD || BOTTOM LINE: -» WEAK START TO WORST MONTH; SPX BREAKS 21E, QQQ BREAKS SOD","SPYM,UPRO/SPXL,PLTR",SPYM|UPRO|SPXL|PLTR,,,RVAB/REBAR: 0.90 [-0.11%/-3.82%),0.90,,,SELL FROG TRIM SPXL + PLTR,SELL FROG TRIM SPXL + PLTR,SELL:FROG|TRIM:SPXL + PLTR,false,"SPYM,UPRO,TQQQ.IBIT,ETHA, GDXU,FCX, MRNA, ZETA, SPCX, HOOD, PLTR,",SPYM|UPRO|TQQQ|IBIT|ETHA|GDXU|FCX|MRNA|ZETA|SPCX|HOOD|PLTR,,,RVAB/REBAR: #1 {-2.22%/-4.69%),1,,,BUY HOOD,BUY HOOD,BUY:HOOD,false,"BOTTOM LINE: -» WEAK START TO WORST MONTH; SPX BREAKS 21E, QQQ BREAKS SOD","-» WEAK START TO WORST MONTH; SPX BREAKS 21E, QQQ BREAKS SOD"
revere_20260902.png,2026-09-02,1,gro_turbo,threshold,57.00,review,LOW_OCR_CONFIDENCE,"GRO HOLDINGS: 5PYM,UPRO,PLTR || GRO RVAB/REBAR: 141{0 06%/4.01%] SELL SPXL TRIM BLTR || TURBO HOLDINGS: 5YM,UPRO,TQQQLIBITETHA,GDXU, FOL MRNA SPOX HOOD. || TURBO RVAB/REBAR: © + £(-1 71%/.4 44%) SELL PLTAZETA OTAIMFOX || BOTTOM LINE: R=LE> 50L°CE A TER 3 DAYS LEW,","5PYM,UPRO,PLTR",SPYM|UPRO|PLTR,,,RVAB/REBAR: 141{0 06%/4.01%],141,,,SELL SPXL TRIM BLTR,SELL SPXL TRIM BLTR,SELL:SPXL|TRIM:BLTR,false,"5YM,UPRO,TQQQLIBITETHA,GDXU, FOL MRNA SPOX HOOD.",SYM|UPRO|TQQQ|IBIT|TER|THA|GDXU|FOL|MRNA|SPOX|HOOD,,SPLIT:TQQQLIBITETHA->TQQQ+IBIT+TER+THA,RVAB/REBAR: © + £(-1 71%/.4 44%),1,,,SELL PLTAZETA OTAIMFOX,SELL PLTAZETA OTAIMFOX,SELL:PLTAZETA OTAIMFOX,false,"BOTTOM LINE: R=LE> 50L°CE A TER 3 DAYS LEW,","R=LE> 50L°CE A TER 3 DAYS LEW,"
revere_20260903.png,2026-09-03,1,gro_turbo,threshold,65.00,ok,,"GRO HOLDINGS: SPYM,UPRO,QLD,PLTR MU || GRO RVAB/REBAR: 1.07 (-0.275/-5.10%) BUY QLD MU || TURBO HOLDINGS: SPYM,UPRO,TAQQ,IBIT THA GDXU,FCX,MRNA.SPCX.HOOD PURR || TURBO RVAB/REBAR: 1.72 -2.68%/-6.15%) BUY PURR || BOTTOM LINE: -3 DOWISH TONE FUELS DAY 2 RALLY ATTEMPT","SPYM,UPRO,QLD,PLTR MU",SPYM|UPRO|QLD|PLTR|MU,,,RVAB/REBAR: 1.07 (-0.275/-5.10%),1.07,,,BUY QLD MU,BUY QLD MU,BUY:QLD MU,false,"SPYM,UPRO,TAQQ,IBIT THA GDXU,FCX,MRNA.SPCX.HOOD PURR",SPYM|UPRO|TQQQ|IBIT|ETHA|GDXU|FCX|MRNA|SPCX|HOOD|PURR,,CORRECT:TAQQ->TQQQ|EXPAND:THA->ETHA,RVAB/REBAR: 1.72 -2.68%/-6.15%),1.72,,,BUY PURR,BUY PURR,BUY:PURR,false,BOTTOM LINE: -3 DOWISH TONE FUELS DAY 2 RALLY ATTEMPT,-3 DOWISH TONE FUELS DAY 2 RALLY ATTEMPT
revere_20260904.png,2026-09-04,1,gro_turbo,threshold,60.00,ok,,"GRO HOLDINGS: SPYM,UPRO,QLO,PLTR, MU, HPE OKTA || GRO RVAB/REBAR: 11 [-0.26%/-4.81%) BUY MPE OKTA || TURBO HOLDINGS: SPYM,UPRO, TOG, IBIT.ETHA.GDXULFCXMRNA.SPCXLHOGD, PURR || TURBO RVAB/REBAR: © 64 (-2.05%/-5.30%) NO CHANGES || BOTTOM LINE: & RGN JGES HUME R PAUSES INDIES BUT A-1STOU<S RALLY","SPYM,UPRO,QLO,PLTR, MU, HPE OKTA",SPYM|UPRO|QLD|PLTR|MU|HPE|OKTA,,CORRECT:QLO->QLD,RVAB/REBAR: 11 [-0.26%/-4.81%),11,,,BUY MPE OKTA,BUY MPE OKTA,BUY:MPE OKTA,false,"SPYM,UPRO, TOG, IBIT.ETHA.GDXULFCXMRNA.SPCXLHOGD, PURR",SPYM|UPRO|TQQQ|IBIT|ETHA|GDXU|FCX|MRNA|SPCX|HOOD|PURR,,SPLIT:GDXULFCXMRNA->GLD+MU+FCX+MRNA|SPLIT:SPCXLHOGD->SPCX+HOOD|INHERIT_NO_CHANGES:revere_20260903.png,RVAB/REBAR: © 64 (-2.05%/-5.30%),64,,,NO CHANGES,NO CHANGES,NO CHANGES,true,BOTTOM LINE: & RGN JGES HUME R PAUSES INDIES BUT A-1STOU<S RALLY,& RGN JGES HUME R PAUSES INDIES BUT A-1STOU<S RALLY
revere_20260908.png,2026-09-08,1,gro_turbo,threshold,60.00,ok,,"GRO HOLDINGS: SPYM,UPRO,QLD,PLTR, MU HPE,OKTA, CF, SPCX || GRO RVAB/REBAR: "": {0 3H%/ 4 38%} BUY CF SPOX || TURBO HOLDINGS: $PYM,UPRO, TQQQUBIT,E THA. GDXU FX $PCX HOOD, PURR, RBRK, TEM || TURBO RVAB/REBAR: © =I: ( 2.88%/ 5. /5%) BUY ABAK TEM SELL MRNA || BOTTOM LINE: 3 ©1151 LISWS HELL IE WHILE INDEXES CLOSE DOWN","SPYM,UPRO,QLD,PLTR, MU HPE,OKTA, CF, SPCX",SPYM|UPRO|QLD|PLTR|MU|HPE|OKTA|CF|SPCX,,,"RVAB/REBAR: "": {0 3H%/ 4 38%}",0,,,BUY CF SPOX,BUY CF SPOX,BUY:CF SPOX,false,"$PYM,UPRO, TQQQUBIT,E THA. GDXU FX $PCX HOOD, PURR, RBRK, TEM",SPYM|UPRO|TQQQ|IBIT|ETHA|GDXU|FCX|SPCX|HOOD|PURR|RBRK|TEM,,OVERRIDE:PYM->SPYM:missing leading S|OVERRIDE:TQQQUBIT->TQQQ+IBIT:fused ticker pair|OVERRIDE:FX->FCX:missing leading F|OVERRIDE:PCX->SPCX:missing leading S|MERGE:E+THA->ETHA,RVAB/REBAR: © =I: ( 2.88%/ 5. /5%),2.88,,,BUY ABAK TEM SELL MRNA,BUY ABAK TEM SELL MRNA,BUY:ABAK TEM|SELL:MRNA,false,BOTTOM LINE: 3 ©1151 LISWS HELL IE WHILE INDEXES CLOSE DOWN,3 ©1151 LISWS HELL IE WHILE INDEXES CLOSE DOWN
revere_20260909.png,2026-09-09,1,gro_turbo,threshold,59.00,review,LOW_OCR_CONFIDENCE,"GRO HOLDINGS: SPYM,UPRO,QLD,ARKG,PLTR, MU, HPE,OKTA, CF, || GRO RVAB/REBAR: } 11( 0.36% 395%) BUY ARKG SELL SPCX || TURBO HOLDINGS: SPYM,UPRC, TOG, BIT,ETHA,GDXU,F CX SPCX.HOOD, FURR, RBRK, TEM || TURBO RVAB/REBAR: 1 *: {11 91%/ 4 53%) NO CHANGES. || BOTTOM LINE: -» OIL, VIELDS, AND GEOPOLITICAL TENSIONS CONTINUE TO ACT AS A HEADWIND","SPYM,UPRO,QLD,ARKG,PLTR, MU, HPE,OKTA, CF,",SPYM|UPRO|QLD|ARKG|PLTR|MU|HPE|OKTA|CF,,,RVAB/REBAR: } 11( 0.36% 395%),11,,,BUY ARKG SELL SPCX,BUY ARKG SELL SPCX,BUY:ARKG|SELL:SPCX,false,"SPYM,UPRC, TOG, BIT,ETHA,GDXU,F CX SPCX.HOOD, FURR, RBRK, TEM",SPYM|UPRO|TQQQ|IBIT|ETHA|GDXU|FCX|SPCX|HOOD|PURR|RBRK|TEM,,OVERRIDE:UPRC->UPRO:missing trailing O|OVERRIDE:BIT->IBIT:missing leading I|OVERRIDE:FURR->PURR:misread leading P|MERGE:F+CX->FCX|INHERIT_NO_CHANGES:revere_20260908.png,RVAB/REBAR: 1 *: {11 91%/ 4 53%),1,,,NO CHANGES.,NO CHANGES.,NO CHANGES,true,"BOTTOM LINE: -» OIL, VIELDS, AND GEOPOLITICAL TENSIONS CONTINUE TO ACT AS A HEADWIND","-» OIL, VIELDS, AND GEOPOLITICAL TENSIONS CONTINUE TO ACT AS A HEADWIND"
revere_20260910.png,2026-09-10,1,gro_turbo,threshold,83.00,ok,,"GRO HOLDINGS: SPYM,UPRO,QLD,PLTR,HPE,OKTA, CF || GRO RVAB/REBAR: 1.01(-0.10%/-3.18%) SELL MU ARKG TRIM PLTR || TURBO HOLDINGS: SPYM,UPRO,TQQQIBIT ETHA,GDXU,FCX ,SPCX,HOOD,RBRK || TURBO RVAB/REBAR: 1.46 (-1.42%/-3.83%) SELL TEM PURR || BOTTOM LINE: ® HOT PPI AND YIELDS FURTHER WEAKNESS","SPYM,UPRO,QLD,PLTR,HPE,OKTA, CF",SPYM|UPRO|QLD|PLTR|HPE|OKTA|CF,,,RVAB/REBAR: 1.01(-0.10%/-3.18%),1.01,,,SELL MU ARKG TRIM PLTR,SELL MU ARKG TRIM PLTR,SELL:MU ARKG|TRIM:PLTR,false,"SPYM,UPRO,TQQQIBIT ETHA,GDXU,FCX ,SPCX,HOOD,RBRK",SPYM|UPRO|TQQQ|IBIT|ETHA|GDXU|FCX|SPCX|HOOD|RBRK,,SPLIT:TQQQIBIT->TQQQ+IBIT,RVAB/REBAR: 1.46 (-1.42%/-3.83%),1.46,,,SELL TEM PURR,SELL TEM PURR,SELL:TEM PURR,false,BOTTOM LINE: ® HOT PPI AND YIELDS FURTHER WEAKNESS,® HOT PPI AND YIELDS FURTHER WEAKNESS
