portfolio,event_date,sequence,event_type,ticker,source_file,previous_source_file,action_context,event_status,repair_basis
GRO,2022-11-29,1,ENTER,AEHR,revere_20221129.png,revere_20220922.png,BUY 4% QD SELL FSLR TRIM % SHLS ADD 5% T-BILL,review,action_conflict
GRO,2022-11-29,1,ENTER,ANET,revere_20221129.png,revere_20220922.png,BUY 4% QD SELL FSLR TRIM % SHLS ADD 5% T-BILL,review,action_conflict
GRO,2022-11-29,1,ENTER,AXSM,revere_20221129.png,revere_20220922.png,BUY 4% QD SELL FSLR TRIM % SHLS ADD 5% T-BILL,review,action_conflict
GRO,2022-11-29,1,ENTER,BKR,revere_20221129.png,revere_20220922.png,BUY 4% QD SELL FSLR TRIM % SHLS ADD 5% T-BILL,review,action_conflict
GRO,2022-11-29,1,ENTER,HAL,revere_20221129.png,revere_20220922.png,BUY 4% QD SELL FSLR TRIM % SHLS ADD 5% T-BILL,review,action_conflict
GRO,2022-11-29,1,ENTER,ILF,revere_20221129.png,revere_20220922.png,BUY 4% QD SELL FSLR TRIM % SHLS ADD 5% T-BILL,review,action_conflict
GRO,2022-11-29,1,ENTER,ON,revere_20221129.png,revere_20220922.png,BUY 4% QD SELL FSLR TRIM % SHLS ADD 5% T-BILL,review,action_conflict
GRO,2022-11-29,1,ENTER,SMCI,revere_20221129.png,revere_20220922.png,BUY 4% QD SELL FSLR TRIM % SHLS ADD 5% T-BILL,review,action_conflict
GRO,2022-11-29,1,ENTER,WYNN,revere_20221129.png,revere_20220922.png,BUY 4% QD SELL FSLR TRIM % SHLS ADD 5% T-BILL,review,action_conflict
GRO,2022-11-29,1,EXIT,BIT,revere_20221129.png,revere_20220922.png,BUY 4% QD SELL FSLR TRIM % SHLS ADD 5% T-BILL,review,action_conflict
GRO,2022-11-29,1,EXIT,CEG,revere_20221129.png,revere_20220922.png,BUY 4% QD SELL FSLR TRIM % SHLS ADD 5% T-BILL,review,action_conflict
GRO,2022-11-29,1,EXIT,CMG,revere_20221129.png,revere_20220922.png,BUY 4% QD SELL FSLR TRIM % SHLS ADD 5% T-BILL,review,action_conflict
GRO,2022-11-29,1,EXIT,ENPH,revere_20221129.png,revere_20220922.png,BUY 4% QD SELL FSLR TRIM % SHLS ADD 5% T-BILL,review,action_conflict
GRO,2022-11-29,1,EXIT,ENVX,revere_20221129.png,revere_20220922.png,BUY 4% QD SELL FSLR TRIM % SHLS ADD 5% T-BILL,review,action_conflict
GRO,2022-11-29,1,EXIT,LNG,revere_20221129.png,revere_20220922.png,BUY 4% QD SELL FSLR TRIM % SHLS ADD 5% T-BILL,review,action_conflict
GRO,2022-11-29,1,EXIT,LTHM,revere_20221129.png,revere_20220922.png,BUY 4% QD SELL FSLR TRIM % SHLS ADD 5% T-BILL,review,action_conflict
GRO,2022-11-29,1,EXIT,SWAV,revere_20221129.png,revere_20220922.png,BUY 4% QD SELL FSLR TRIM % SHLS ADD 5% T-BILL,review,action_conflict
GRO,2022-11-29,1,EXIT,TSLA,revere_20221129.png,revere_20220922.png,BUY 4% QD SELL FSLR TRIM % SHLS ADD 5% T-BILL,review,action_conflict
GRO,2022-11-29,1,EXIT,WOLF,revere_20221129.png,revere_20220922.png,BUY 4% QD SELL FSLR TRIM % SHLS ADD 5% T-BILL,review,action_conflict
GRO,2022-12-27,1,ENTER,AXDX,revere_20221227.png,revere_20221129.png,BUY 2% FCX & 5% DIA ADD 10% T-BILLS,review,action_conflict
GRO,2022-12-27,1,ENTER,BA,revere_20221227.png,revere_20221129.png,BUY 2% FCX & 5% DIA ADD 10% T-BILLS,review,action_conflict
GRO,2022-12-27,1,ENTER,BHP,revere_20221227.png,revere_20221129.png,BUY 2% FCX & 5% DIA ADD 10% T-BILLS,review,action_conflict
GRO,2022-12-27,1,ENTER,CAR,revere_20221227.png,revere_20221129.png,BUY 2% FCX & 5% DIA ADD 10% T-BILLS,review,action_conflict
GRO,2022-12-27,1,ENTER,CAT,revere_20221227.png,revere_20221129.png,BUY 2% FCX & 5% DIA ADD 10% T-BILLS,review,action_conflict
GRO,2022-12-27,1,ENTER,CRO,revere_20221227.png,revere_20221129.png,BUY 2% FCX & 5% DIA ADD 10% T-BILLS,review,action_conflict
GRO,2022-12-27,1,ENTER,FOUR,revere_20221227.png,revere_20221129.png,BUY 2% FCX & 5% DIA ADD 10% T-BILLS,review,action_conflict
GRO,2022-12-27,1,ENTER,MBLY,revere_20221227.png,revere_20221129.png,BUY 2% FCX & 5% DIA ADD 10% T-BILLS,review,action_conflict
GRO,2022-12-27,1,ENTER,NUGT,revere_20221227.png,revere_20221129.png,BUY 2% FCX & 5% DIA ADD 10% T-BILLS,review,action_conflict
GRO,2022-12-27,1,ENTER,ORLY,revere_20221227.png,revere_20221129.png,BUY 2% FCX & 5% DIA ADD 10% T-BILLS,review,action_conflict
GRO,2022-12-27,1,ENTER,PICK,revere_20221227.png,revere_20221129.png,BUY 2% FCX & 5% DIA ADD 10% T-BILLS,review,action_conflict
GRO,2022-12-27,1,ENTER,SCHW,revere_20221227.png,revere_20221129.png,BUY 2% FCX & 5% DIA ADD 10% T-BILLS,review,action_conflict
GRO,2022-12-27,1,ENTER,TIC,revere_20221227.png,revere_20221129.png,BUY 2% FCX & 5% DIA ADD 10% T-BILLS,review,action_conflict
GRO,2022-12-27,1,ENTER,TMOX,revere_20221227.png,revere_20221129.png,BUY 2% FCX & 5% DIA ADD 10% T-BILLS,review,action_conflict
GRO,2022-12-27,1,ENTER,VDE,revere_20221227.png,revere_20221129.png,BUY 2% FCX & 5% DIA ADD 10% T-BILLS,review,action_conflict
GRO,2022-12-27,1,ENTER,YALE,revere_20221227.png,revere_20221129.png,BUY 2% FCX & 5% DIA ADD 10% T-BILLS,review,action_conflict
GRO,2022-12-27,1,EXIT,AAPL,revere_20221227.png,revere_20221129.png,BUY 2% FCX & 5% DIA ADD 10% T-BILLS,review,action_conflict
GRO,2022-12-27,1,EXIT,AEHR,revere_20221227.png,revere_20221129.png,BUY 2% FCX & 5% DIA ADD 10% T-BILLS,review,action_conflict
GRO,2022-12-27,1,EXIT,ANET,revere_20221227.png,revere_20221129.png,BUY 2% FCX & 5% DIA ADD 10% T-BILLS,review,action_conflict
GRO,2022-12-27,1,EXIT,AXSM,revere_20221227.png,revere_20221129.png,BUY 2% FCX & 5% DIA ADD 10% T-BILLS,review,action_conflict
GRO,2022-12-27,1,EXIT,BKR,revere_20221227.png,revere_20221129.png,BUY 2% FCX & 5% DIA ADD 10% T-BILLS,review,action_conflict
GRO,2022-12-27,1,EXIT,HAL,revere_20221227.png,revere_20221129.png,BUY 2% FCX & 5% DIA ADD 10% T-BILLS,review,action_conflict
GRO,2022-12-27,1,EXIT,ILF,revere_20221227.png,revere_20221129.png,BUY 2% FCX & 5% DIA ADD 10% T-BILLS,review,action_conflict
GRO,2022-12-27,1,EXIT,ON,revere_20221227.png,revere_20221129.png,BUY 2% FCX & 5% DIA ADD 10% T-BILLS,review,action_conflict
GRO,2022-12-27,1,EXIT,WYNN,revere_20221227.png,revere_20221129.png,BUY 2% FCX & 5% DIA ADD 10% T-BILLS,review,action_conflict
GRO,2023-02-01,1,ENTER,ADOT,revere_20230201.png,revere_20221227.png,ADD BA+GDX+BROS BUY DT O-SELL TNA+AL TRIM 550,review,action_conflict
GRO,2023-02-01,1,ENTER,AEHR,revere_20230201.png,revere_20221227.png,ADD BA+GDX+BROS BUY DT O-SELL TNA+AL TRIM 550,review,action_conflict
GRO,2023-02-01,1,ENTER,AMD,revere_20230201.png,revere_20221227.png,ADD BA+GDX+BROS BUY DT O-SELL TNA+AL TRIM 550,review,action_conflict
GRO,2023-02-01,1,ENTER,FSLR,revere_20230201.png,revere_20221227.png,ADD BA+GDX+BROS BUY DT O-SELL TNA+AL TRIM 550,review,action_conflict
GRO,2023-02-01,1,ENTER,META,revere_20230201.png,revere_20221227.png,ADD BA+GDX+BROS BUY DT O-SELL TNA+AL TRIM 550,review,action_conflict
GRO,2023-02-01,1,ENTER,NVDA,revere_20230201.png,revere_20221227.png,ADD BA+GDX+BROS BUY DT O-SELL TNA+AL TRIM 550,review,action_conflict
GRO,2023-02-01,1,ENTER,OIH,revere_20230201.png,revere_20221227.png,ADD BA+GDX+BROS BUY DT O-SELL TNA+AL TRIM 550,review,action_conflict
GRO,2023-02-01,1,ENTER,ON,revere_20230201.png,revere_20221227.png,ADD BA+GDX+BROS BUY DT O-SELL TNA+AL TRIM 550,review,action_conflict
GRO,2023-02-01,1,ENTER,SHOX,revere_20230201.png,revere_20221227.png,ADD BA+GDX+BROS BUY DT O-SELL TNA+AL TRIM 550,review,action_conflict
GRO,2023-02-01,1,ENTER,TMDX,revere_20230201.png,revere_20221227.png,ADD BA+GDX+BROS BUY DT O-SELL TNA+AL TRIM 550,review,action_conflict
GRO,2023-02-01,1,ENTER,TSLA,revere_20230201.png,revere_20221227.png,ADD BA+GDX+BROS BUY DT O-SELL TNA+AL TRIM 550,review,action_conflict
GRO,2023-02-01,1,ENTER,XBI,revere_20230201.png,revere_20221227.png,ADD BA+GDX+BROS BUY DT O-SELL TNA+AL TRIM 550,review,action_conflict
GRO,2023-02-01,1,EXIT,AXDX,revere_20230201.png,revere_20221227.png,ADD BA+GDX+BROS BUY DT O-SELL TNA+AL TRIM 550,review,action_conflict
GRO,2023-02-01,1,EXIT,BHP,revere_20230201.png,revere_20221227.png,ADD BA+GDX+BROS BUY DT O-SELL TNA+AL TRIM 550,review,action_conflict
GRO,2023-02-01,1,EXIT,CAR,revere_20230201.png,revere_20221227.png,ADD BA+GDX+BROS BUY DT O-SELL TNA+AL TRIM 550,review,action_conflict
GRO,2023-02-01,1,EXIT,CAT,revere_20230201.png,revere_20221227.png,ADD BA+GDX+BROS BUY DT O-SELL TNA+AL TRIM 550,review,action_conflict
GRO,2023-02-01,1,EXIT,CRO,revere_20230201.png,revere_20221227.png,ADD BA+GDX+BROS BUY DT O-SELL TNA+AL TRIM 550,review,action_conflict
GRO,2023-02-01,1,EXIT,FCX,revere_20230201.png,revere_20221227.png,ADD BA+GDX+BROS BUY DT O-SELL TNA+AL TRIM 550,review,action_conflict
GRO,2023-02-01,1,EXIT,FOUR,revere_20230201.png,revere_20221227.png,ADD BA+GDX+BROS BUY DT O-SELL TNA+AL TRIM 550,review,action_conflict
GRO,2023-02-01,1,EXIT,IO,revere_20230201.png,revere_20221227.png,ADD BA+GDX+BROS BUY DT O-SELL TNA+AL TRIM 550,review,action_conflict
GRO,2023-02-01,1,EXIT,NUGT,revere_20230201.png,revere_20221227.png,ADD BA+GDX+BROS BUY DT O-SELL TNA+AL TRIM 550,review,action_conflict
GRO,2023-02-01,1,EXIT,ORLY,revere_20230201.png,revere_20221227.png,ADD BA+GDX+BROS BUY DT O-SELL TNA+AL TRIM 550,review,action_conflict
GRO,2023-02-01,1,EXIT,PICK,revere_20230201.png,revere_20221227.png,ADD BA+GDX+BROS BUY DT O-SELL TNA+AL TRIM 550,review,action_conflict
GRO,2023-02-01,1,EXIT,SCHW,revere_20230201.png,revere_20221227.png,ADD BA+GDX+BROS BUY DT O-SELL TNA+AL TRIM 550,review,action_conflict
GRO,2023-02-01,1,EXIT,SMCI,revere_20230201.png,revere_20221227.png,ADD BA+GDX+BROS BUY DT O-SELL TNA+AL TRIM 550,review,action_conflict
GRO,2023-02-01,1,EXIT,TIC,revere_20230201.png,revere_20221227.png,ADD BA+GDX+BROS BUY DT O-SELL TNA+AL TRIM 550,review,action_conflict
GRO,2023-02-01,1,EXIT,TMOX,revere_20230201.png,revere_20221227.png,ADD BA+GDX+BROS BUY DT O-SELL TNA+AL TRIM 550,review,action_conflict
GRO,2023-02-01,1,EXIT,VDE,revere_20230201.png,revere_20221227.png,ADD BA+GDX+BROS BUY DT O-SELL TNA+AL TRIM 550,review,action_conflict
GRO,2023-02-01,1,EXIT,YALE,revere_20230201.png,revere_20221227.png,ADD BA+GDX+BROS BUY DT O-SELL TNA+AL TRIM 550,review,action_conflict
GRO,2023-02-27,1,ENTER,ANET,revere_20230227.png,revere_20230201.png,"ADD TO SSO,NVDA,PANW TRIM TBT",review,action_conflict
GRO,2023-02-27,1,ENTER,DRAM,revere_20230227.png,revere_20230201.png,"ADD TO SSO,NVDA,PANW TRIM TBT",review,action_conflict
GRO,2023-02-27,1,ENTER,FLNC,revere_20230227.png,revere_20230201.png,"ADD TO SSO,NVDA,PANW TRIM TBT",review,action_conflict
GRO,2023-02-27,1,ENTER,MRNA,revere_20230227.png,revere_20230201.png,"ADD TO SSO,NVDA,PANW TRIM TBT",review,action_conflict
GRO,2023-02-27,1,ENTER,TBT,revere_20230227.png,revere_20230201.png,"ADD TO SSO,NVDA,PANW TRIM TBT",review,action_conflict
GRO,2023-02-27,1,ENTER,TMOX,revere_20230227.png,revere_20230201.png,"ADD TO SSO,NVDA,PANW TRIM TBT",review,action_conflict
GRO,2023-02-27,1,EXIT,ADOT,revere_20230227.png,revere_20230201.png,"ADD TO SSO,NVDA,PANW TRIM TBT",review,action_conflict
GRO,2023-02-27,1,EXIT,AEHR,revere_20230227.png,revere_20230201.png,"ADD TO SSO,NVDA,PANW TRIM TBT",review,action_conflict
GRO,2023-02-27,1,EXIT,AMD,revere_20230227.png,revere_20230201.png,"ADD TO SSO,NVDA,PANW TRIM TBT",review,action_conflict
GRO,2023-02-27,1,EXIT,BA,revere_20230227.png,revere_20230201.png,"ADD TO SSO,NVDA,PANW TRIM TBT",review,action_conflict
GRO,2023-02-27,1,EXIT,BROS,revere_20230227.png,revere_20230201.png,"ADD TO SSO,NVDA,PANW TRIM TBT",review,action_conflict
GRO,2023-02-27,1,EXIT,FSLR,revere_20230227.png,revere_20230201.png,"ADD TO SSO,NVDA,PANW TRIM TBT",review,action_conflict
GRO,2023-02-27,1,EXIT,GDX,revere_20230227.png,revere_20230201.png,"ADD TO SSO,NVDA,PANW TRIM TBT",review,action_conflict
GRO,2023-02-27,1,EXIT,MBLY,revere_20230227.png,revere_20230201.png,"ADD TO SSO,NVDA,PANW TRIM TBT",review,action_conflict
GRO,2023-02-27,1,EXIT,META,revere_20230227.png,revere_20230201.png,"ADD TO SSO,NVDA,PANW TRIM TBT",review,action_conflict
GRO,2023-02-27,1,EXIT,OIH,revere_20230227.png,revere_20230201.png,"ADD TO SSO,NVDA,PANW TRIM TBT",review,action_conflict
GRO,2023-02-27,1,EXIT,ON,revere_20230227.png,revere_20230201.png,"ADD TO SSO,NVDA,PANW TRIM TBT",review,action_conflict
GRO,2023-02-27,1,EXIT,SHOX,revere_20230227.png,revere_20230201.png,"ADD TO SSO,NVDA,PANW TRIM TBT",review,action_conflict
GRO,2023-02-27,1,EXIT,TMDX,revere_20230227.png,revere_20230201.png,"ADD TO SSO,NVDA,PANW TRIM TBT",review,action_conflict
GRO,2023-02-27,1,EXIT,XBI,revere_20230227.png,revere_20230201.png,"ADD TO SSO,NVDA,PANW TRIM TBT",review,action_conflict
GRO,2023-03-16,1,ENTER,AMD,revere_20230316.png,revere_20230227.png,ADD TO QLD BUY UPRO O-TRIM ANET,review,action_conflict
GRO,2023-03-16,1,ENTER,FOX,revere_20230316.png,revere_20230227.png,ADD TO QLD BUY UPRO O-TRIM ANET,review,action_conflict
GRO,2023-03-16,1,ENTER,LNTH,revere_20230316.png,revere_20230227.png,ADD TO QLD BUY UPRO O-TRIM ANET,review,action_conflict
GRO,2023-03-16,1,ENTER,ONON,revere_20230316.png,revere_20230227.png,ADD TO QLD BUY UPRO O-TRIM ANET,review,action_conflict
GRO,2023-03-16,1,ENTER,PDD,revere_20230316.png,revere_20230227.png,ADD TO QLD BUY UPRO O-TRIM ANET,review,action_conflict
GRO,2023-03-16,1,ENTER,SOXL,revere_20230316.png,revere_20230227.png,ADD TO QLD BUY UPRO O-TRIM ANET,review,action_conflict
GRO,2023-03-16,1,ENTER,SSO,revere_20230316.png,revere_20230227.png,ADD TO QLD BUY UPRO O-TRIM ANET,review,action_conflict
GRO,2023-03-16,1,ENTER,TMDX,revere_20230316.png,revere_20230227.png,ADD TO QLD BUY UPRO O-TRIM ANET,review,action_conflict
GRO,2023-03-16,1,EXIT,DRAM,revere_20230316.png,revere_20230227.png,ADD TO QLD BUY UPRO O-TRIM ANET,review,action_conflict
GRO,2023-03-16,1,EXIT,FLNC,revere_20230316.png,revere_20230227.png,ADD TO QLD BUY UPRO O-TRIM ANET,review,action_conflict
GRO,2023-03-16,1,EXIT,MRNA,revere_20230316.png,revere_20230227.png,ADD TO QLD BUY UPRO O-TRIM ANET,review,action_conflict
GRO,2023-03-16,1,EXIT,TBT,revere_20230316.png,revere_20230227.png,ADD TO QLD BUY UPRO O-TRIM ANET,review,action_conflict
GRO,2023-03-16,1,EXIT,TMOX,revere_20230316.png,revere_20230227.png,ADD TO QLD BUY UPRO O-TRIM ANET,review,action_conflict
GRO,2023-03-16,1,EXIT,TSLA,revere_20230316.png,revere_20230227.png,ADD TO QLD BUY UPRO O-TRIM ANET,review,action_conflict
GRO,2023-03-22,1,ENTER,FSLR,revere_20230322.png,revere_20230316.png,ADD TO ONON SELL UPRO TRIM QLD,review,action_conflict
GRO,2023-03-22,1,ENTER,GLD,revere_20230322.png,revere_20230316.png,ADD TO ONON SELL UPRO TRIM QLD,review,action_conflict
GRO,2023-03-22,1,ENTER,TMOX,revere_20230322.png,revere_20230316.png,ADD TO ONON SELL UPRO TRIM QLD,review,action_conflict
GRO,2023-03-22,1,ENTER,TSLA,revere_20230322.png,revere_20230316.png,ADD TO ONON SELL UPRO TRIM QLD,review,action_conflict
GRO,2023-03-22,1,EXIT,FOX,revere_20230322.png,revere_20230316.png,ADD TO ONON SELL UPRO TRIM QLD,review,action_conflict
GRO,2023-03-22,1,EXIT,LNTH,revere_20230322.png,revere_20230316.png,ADD TO ONON SELL UPRO TRIM QLD,review,action_conflict
GRO,2023-03-22,1,EXIT,NVDA,revere_20230322.png,revere_20230316.png,ADD TO ONON SELL UPRO TRIM QLD,review,action_conflict
GRO,2023-03-22,1,EXIT,PDD,revere_20230322.png,revere_20230316.png,ADD TO ONON SELL UPRO TRIM QLD,review,action_conflict
GRO,2023-03-22,1,EXIT,SSO,revere_20230322.png,revere_20230316.png,ADD TO ONON SELL UPRO TRIM QLD,review,action_conflict
GRO,2023-03-22,1,EXIT,TMDX,revere_20230322.png,revere_20230316.png,ADD TO ONON SELL UPRO TRIM QLD,review,action_conflict
GRO,2023-05-09,1,ENTER,ABNB,revere_20230509.png,revere_20230322.png,ADD TO LULU + UBER,review,action_conflict
GRO,2023-05-09,1,ENTER,AEHR,revere_20230509.png,revere_20230322.png,ADD TO LULU + UBER,review,action_conflict
GRO,2023-05-09,1,ENTER,CELH,revere_20230509.png,revere_20230322.png,ADD TO LULU + UBER,review,action_conflict
GRO,2023-05-09,1,ENTER,CMG,revere_20230509.png,revere_20230322.png,ADD TO LULU + UBER,review,action_conflict
GRO,2023-05-09,1,ENTER,DKNG,revere_20230509.png,revere_20230322.png,ADD TO LULU + UBER,review,action_conflict
GRO,2023-05-09,1,ENTER,FA,revere_20230509.png,revere_20230322.png,ADD TO LULU + UBER,review,action_conflict
GRO,2023-05-09,1,ENTER,LILI,revere_20230509.png,revere_20230322.png,ADD TO LULU + UBER,review,action_conflict
GRO,2023-05-09,1,ENTER,META,revere_20230509.png,revere_20230322.png,ADD TO LULU + UBER,review,action_conflict
GRO,2023-05-09,1,ENTER,MSFT,revere_20230509.png,revere_20230322.png,ADD TO LULU + UBER,review,action_conflict
GRO,2023-05-09,1,ENTER,NVIIA,revere_20230509.png,revere_20230322.png,ADD TO LULU + UBER,review,action_conflict
GRO,2023-05-09,1,ENTER,SSO,revere_20230509.png,revere_20230322.png,ADD TO LULU + UBER,review,action_conflict
GRO,2023-05-09,1,ENTER,SWAV,revere_20230509.png,revere_20230322.png,ADD TO LULU + UBER,review,action_conflict
GRO,2023-05-09,1,ENTER,TMA,revere_20230509.png,revere_20230322.png,ADD TO LULU + UBER,review,action_conflict
GRO,2023-05-09,1,ENTER,UPRO,revere_20230509.png,revere_20230322.png,ADD TO LULU + UBER,review,action_conflict
GRO,2023-05-09,1,EXIT,ANET,revere_20230509.png,revere_20230322.png,ADD TO LULU + UBER,review,action_conflict
GRO,2023-05-09,1,EXIT,FSLR,revere_20230509.png,revere_20230322.png,ADD TO LULU + UBER,review,action_conflict
GRO,2023-05-09,1,EXIT,PANW,revere_20230509.png,revere_20230322.png,ADD TO LULU + UBER,review,action_conflict
GRO,2023-05-09,1,EXIT,SOXL,revere_20230509.png,revere_20230322.png,ADD TO LULU + UBER,review,action_conflict
GRO,2023-05-09,1,EXIT,TMOX,revere_20230509.png,revere_20230322.png,ADD TO LULU + UBER,review,action_conflict
GRO,2023-05-09,1,EXIT,TSLA,revere_20230509.png,revere_20230322.png,ADD TO LULU + UBER,review,action_conflict
GRO,2023-06-30,1,ENTER,CAT,revere_20230630.png,revere_20230509.png,ADD TO CHAT BUY DRV,review,action_conflict
GRO,2023-06-30,1,ENTER,DT,revere_20230630.png,revere_20230509.png,ADD TO CHAT BUY DRV,review,action_conflict
GRO,2023-06-30,1,ENTER,MOB,revere_20230630.png,revere_20230509.png,ADD TO CHAT BUY DRV,review,action_conflict
GRO,2023-06-30,1,ENTER,NVDA,revere_20230630.png,revere_20230509.png,ADD TO CHAT BUY DRV,review,action_conflict
GRO,2023-06-30,1,ENTER,SMC,revere_20230630.png,revere_20230509.png,ADD TO CHAT BUY DRV,review,action_conflict
GRO,2023-06-30,1,ENTER,SOXL,revere_20230630.png,revere_20230509.png,ADD TO CHAT BUY DRV,review,action_conflict
GRO,2023-06-30,1,ENTER,TSA,revere_20230630.png,revere_20230509.png,ADD TO CHAT BUY DRV,review,action_conflict
GRO,2023-06-30,1,EXIT,ABNB,revere_20230630.png,revere_20230509.png,ADD TO CHAT BUY DRV,review,action_conflict
GRO,2023-06-30,1,EXIT,AEHR,revere_20230630.png,revere_20230509.png,ADD TO CHAT BUY DRV,review,action_conflict
GRO,2023-06-30,1,EXIT,AMD,revere_20230630.png,revere_20230509.png,ADD TO CHAT BUY DRV,review,action_conflict
GRO,2023-06-30,1,EXIT,CMG,revere_20230630.png,revere_20230509.png,ADD TO CHAT BUY DRV,review,action_conflict
GRO,2023-06-30,1,EXIT,DKNG,revere_20230630.png,revere_20230509.png,ADD TO CHAT BUY DRV,review,action_conflict
GRO,2023-06-30,1,EXIT,FA,revere_20230630.png,revere_20230509.png,ADD TO CHAT BUY DRV,review,action_conflict
GRO,2023-06-30,1,EXIT,GLD,revere_20230630.png,revere_20230509.png,ADD TO CHAT BUY DRV,review,action_conflict
GRO,2023-06-30,1,EXIT,LILI,revere_20230630.png,revere_20230509.png,ADD TO CHAT BUY DRV,review,action_conflict
GRO,2023-06-30,1,EXIT,META,revere_20230630.png,revere_20230509.png,ADD TO CHAT BUY DRV,review,action_conflict
GRO,2023-06-30,1,EXIT,MSFT,revere_20230630.png,revere_20230509.png,ADD TO CHAT BUY DRV,review,action_conflict
GRO,2023-06-30,1,EXIT,NVIIA,revere_20230630.png,revere_20230509.png,ADD TO CHAT BUY DRV,review,action_conflict
GRO,2023-06-30,1,EXIT,ONON,revere_20230630.png,revere_20230509.png,ADD TO CHAT BUY DRV,review,action_conflict
GRO,2023-06-30,1,EXIT,SWAV,revere_20230630.png,revere_20230509.png,ADD TO CHAT BUY DRV,review,action_conflict
GRO,2023-06-30,1,EXIT,UPRO,revere_20230630.png,revere_20230509.png,ADD TO CHAT BUY DRV,review,action_conflict
GRO,2023-08-23,1,ENTER,ANET,revere_20230823.png,revere_20230713.png,ADD TO UBER,review,action_conflict
GRO,2023-08-23,1,ENTER,GOOGL,revere_20230823.png,revere_20230713.png,ADD TO UBER,review,action_conflict
GRO,2023-08-23,1,ENTER,NRGU,revere_20230823.png,revere_20230713.png,ADD TO UBER,review,action_conflict
GRO,2023-08-23,1,ENTER,NVOA,revere_20230823.png,revere_20230713.png,ADD TO UBER,review,action_conflict
GRO,2023-08-23,1,ENTER,VRT,revere_20230823.png,revere_20230713.png,ADD TO UBER,review,action_conflict
GRO,2023-08-23,1,EXIT,CAT,revere_20230823.png,revere_20230713.png,ADD TO UBER,review,action_conflict
GRO,2023-08-23,1,EXIT,CELH,revere_20230823.png,revere_20230713.png,ADD TO UBER,review,action_conflict
GRO,2023-08-23,1,EXIT,CHAT,revere_20230823.png,revere_20230713.png,ADD TO UBER,review,action_conflict
GRO,2023-08-23,1,EXIT,DRV,revere_20230823.png,revere_20230713.png,ADD TO UBER,review,action_conflict
GRO,2023-08-23,1,EXIT,DT,revere_20230823.png,revere_20230713.png,ADD TO UBER,review,action_conflict
GRO,2023-08-23,1,EXIT,MOB,revere_20230823.png,revere_20230713.png,ADD TO UBER,review,action_conflict
GRO,2023-08-23,1,EXIT,TMA,revere_20230823.png,revere_20230713.png,ADD TO UBER,review,action_conflict
GRO,2023-08-23,1,EXIT,TSA,revere_20230823.png,revere_20230713.png,ADD TO UBER,review,action_conflict
GRO,2023-10-30,1,ENTER,GLD,revere_20231030.png,revere_20230823.png,BUY BITO,review,action_conflict
GRO,2023-10-30,1,ENTER,PDAC,revere_20231030.png,revere_20230823.png,BUY BITO,review,action_conflict
GRO,2023-10-30,1,EXIT,ANET,revere_20231030.png,revere_20230823.png,BUY BITO,review,action_conflict
GRO,2023-10-30,1,EXIT,GOOGL,revere_20231030.png,revere_20230823.png,BUY BITO,review,action_conflict
GRO,2023-10-30,1,EXIT,NRGU,revere_20231030.png,revere_20230823.png,BUY BITO,review,action_conflict
GRO,2023-10-30,1,EXIT,NVDA,revere_20231030.png,revere_20230823.png,BUY BITO,review,action_conflict
GRO,2023-10-30,1,EXIT,NVOA,revere_20231030.png,revere_20230823.png,BUY BITO,review,action_conflict
GRO,2023-10-30,1,EXIT,SMC,revere_20231030.png,revere_20230823.png,BUY BITO,review,action_conflict
GRO,2023-10-30,1,EXIT,SOXL,revere_20231030.png,revere_20230823.png,BUY BITO,review,action_conflict
GRO,2023-10-30,1,EXIT,SSO,revere_20231030.png,revere_20230823.png,BUY BITO,review,action_conflict
GRO,2023-10-30,1,EXIT,UBER,revere_20231030.png,revere_20230823.png,BUY BITO,review,action_conflict
GRO,2023-10-30,1,EXIT,VRT,revere_20231030.png,revere_20230823.png,BUY BITO,review,action_conflict
GRO,2023-11-28,1,ENTER,AAPL,revere_20231128.png,revere_20231030.png,SELL DKNG BUY PDD ADD TO QLD + TSLA,review,action_conflict
GRO,2023-11-28,1,ENTER,AMD,revere_20231128.png,revere_20231030.png,SELL DKNG BUY PDD ADD TO QLD + TSLA,review,action_conflict
GRO,2023-11-28,1,ENTER,ANET,revere_20231128.png,revere_20231030.png,SELL DKNG BUY PDD ADD TO QLD + TSLA,review,action_conflict
GRO,2023-11-28,1,ENTER,CC,revere_20231128.png,revere_20231030.png,SELL DKNG BUY PDD ADD TO QLD + TSLA,review,action_conflict
GRO,2023-11-28,1,ENTER,CRWD,revere_20231128.png,revere_20231030.png,SELL DKNG BUY PDD ADD TO QLD + TSLA,review,action_conflict
GRO,2023-11-28,1,ENTER,DELL,revere_20231128.png,revere_20231030.png,SELL DKNG BUY PDD ADD TO QLD + TSLA,review,action_conflict
GRO,2023-11-28,1,ENTER,DKNG,revere_20231128.png,revere_20231030.png,SELL DKNG BUY PDD ADD TO QLD + TSLA,review,action_conflict
GRO,2023-11-28,1,ENTER,ETHA,revere_20231128.png,revere_20231030.png,SELL DKNG BUY PDD ADD TO QLD + TSLA,review,action_conflict
GRO,2023-11-28,1,ENTER,FLY,revere_20231128.png,revere_20231030.png,SELL DKNG BUY PDD ADD TO QLD + TSLA,review,action_conflict
GRO,2023-11-28,1,ENTER,IBIT,revere_20231128.png,revere_20231030.png,SELL DKNG BUY PDD ADD TO QLD + TSLA,review,action_conflict
GRO,2023-11-28,1,ENTER,LLY,revere_20231128.png,revere_20231030.png,SELL DKNG BUY PDD ADD TO QLD + TSLA,review,action_conflict
GRO,2023-11-28,1,ENTER,NRGU,revere_20231128.png,revere_20231030.png,SELL DKNG BUY PDD ADD TO QLD + TSLA,review,action_conflict
GRO,2023-11-28,1,ENTER,NVDA,revere_20231128.png,revere_20231030.png,SELL DKNG BUY PDD ADD TO QLD + TSLA,review,action_conflict
GRO,2023-11-28,1,ENTER,NVOA,revere_20231128.png,revere_20231030.png,SELL DKNG BUY PDD ADD TO QLD + TSLA,review,action_conflict
GRO,2023-11-28,1,ENTER,OG,revere_20231128.png,revere_20231030.png,SELL DKNG BUY PDD ADD TO QLD + TSLA,review,action_conflict
GRO,2023-11-28,1,EXIT,BITO,revere_20231128.png,revere_20231030.png,SELL DKNG BUY PDD ADD TO QLD + TSLA,review,action_conflict
GRO,2023-11-28,1,EXIT,PDAC,revere_20231128.png,revere_20231030.png,SELL DKNG BUY PDD ADD TO QLD + TSLA,review,action_conflict
GRO,2024-03-01,1,ENTER,AAO,revere_20240301.png,revere_20231128.png,BUY TNA ADD TA WFRD,review,action_conflict
GRO,2024-03-01,1,ENTER,GLI,revere_20240301.png,revere_20231128.png,BUY TNA ADD TA WFRD,review,action_conflict
GRO,2024-03-01,1,ENTER,LABU,revere_20240301.png,revere_20231128.png,BUY TNA ADD TA WFRD,review,action_conflict
GRO,2024-03-01,1,ENTER,LY,revere_20240301.png,revere_20231128.png,BUY TNA ADD TA WFRD,review,action_conflict
GRO,2024-03-01,1,ENTER,NTC,revere_20240301.png,revere_20231128.png,BUY TNA ADD TA WFRD,review,action_conflict
GRO,2024-03-01,1,ENTER,PLTR,revere_20240301.png,revere_20231128.png,BUY TNA ADD TA WFRD,review,action_conflict
GRO,2024-03-01,1,ENTER,SHED,revere_20240301.png,revere_20231128.png,BUY TNA ADD TA WFRD,review,action_conflict
GRO,2024-03-01,1,ENTER,SPXL,revere_20240301.png,revere_20231128.png,BUY TNA ADD TA WFRD,review,action_conflict
GRO,2024-03-01,1,ENTER,SSC,revere_20240301.png,revere_20231128.png,BUY TNA ADD TA WFRD,review,action_conflict
GRO,2024-03-01,1,ENTER,SSO,revere_20240301.png,revere_20231128.png,BUY TNA ADD TA WFRD,review,action_conflict
GRO,2024-03-01,1,ENTER,UBER,revere_20240301.png,revere_20231128.png,BUY TNA ADD TA WFRD,review,action_conflict
GRO,2024-03-01,1,EXIT,AAPL,revere_20240301.png,revere_20231128.png,BUY TNA ADD TA WFRD,review,action_conflict
GRO,2024-03-01,1,EXIT,AMD,revere_20240301.png,revere_20231128.png,BUY TNA ADD TA WFRD,review,action_conflict
GRO,2024-03-01,1,EXIT,ANET,revere_20240301.png,revere_20231128.png,BUY TNA ADD TA WFRD,review,action_conflict
GRO,2024-03-01,1,EXIT,CC,revere_20240301.png,revere_20231128.png,BUY TNA ADD TA WFRD,review,action_conflict
GRO,2024-03-01,1,EXIT,DELL,revere_20240301.png,revere_20231128.png,BUY TNA ADD TA WFRD,review,action_conflict
GRO,2024-03-01,1,EXIT,DKNG,revere_20240301.png,revere_20231128.png,BUY TNA ADD TA WFRD,review,action_conflict
GRO,2024-03-01,1,EXIT,ETHA,revere_20240301.png,revere_20231128.png,BUY TNA ADD TA WFRD,review,action_conflict
GRO,2024-03-01,1,EXIT,FLY,revere_20240301.png,revere_20231128.png,BUY TNA ADD TA WFRD,review,action_conflict
GRO,2024-03-01,1,EXIT,GLD,revere_20240301.png,revere_20231128.png,BUY TNA ADD TA WFRD,review,action_conflict
GRO,2024-03-01,1,EXIT,LLY,revere_20240301.png,revere_20231128.png,BUY TNA ADD TA WFRD,review,action_conflict
GRO,2024-03-01,1,EXIT,NVOA,revere_20240301.png,revere_20231128.png,BUY TNA ADD TA WFRD,review,action_conflict
GRO,2024-03-01,1,EXIT,OG,revere_20240301.png,revere_20231128.png,BUY TNA ADD TA WFRD,review,action_conflict
GRO,2024-03-01,1,EXIT,TSLA,revere_20240301.png,revere_20231128.png,BUY TNA ADD TA WFRD,review,action_conflict
GRO,2024-04-16,1,ENTER,JL,revere_20240416.png,revere_20240301.png,"SELL MU, LLY, VDE CLOSE HEDGE/SPXS",review,action_conflict
GRO,2024-04-16,1,ENTER,MU,revere_20240416.png,revere_20240301.png,"SELL MU, LLY, VDE CLOSE HEDGE/SPXS",review,action_conflict
GRO,2024-04-16,1,ENTER,SNOX,revere_20240416.png,revere_20240301.png,"SELL MU, LLY, VDE CLOSE HEDGE/SPXS",review,action_conflict
GRO,2024-04-16,1,ENTER,VDE,revere_20240416.png,revere_20240301.png,"SELL MU, LLY, VDE CLOSE HEDGE/SPXS",review,action_conflict
GRO,2024-04-16,1,EXIT,AAO,revere_20240416.png,revere_20240301.png,"SELL MU, LLY, VDE CLOSE HEDGE/SPXS",review,action_conflict
GRO,2024-04-16,1,EXIT,CRWD,revere_20240416.png,revere_20240301.png,"SELL MU, LLY, VDE CLOSE HEDGE/SPXS",review,action_conflict
GRO,2024-04-16,1,EXIT,GLI,revere_20240416.png,revere_20240301.png,"SELL MU, LLY, VDE CLOSE HEDGE/SPXS",review,action_conflict
GRO,2024-04-16,1,EXIT,IBIT,revere_20240416.png,revere_20240301.png,"SELL MU, LLY, VDE CLOSE HEDGE/SPXS",review,action_conflict
GRO,2024-04-16,1,EXIT,LABU,revere_20240416.png,revere_20240301.png,"SELL MU, LLY, VDE CLOSE HEDGE/SPXS",review,action_conflict
GRO,2024-04-16,1,EXIT,NRGU,revere_20240416.png,revere_20240301.png,"SELL MU, LLY, VDE CLOSE HEDGE/SPXS",review,action_conflict
GRO,2024-04-16,1,EXIT,NTC,revere_20240416.png,revere_20240301.png,"SELL MU, LLY, VDE CLOSE HEDGE/SPXS",review,action_conflict
GRO,2024-04-16,1,EXIT,PLTR,revere_20240416.png,revere_20240301.png,"SELL MU, LLY, VDE CLOSE HEDGE/SPXS",review,action_conflict
GRO,2024-04-16,1,EXIT,SHED,revere_20240416.png,revere_20240301.png,"SELL MU, LLY, VDE CLOSE HEDGE/SPXS",review,action_conflict
GRO,2024-04-16,1,EXIT,SSC,revere_20240416.png,revere_20240301.png,"SELL MU, LLY, VDE CLOSE HEDGE/SPXS",review,action_conflict
GRO,2024-04-16,1,EXIT,SSO,revere_20240416.png,revere_20240301.png,"SELL MU, LLY, VDE CLOSE HEDGE/SPXS",review,action_conflict
GRO,2024-04-16,1,EXIT,TNA,revere_20240416.png,revere_20240301.png,"SELL MU, LLY, VDE CLOSE HEDGE/SPXS",review,action_conflict
GRO,2024-04-16,1,EXIT,UBER,revere_20240416.png,revere_20240301.png,"SELL MU, LLY, VDE CLOSE HEDGE/SPXS",review,action_conflict
GRO,2024-04-16,1,EXIT,WFRD,revere_20240416.png,revere_20240301.png,"SELL MU, LLY, VDE CLOSE HEDGE/SPXS",review,action_conflict
GRO,2024-05-17,1,ENTER,CAR,revere_20240517.png,revere_20240416.png,ADD TO IBIT BUY ERX,review,action_conflict
GRO,2024-05-17,1,ENTER,CAVA,revere_20240517.png,revere_20240416.png,ADD TO IBIT BUY ERX,review,action_conflict
GRO,2024-05-17,1,ENTER,CEG,revere_20240517.png,revere_20240416.png,ADD TO IBIT BUY ERX,review,action_conflict
GRO,2024-05-17,1,ENTER,CRWD,revere_20240517.png,revere_20240416.png,ADD TO IBIT BUY ERX,review,action_conflict
GRO,2024-05-17,1,ENTER,FCX,revere_20240517.png,revere_20240416.png,ADD TO IBIT BUY ERX,review,action_conflict
GRO,2024-05-17,1,ENTER,GDXU,revere_20240517.png,revere_20240416.png,ADD TO IBIT BUY ERX,review,action_conflict
GRO,2024-05-17,1,ENTER,NVT,revere_20240517.png,revere_20240416.png,ADD TO IBIT BUY ERX,review,action_conflict
GRO,2024-05-17,1,ENTER,PDD,revere_20240517.png,revere_20240416.png,ADD TO IBIT BUY ERX,review,action_conflict
GRO,2024-05-17,1,ENTER,SLR,revere_20240517.png,revere_20240416.png,ADD TO IBIT BUY ERX,review,action_conflict
GRO,2024-05-17,1,ENTER,SPLG,revere_20240517.png,revere_20240416.png,ADD TO IBIT BUY ERX,review,action_conflict
GRO,2024-05-17,1,ENTER,SPYM,revere_20240517.png,revere_20240416.png,ADD TO IBIT BUY ERX,review,action_conflict
GRO,2024-05-17,1,ENTER,SSO,revere_20240517.png,revere_20240416.png,ADD TO IBIT BUY ERX,review,action_conflict
GRO,2024-05-17,1,ENTER,STG,revere_20240517.png,revere_20240416.png,ADD TO IBIT BUY ERX,review,action_conflict
GRO,2024-05-17,1,ENTER,UPRO,revere_20240517.png,revere_20240416.png,ADD TO IBIT BUY ERX,review,action_conflict
GRO,2024-05-17,1,EXIT,JL,revere_20240517.png,revere_20240416.png,ADD TO IBIT BUY ERX,review,action_conflict
GRO,2024-05-17,1,EXIT,LY,revere_20240517.png,revere_20240416.png,ADD TO IBIT BUY ERX,review,action_conflict
GRO,2024-05-17,1,EXIT,SPXL,revere_20240517.png,revere_20240416.png,ADD TO IBIT BUY ERX,review,action_conflict
GRO,2024-05-17,1,EXIT,VDE,revere_20240517.png,revere_20240416.png,ADD TO IBIT BUY ERX,review,action_conflict
GRO,2024-06-13,1,ENTER,AAPL,revere_20240613.png,revere_20240517.png,BUY SMCI,review,action_conflict
GRO,2024-06-13,1,ENTER,COIN,revere_20240613.png,revere_20240517.png,BUY SMCI,review,action_conflict
GRO,2024-06-13,1,ENTER,NVA,revere_20240613.png,revere_20240517.png,BUY SMCI,review,action_conflict
GRO,2024-06-13,1,ENTER,ONON,revere_20240613.png,revere_20240517.png,BUY SMCI,review,action_conflict
GRO,2024-06-13,1,ENTER,SNSIO,revere_20240613.png,revere_20240517.png,BUY SMCI,review,action_conflict
GRO,2024-06-13,1,ENTER,SPHL,revere_20240613.png,revere_20240517.png,BUY SMCI,review,action_conflict
GRO,2024-06-13,1,ENTER,TMDX,revere_20240613.png,revere_20240517.png,BUY SMCI,review,action_conflict
GRO,2024-06-13,1,EXIT,CAR,revere_20240613.png,revere_20240517.png,BUY SMCI,review,action_conflict
GRO,2024-06-13,1,EXIT,CEG,revere_20240613.png,revere_20240517.png,BUY SMCI,review,action_conflict
GRO,2024-06-13,1,EXIT,ERX,revere_20240613.png,revere_20240517.png,BUY SMCI,review,action_conflict
GRO,2024-06-13,1,EXIT,FCX,revere_20240613.png,revere_20240517.png,BUY SMCI,review,action_conflict
GRO,2024-06-13,1,EXIT,GDXU,revere_20240613.png,revere_20240517.png,BUY SMCI,review,action_conflict
GRO,2024-06-13,1,EXIT,NVDA,revere_20240613.png,revere_20240517.png,BUY SMCI,review,action_conflict
GRO,2024-06-13,1,EXIT,PDD,revere_20240613.png,revere_20240517.png,BUY SMCI,review,action_conflict
GRO,2024-06-13,1,EXIT,SNOX,revere_20240613.png,revere_20240517.png,BUY SMCI,review,action_conflict
GRO,2024-06-13,1,EXIT,SPYM,revere_20240613.png,revere_20240517.png,BUY SMCI,review,action_conflict
GRO,2024-07-10,1,ENTER,AMZN,revere_20240710.png,revere_20240613.png,SELL TMDX + CAVA TRIM CRWD BUY GLW + CCL,review,action_conflict
GRO,2024-07-10,1,ENTER,ARM,revere_20240710.png,revere_20240613.png,SELL TMDX + CAVA TRIM CRWD BUY GLW + CCL,review,action_conflict
GRO,2024-07-10,1,ENTER,CCI,revere_20240710.png,revere_20240613.png,SELL TMDX + CAVA TRIM CRWD BUY GLW + CCL,review,action_conflict
GRO,2024-07-10,1,ENTER,CRWO,revere_20240710.png,revere_20240613.png,SELL TMDX + CAVA TRIM CRWD BUY GLW + CCL,review,action_conflict
GRO,2024-07-10,1,ENTER,FSLY,revere_20240710.png,revere_20240613.png,SELL TMDX + CAVA TRIM CRWD BUY GLW + CCL,review,action_conflict
GRO,2024-07-10,1,ENTER,GEW,revere_20240710.png,revere_20240613.png,SELL TMDX + CAVA TRIM CRWD BUY GLW + CCL,review,action_conflict
GRO,2024-07-10,1,ENTER,LWM,revere_20240710.png,revere_20240613.png,SELL TMDX + CAVA TRIM CRWD BUY GLW + CCL,review,action_conflict
GRO,2024-07-10,1,ENTER,META,revere_20240710.png,revere_20240613.png,SELL TMDX + CAVA TRIM CRWD BUY GLW + CCL,review,action_conflict
GRO,2024-07-10,1,ENTER,NVDA,revere_20240710.png,revere_20240613.png,SELL TMDX + CAVA TRIM CRWD BUY GLW + CCL,review,action_conflict
GRO,2024-07-10,1,ENTER,RSP,revere_20240710.png,revere_20240613.png,SELL TMDX + CAVA TRIM CRWD BUY GLW + CCL,review,action_conflict
GRO,2024-07-10,1,ENTER,SPXL,revere_20240710.png,revere_20240613.png,SELL TMDX + CAVA TRIM CRWD BUY GLW + CCL,review,action_conflict
GRO,2024-07-10,1,ENTER,TMOX,revere_20240710.png,revere_20240613.png,SELL TMDX + CAVA TRIM CRWD BUY GLW + CCL,review,action_conflict
GRO,2024-07-10,1,ENTER,UBER,revere_20240710.png,revere_20240613.png,SELL TMDX + CAVA TRIM CRWD BUY GLW + CCL,review,action_conflict
GRO,2024-07-10,1,EXIT,COIN,revere_20240710.png,revere_20240613.png,SELL TMDX + CAVA TRIM CRWD BUY GLW + CCL,review,action_conflict
GRO,2024-07-10,1,EXIT,CRWD,revere_20240710.png,revere_20240613.png,SELL TMDX + CAVA TRIM CRWD BUY GLW + CCL,review,action_conflict
GRO,2024-07-10,1,EXIT,IBIT,revere_20240710.png,revere_20240613.png,SELL TMDX + CAVA TRIM CRWD BUY GLW + CCL,review,action_conflict
GRO,2024-07-10,1,EXIT,MU,revere_20240710.png,revere_20240613.png,SELL TMDX + CAVA TRIM CRWD BUY GLW + CCL,review,action_conflict
GRO,2024-07-10,1,EXIT,NVA,revere_20240710.png,revere_20240613.png,SELL TMDX + CAVA TRIM CRWD BUY GLW + CCL,review,action_conflict
GRO,2024-07-10,1,EXIT,NVT,revere_20240710.png,revere_20240613.png,SELL TMDX + CAVA TRIM CRWD BUY GLW + CCL,review,action_conflict
GRO,2024-07-10,1,EXIT,ONON,revere_20240710.png,revere_20240613.png,SELL TMDX + CAVA TRIM CRWD BUY GLW + CCL,review,action_conflict
GRO,2024-07-10,1,EXIT,SLR,revere_20240710.png,revere_20240613.png,SELL TMDX + CAVA TRIM CRWD BUY GLW + CCL,review,action_conflict
GRO,2024-07-10,1,EXIT,SNSIO,revere_20240710.png,revere_20240613.png,SELL TMDX + CAVA TRIM CRWD BUY GLW + CCL,review,action_conflict
GRO,2024-07-10,1,EXIT,SPHL,revere_20240710.png,revere_20240613.png,SELL TMDX + CAVA TRIM CRWD BUY GLW + CCL,review,action_conflict
GRO,2024-07-10,1,EXIT,STG,revere_20240710.png,revere_20240613.png,SELL TMDX + CAVA TRIM CRWD BUY GLW + CCL,review,action_conflict
GRO,2024-12-07,1,ENTER,AKLE,revere_20241207.png,revere_20240710.png,TRIM GTLB BUY COIN + $50,review,action_conflict
GRO,2024-12-07,1,ENTER,CRCL,revere_20241207.png,revere_20240710.png,TRIM GTLB BUY COIN + $50,review,action_conflict
GRO,2024-12-07,1,ENTER,IO,revere_20241207.png,revere_20240710.png,TRIM GTLB BUY COIN + $50,review,action_conflict
GRO,2024-12-07,1,ENTER,NAIL,revere_20241207.png,revere_20240710.png,TRIM GTLB BUY COIN + $50,review,action_conflict
GRO,2024-12-07,1,ENTER,NRGU,revere_20241207.png,revere_20240710.png,TRIM GTLB BUY COIN + $50,review,action_conflict
GRO,2024-12-07,1,ENTER,NUGT,revere_20241207.png,revere_20240710.png,TRIM GTLB BUY COIN + $50,review,action_conflict
GRO,2024-12-07,1,ENTER,ONDS,revere_20241207.png,revere_20240710.png,TRIM GTLB BUY COIN + $50,review,action_conflict
GRO,2024-12-07,1,ENTER,SNOW,revere_20241207.png,revere_20240710.png,TRIM GTLB BUY COIN + $50,review,action_conflict
GRO,2024-12-07,1,ENTER,SOXL,revere_20241207.png,revere_20240710.png,TRIM GTLB BUY COIN + $50,review,action_conflict
GRO,2024-12-07,1,ENTER,SVN,revere_20241207.png,revere_20240710.png,TRIM GTLB BUY COIN + $50,review,action_conflict
GRO,2024-12-07,1,ENTER,TNA,revere_20241207.png,revere_20240710.png,TRIM GTLB BUY COIN + $50,review,action_conflict
GRO,2024-12-07,1,ENTER,USRP,revere_20241207.png,revere_20240710.png,TRIM GTLB BUY COIN + $50,review,action_conflict
GRO,2024-12-07,1,EXIT,AAPL,revere_20241207.png,revere_20240710.png,TRIM GTLB BUY COIN + $50,review,action_conflict
GRO,2024-12-07,1,EXIT,AMZN,revere_20241207.png,revere_20240710.png,TRIM GTLB BUY COIN + $50,review,action_conflict
GRO,2024-12-07,1,EXIT,ARM,revere_20241207.png,revere_20240710.png,TRIM GTLB BUY COIN + $50,review,action_conflict
GRO,2024-12-07,1,EXIT,CAVA,revere_20241207.png,revere_20240710.png,TRIM GTLB BUY COIN + $50,review,action_conflict
GRO,2024-12-07,1,EXIT,CCI,revere_20241207.png,revere_20240710.png,TRIM GTLB BUY COIN + $50,review,action_conflict
GRO,2024-12-07,1,EXIT,CRWO,revere_20241207.png,revere_20240710.png,TRIM GTLB BUY COIN + $50,review,action_conflict
GRO,2024-12-07,1,EXIT,FSLY,revere_20241207.png,revere_20240710.png,TRIM GTLB BUY COIN + $50,review,action_conflict
GRO,2024-12-07,1,EXIT,GEW,revere_20241207.png,revere_20240710.png,TRIM GTLB BUY COIN + $50,review,action_conflict
GRO,2024-12-07,1,EXIT,LWM,revere_20241207.png,revere_20240710.png,TRIM GTLB BUY COIN + $50,review,action_conflict
GRO,2024-12-07,1,EXIT,META,revere_20241207.png,revere_20240710.png,TRIM GTLB BUY COIN + $50,review,action_conflict
GRO,2024-12-07,1,EXIT,NVDA,revere_20241207.png,revere_20240710.png,TRIM GTLB BUY COIN + $50,review,action_conflict
GRO,2024-12-07,1,EXIT,RSP,revere_20241207.png,revere_20240710.png,TRIM GTLB BUY COIN + $50,review,action_conflict
GRO,2024-12-07,1,EXIT,SMCI,revere_20241207.png,revere_20240710.png,TRIM GTLB BUY COIN + $50,review,action_conflict
GRO,2024-12-07,1,EXIT,SPLG,revere_20241207.png,revere_20240710.png,TRIM GTLB BUY COIN + $50,review,action_conflict
GRO,2024-12-07,1,EXIT,SSO,revere_20241207.png,revere_20240710.png,TRIM GTLB BUY COIN + $50,review,action_conflict
GRO,2024-12-07,1,EXIT,TMOX,revere_20241207.png,revere_20240710.png,TRIM GTLB BUY COIN + $50,review,action_conflict
GRO,2024-12-07,1,EXIT,UBER,revere_20241207.png,revere_20240710.png,TRIM GTLB BUY COIN + $50,review,action_conflict
GRO,2024-12-07,1,EXIT,UPRO,revere_20241207.png,revere_20240710.png,TRIM GTLB BUY COIN + $50,review,action_conflict
GRO,2025-07-14,1,ENTER,AAPL,revere_20250714.png,revere_20250606.png,BUY AVAV,review,action_conflict
GRO,2025-07-14,1,ENTER,COIN,revere_20250714.png,revere_20250606.png,BUY AVAV,review,action_conflict
GRO,2025-07-14,1,ENTER,NVDA,revere_20250714.png,revere_20250606.png,BUY AVAV,review,action_conflict
GRO,2025-07-14,1,ENTER,UBER,revere_20250714.png,revere_20250606.png,BUY AVAV,review,action_conflict
GRO,2025-07-14,1,EXIT,BROS,revere_20250714.png,revere_20250606.png,BUY AVAV,review,action_conflict
GRO,2025-07-14,1,EXIT,HIMS,revere_20250714.png,revere_20250606.png,BUY AVAV,review,action_conflict
GRO,2025-07-14,1,EXIT,NFLX,revere_20250714.png,revere_20250606.png,BUY AVAV,review,action_conflict
GRO,2025-07-14,1,EXIT,NVOA,revere_20250714.png,revere_20250606.png,BUY AVAV,review,action_conflict
GRO,2025-07-14,1,EXIT,SPOT,revere_20250714.png,revere_20250606.png,BUY AVAV,review,action_conflict
TURBO,2025-07-14,1,ENTER,COIN,revere_20250714.png,revere_20250606.png,ADD TO ASTS,review,action_conflict
TURBO,2025-07-14,1,ENTER,LEU,revere_20250714.png,revere_20250606.png,ADD TO ASTS,review,action_conflict
TURBO,2025-07-14,1,ENTER,RBRK,revere_20250714.png,revere_20250606.png,ADD TO ASTS,review,action_conflict
TURBO,2025-07-14,1,ENTER,RDDT,revere_20250714.png,revere_20250606.png,ADD TO ASTS,review,action_conflict
TURBO,2025-07-14,1,EXIT,EWZ,revere_20250714.png,revere_20250606.png,ADD TO ASTS,review,action_conflict
TURBO,2025-07-14,1,EXIT,HIMS,revere_20250714.png,revere_20250606.png,ADD TO ASTS,review,action_conflict
TURBO,2025-07-14,1,EXIT,RKLB,revere_20250714.png,revere_20250606.png,ADD TO ASTS,review,action_conflict
TURBO,2025-07-14,1,EXIT,UBER,revere_20250714.png,revere_20250606.png,ADD TO ASTS,review,action_conflict
GRO,2025-07-16,1,ENTER,SSO,revere_20250716.png,revere_20250714.png,SELL UBER,review,action_conflict
TURBO,2025-07-16,1,EXIT,LEU,revere_20250716.png,revere_20250714.png,SELL RDDT,review,action_conflict
TURBO,2025-08-27,1,ENTER,ALAB,revere_20250827.png,revere_20250716.png,SELL BMNR,review,action_conflict
TURBO,2025-08-27,1,ENTER,BE,revere_20250827.png,revere_20250716.png,SELL BMNR,review,action_conflict
TURBO,2025-08-27,1,ENTER,MP,revere_20250827.png,revere_20250716.png,SELL BMNR,review,action_conflict
TURBO,2025-08-27,1,ENTER,NAIL,revere_20250827.png,revere_20250716.png,SELL BMNR,review,action_conflict
TURBO,2025-08-27,1,ENTER,TNA,revere_20250827.png,revere_20250716.png,SELL BMNR,review,action_conflict
TURBO,2025-08-27,1,ENTER,TQQQ,revere_20250827.png,revere_20250716.png,SELL BMNR,review,action_conflict
TURBO,2025-08-27,1,ENTER,TSLA,revere_20250827.png,revere_20250716.png,SELL BMNR,review,action_conflict
TURBO,2025-08-27,1,ENTER,XXRP,revere_20250827.png,revere_20250716.png,SELL BMNR,review,action_conflict
TURBO,2025-08-27,1,EXIT,ASTS,revere_20250827.png,revere_20250716.png,SELL BMNR,review,action_conflict
TURBO,2025-08-27,1,EXIT,COIN,revere_20250827.png,revere_20250716.png,SELL BMNR,review,action_conflict
TURBO,2025-08-27,1,EXIT,QLD,revere_20250827.png,revere_20250716.png,SELL BMNR,review,action_conflict
TURBO,2025-08-27,1,EXIT,RBRK,revere_20250827.png,revere_20250716.png,SELL BMNR,review,action_conflict
GRO,2025-09-03,1,ENTER,ETHA,revere_20250903.png,revere_20250827.png,BUY TSLA + NAIL,review,action_conflict
GRO,2025-09-03,1,ENTER,MDB,revere_20250903.png,revere_20250827.png,BUY TSLA + NAIL,review,action_conflict
GRO,2025-09-03,1,ENTER,MP,revere_20250903.png,revere_20250827.png,BUY TSLA + NAIL,review,action_conflict
GRO,2025-09-03,1,ENTER,RDDT,revere_20250903.png,revere_20250827.png,BUY TSLA + NAIL,review,action_conflict
GRO,2025-09-03,1,ENTER,SE,revere_20250903.png,revere_20250827.png,BUY TSLA + NAIL,review,action_conflict
GRO,2025-09-03,1,ENTER,SNOW,revere_20250903.png,revere_20250827.png,BUY TSLA + NAIL,review,action_conflict
GRO,2025-09-03,1,EXIT,AAPL,revere_20250903.png,revere_20250827.png,BUY TSLA + NAIL,review,action_conflict
GRO,2025-09-03,1,EXIT,AVAV,revere_20250903.png,revere_20250827.png,BUY TSLA + NAIL,review,action_conflict
GRO,2025-09-03,1,EXIT,COIN,revere_20250903.png,revere_20250827.png,BUY TSLA + NAIL,review,action_conflict
GRO,2025-09-03,1,EXIT,GEV,revere_20250903.png,revere_20250827.png,BUY TSLA + NAIL,review,action_conflict
GRO,2025-09-03,1,EXIT,IBIT,revere_20250903.png,revere_20250827.png,BUY TSLA + NAIL,review,action_conflict
GRO,2025-09-03,1,EXIT,PLTR,revere_20250903.png,revere_20250827.png,BUY TSLA + NAIL,review,action_conflict
TURBO,2025-09-03,1,EXIT,IBIT,revere_20250903.png,revere_20250827.png,SELL GEV TRIM TQQQ + HOOD BUY SOLT,review,action_conflict
TURBO,2025-09-03,1,EXIT,MP,revere_20250903.png,revere_20250827.png,SELL GEV TRIM TQQQ + HOOD BUY SOLT,review,action_conflict
TURBO,2025-09-03,1,EXIT,XXRP,revere_20250903.png,revere_20250827.png,SELL GEV TRIM TQQQ + HOOD BUY SOLT,review,action_conflict
TURBO,2025-09-05,1,EXIT,BABA,revere_20250905.png,revere_20250904.png,SELL GEV TRIM TQQQ + HOOD BUY SOLT,review,action_conflict
TURBO,2025-09-05,1,EXIT,TEM,revere_20250905.png,revere_20250904.png,SELL GEV TRIM TQQQ + HOOD BUY SOLT,review,action_conflict
GRO,2025-09-12,1,ENTER,DASH,revere_20250912.png,revere_20250905.png,ADD TO TSLA + HOOD,review,action_conflict
GRO,2025-09-12,1,ENTER,RODT,revere_20250912.png,revere_20250905.png,ADD TO TSLA + HOOD,review,action_conflict
GRO,2025-09-12,1,EXIT,MP,revere_20250912.png,revere_20250905.png,ADD TO TSLA + HOOD,review,action_conflict
GRO,2025-09-12,1,EXIT,RDDT,revere_20250912.png,revere_20250905.png,ADD TO TSLA + HOOD,review,action_conflict
GRO,2025-09-26,1,ENTER,CRWY,revere_20250926.png,revere_20250912.png,ADD TO MP,review,action_conflict
GRO,2025-09-26,1,ENTER,NBIS,revere_20250926.png,revere_20250912.png,ADD TO MP,review,action_conflict
GRO,2025-09-26,1,ENTER,PLTR,revere_20250926.png,revere_20250912.png,ADD TO MP,review,action_conflict
GRO,2025-09-26,1,EXIT,ETHA,revere_20250926.png,revere_20250912.png,ADD TO MP,review,action_conflict
GRO,2025-09-26,1,EXIT,MDB,revere_20250926.png,revere_20250912.png,ADD TO MP,review,action_conflict
GRO,2025-09-26,1,EXIT,NAIL,revere_20250926.png,revere_20250912.png,ADD TO MP,review,action_conflict
GRO,2025-09-26,1,EXIT,RODT,revere_20250926.png,revere_20250912.png,ADD TO MP,review,action_conflict
GRO,2025-09-26,1,EXIT,SE,revere_20250926.png,revere_20250912.png,ADD TO MP,review,action_conflict
GRO,2025-09-26,1,EXIT,SSO,revere_20250926.png,revere_20250912.png,ADD TO MP,review,action_conflict
TURBO,2025-09-26,1,ENTER,ASTS,revere_20250926.png,revere_20250912.png,NO CHANGES,review,no_changes_conflict
TURBO,2025-09-26,1,ENTER,CRCL,revere_20250926.png,revere_20250912.png,NO CHANGES,review,no_changes_conflict
TURBO,2025-09-26,1,ENTER,LABU,revere_20250926.png,revere_20250912.png,NO CHANGES,review,no_changes_conflict
TURBO,2025-09-26,1,ENTER,LEU,revere_20250926.png,revere_20250912.png,NO CHANGES,review,no_changes_conflict
TURBO,2025-09-26,1,ENTER,MU,revere_20250926.png,revere_20250912.png,NO CHANGES,review,no_changes_conflict
TURBO,2025-09-26,1,ENTER,SPYM,revere_20250926.png,revere_20250912.png,NO CHANGES,review,no_changes_conflict
TURBO,2025-09-26,1,EXIT,ALAB,revere_20250926.png,revere_20250912.png,NO CHANGES,review,no_changes_conflict
TURBO,2025-09-26,1,EXIT,BE,revere_20250926.png,revere_20250912.png,NO CHANGES,review,no_changes_conflict
TURBO,2025-09-26,1,EXIT,ETHA,revere_20250926.png,revere_20250912.png,NO CHANGES,review,no_changes_conflict
TURBO,2025-09-26,1,EXIT,NAIL,revere_20250926.png,revere_20250912.png,NO CHANGES,review,no_changes_conflict
TURBO,2025-09-26,1,EXIT,SOLT,revere_20250926.png,revere_20250912.png,NO CHANGES,review,no_changes_conflict
TURBO,2025-09-26,1,EXIT,SPLG,revere_20250926.png,revere_20250912.png,NO CHANGES,review,no_changes_conflict
TURBO,2025-09-26,1,EXIT,TNA,revere_20250926.png,revere_20250912.png,NO CHANGES,review,no_changes_conflict
TURBO,2025-10-09,1,ENTER,BABA,revere_20251009.png,revere_20250926.png,TRIM ETHA,review,suspicious_holdings
TURBO,2025-10-09,1,ENTER,ETHA,revere_20251009.png,revere_20250926.png,TRIM ETHA,review,suspicious_holdings
TURBO,2025-10-09,1,ENTER,NVDA,revere_20251009.png,revere_20250926.png,TRIM ETHA,review,suspicious_holdings
TURBO,2025-10-09,1,ENTER,TGCKL,revere_20251009.png,revere_20250926.png,TRIM ETHA,review,suspicious_holdings
TURBO,2025-10-09,1,ENTER,USAR,revere_20251009.png,revere_20250926.png,TRIM ETHA,review,suspicious_holdings
TURBO,2025-10-09,1,EXIT,ASTS,revere_20251009.png,revere_20250926.png,TRIM ETHA,review,suspicious_holdings
TURBO,2025-10-09,1,EXIT,LABU,revere_20251009.png,revere_20250926.png,TRIM ETHA,review,suspicious_holdings
TURBO,2025-10-09,1,EXIT,TQQQ,revere_20251009.png,revere_20250926.png,TRIM ETHA,review,suspicious_holdings
TURBO,2025-10-13,1,ENTER,CRWV,revere_20251013.png,revere_20251009.png,TRIM MP,review,suspicious_holdings
TURBO,2025-10-13,1,ENTER,MP,revere_20251013.png,revere_20251009.png,TRIM MP,review,suspicious_holdings
TURBO,2025-10-13,1,ENTER,SPLG,revere_20251013.png,revere_20251009.png,TRIM MP,review,suspicious_holdings
TURBO,2025-10-13,1,EXIT,BABA,revere_20251013.png,revere_20251009.png,TRIM MP,review,suspicious_holdings
TURBO,2025-10-13,1,EXIT,CRCL,revere_20251013.png,revere_20251009.png,TRIM MP,review,suspicious_holdings
TURBO,2025-10-13,1,EXIT,ETHA,revere_20251013.png,revere_20251009.png,TRIM MP,review,suspicious_holdings
TURBO,2025-10-13,1,EXIT,SPYM,revere_20251013.png,revere_20251009.png,TRIM MP,review,suspicious_holdings
TURBO,2025-10-13,1,EXIT,TGCKL,revere_20251013.png,revere_20251009.png,TRIM MP,review,suspicious_holdings
TURBO,2025-10-13,1,EXIT,USAR,revere_20251013.png,revere_20251009.png,TRIM MP,review,suspicious_holdings
GRO,2025-10-15,1,ENTER,BE,revere_20251015.png,revere_20251013.png,BUY SSO,review,action_conflict
GRO,2025-10-15,1,ENTER,SSC,revere_20251015.png,revere_20251013.png,BUY SSO,review,action_conflict
GRO,2025-10-15,1,ENTER,URTY,revere_20251015.png,revere_20251013.png,BUY SSO,review,action_conflict
GRO,2025-10-15,1,EXIT,IBIT,revere_20251015.png,revere_20251013.png,BUY SSO,review,action_conflict
GRO,2025-10-15,1,EXIT,LEU,revere_20251015.png,revere_20251013.png,BUY SSO,review,action_conflict
GRO,2025-10-15,1,EXIT,PLTR,revere_20251015.png,revere_20251013.png,BUY SSO,review,action_conflict
TURBO,2025-10-15,1,ENTER,CRWY,revere_20251015.png,revere_20251013.png,BUY FIG SNDK ARKG SERV ADD TO GEV,review,action_conflict
TURBO,2025-10-15,1,ENTER,TNA,revere_20251015.png,revere_20251013.png,BUY FIG SNDK ARKG SERV ADD TO GEV,review,action_conflict
TURBO,2025-10-15,1,EXIT,CRWV,revere_20251015.png,revere_20251013.png,BUY FIG SNDK ARKG SERV ADD TO GEV,review,action_conflict
GRO,2025-10-16,1,ENTER,CRWY,revere_20251016.png,revere_20251015.png,BUY STK SELL PPH IONQ DASH TRIM HOOD,review,action_conflict
GRO,2025-10-16,1,ENTER,SSO,revere_20251016.png,revere_20251015.png,BUY STK SELL PPH IONQ DASH TRIM HOOD,review,action_conflict
GRO,2025-10-16,1,EXIT,CRWV,revere_20251016.png,revere_20251015.png,BUY STK SELL PPH IONQ DASH TRIM HOOD,review,action_conflict
GRO,2025-10-16,1,EXIT,SSC,revere_20251016.png,revere_20251015.png,BUY STK SELL PPH IONQ DASH TRIM HOOD,review,action_conflict
TURBO,2025-10-16,1,ENTER,CW,revere_20251016.png,revere_20251015.png,SELL GEV SERV FIG,review,action_conflict
TURBO,2025-10-16,1,ENTER,LEUMU,revere_20251016.png,revere_20251015.png,SELL GEV SERV FIG,review,action_conflict
TURBO,2025-10-16,1,EXIT,CRWY,revere_20251016.png,revere_20251015.png,SELL GEV SERV FIG,review,action_conflict
TURBO,2025-10-16,1,EXIT,LEU,revere_20251016.png,revere_20251015.png,SELL GEV SERV FIG,review,action_conflict
TURBO,2025-10-16,1,EXIT,MU,revere_20251016.png,revere_20251015.png,SELL GEV SERV FIG,review,action_conflict
TURBO,2025-10-16,1,EXIT,NVDA,revere_20251016.png,revere_20251015.png,SELL GEV SERV FIG,review,action_conflict
TURBO,2025-10-20,1,ENTER,GH,revere_20251020.png,revere_20251016.png,SELL SNDK GH UPRO,review,action_conflict
TURBO,2025-10-20,1,ENTER,GLW,revere_20251020.png,revere_20251016.png,SELL SNDK GH UPRO,review,action_conflict
TURBO,2025-10-20,1,ENTER,SPYM,revere_20251020.png,revere_20251016.png,SELL SNDK GH UPRO,review,action_conflict
TURBO,2025-10-20,1,EXIT,ARKG,revere_20251020.png,revere_20251016.png,SELL SNDK GH UPRO,review,action_conflict
TURBO,2025-10-20,1,EXIT,CW,revere_20251020.png,revere_20251016.png,SELL SNDK GH UPRO,review,action_conflict
TURBO,2025-10-20,1,EXIT,HOOD,revere_20251020.png,revere_20251016.png,SELL SNDK GH UPRO,review,action_conflict
TURBO,2025-10-20,1,EXIT,LEUMU,revere_20251020.png,revere_20251016.png,SELL SNDK GH UPRO,review,action_conflict
TURBO,2025-10-20,1,EXIT,MP,revere_20251020.png,revere_20251016.png,SELL SNDK GH UPRO,review,action_conflict
TURBO,2025-10-20,1,EXIT,SPLG,revere_20251020.png,revere_20251016.png,SELL SNDK GH UPRO,review,action_conflict
TURBO,2025-10-20,1,EXIT,TNA,revere_20251020.png,revere_20251016.png,SELL SNDK GH UPRO,review,action_conflict
TURBO,2025-10-20,1,EXIT,TSLA,revere_20251020.png,revere_20251016.png,SELL SNDK GH UPRO,review,action_conflict
GRO,2025-10-29,1,ENTER,HAL,revere_20251029.png,revere_20251016.png,BUY TER O-TRIM SSO SELL NAIL,review,action_conflict
GRO,2025-10-29,1,ENTER,MDB,revere_20251029.png,revere_20251016.png,BUY TER O-TRIM SSO SELL NAIL,review,action_conflict
GRO,2025-10-29,1,ENTER,PLTR,revere_20251029.png,revere_20251016.png,BUY TER O-TRIM SSO SELL NAIL,review,action_conflict
GRO,2025-10-29,1,ENTER,SOFI,revere_20251029.png,revere_20251016.png,BUY TER O-TRIM SSO SELL NAIL,review,action_conflict
GRO,2025-10-29,1,EXIT,BE,revere_20251029.png,revere_20251016.png,BUY TER O-TRIM SSO SELL NAIL,review,action_conflict
GRO,2025-10-29,1,EXIT,CRWY,revere_20251029.png,revere_20251016.png,BUY TER O-TRIM SSO SELL NAIL,review,action_conflict
GRO,2025-10-29,1,EXIT,MP,revere_20251029.png,revere_20251016.png,BUY TER O-TRIM SSO SELL NAIL,review,action_conflict
GRO,2025-10-29,1,EXIT,NBIS,revere_20251029.png,revere_20251016.png,BUY TER O-TRIM SSO SELL NAIL,review,action_conflict
GRO,2025-10-29,1,EXIT,SSO,revere_20251029.png,revere_20251016.png,BUY TER O-TRIM SSO SELL NAIL,review,action_conflict
GRO,2025-10-29,1,EXIT,STK,revere_20251029.png,revere_20251016.png,BUY TER O-TRIM SSO SELL NAIL,review,action_conflict
GRO,2025-10-29,1,EXIT,URTY,revere_20251029.png,revere_20251016.png,BUY TER O-TRIM SSO SELL NAIL,review,action_conflict
TURBO,2025-10-29,1,ENTER,APLD,revere_20251029.png,revere_20251020.png,BUY TER,review,action_conflict
TURBO,2025-10-29,1,ENTER,ARM,revere_20251029.png,revere_20251020.png,BUY TER,review,action_conflict
TURBO,2025-10-29,1,ENTER,BABA,revere_20251029.png,revere_20251020.png,BUY TER,review,action_conflict
TURBO,2025-10-29,1,ENTER,MU,revere_20251029.png,revere_20251020.png,BUY TER,review,action_conflict
TURBO,2025-10-29,1,ENTER,SPLG,revere_20251029.png,revere_20251020.png,BUY TER,review,action_conflict
TURBO,2025-10-29,1,ENTER,TSLA,revere_20251029.png,revere_20251020.png,BUY TER,review,action_conflict
TURBO,2025-10-29,1,ENTER,URA,revere_20251029.png,revere_20251020.png,BUY TER,review,action_conflict
TURBO,2025-10-29,1,ENTER,URTY,revere_20251029.png,revere_20251020.png,BUY TER,review,action_conflict
TURBO,2025-10-29,1,ENTER,UUUU,revere_20251029.png,revere_20251020.png,BUY TER,review,action_conflict
TURBO,2025-10-29,1,EXIT,GH,revere_20251029.png,revere_20251020.png,BUY TER,review,action_conflict
TURBO,2025-10-29,1,EXIT,GLW,revere_20251029.png,revere_20251020.png,BUY TER,review,action_conflict
TURBO,2025-10-29,1,EXIT,SPYM,revere_20251029.png,revere_20251020.png,BUY TER,review,action_conflict
TURBO,2025-10-30,1,ENTER,LL,revere_20251030.png,revere_20251029.png,BUY MDB + PATH ADD TO UULIL URTY,review,action_conflict
TURBO,2025-10-30,1,ENTER,TPR,revere_20251030.png,revere_20251029.png,BUY MDB + PATH ADD TO UULIL URTY,review,action_conflict
TURBO,2025-10-30,1,EXIT,UPRO,revere_20251030.png,revere_20251029.png,BUY MDB + PATH ADD TO UULIL URTY,review,action_conflict
TURBO,2025-10-30,1,EXIT,UUUU,revere_20251030.png,revere_20251029.png,BUY MDB + PATH ADD TO UULIL URTY,review,action_conflict
TURBO,2025-10-31,1,ENTER,MOB,revere_20251031.png,revere_20251030.png,BUY AMZN,review,action_conflict
TURBO,2025-10-31,1,ENTER,SNOK,revere_20251031.png,revere_20251030.png,BUY AMZN,review,action_conflict
TURBO,2025-10-31,1,ENTER,TSA,revere_20251031.png,revere_20251030.png,BUY AMZN,review,action_conflict
TURBO,2025-10-31,1,ENTER,UPRO,revere_20251031.png,revere_20251030.png,BUY AMZN,review,action_conflict
TURBO,2025-10-31,1,ENTER,UUUU,revere_20251031.png,revere_20251030.png,BUY AMZN,review,action_conflict
TURBO,2025-10-31,1,EXIT,LL,revere_20251031.png,revere_20251030.png,BUY AMZN,review,action_conflict
TURBO,2025-10-31,1,EXIT,MDB,revere_20251031.png,revere_20251030.png,BUY AMZN,review,action_conflict
TURBO,2025-10-31,1,EXIT,SNDK,revere_20251031.png,revere_20251030.png,BUY AMZN,review,action_conflict
TURBO,2025-10-31,1,EXIT,TPR,revere_20251031.png,revere_20251030.png,BUY AMZN,review,action_conflict
TURBO,2025-10-31,1,EXIT,TSLA,revere_20251031.png,revere_20251030.png,BUY AMZN,review,action_conflict
GRO,2025-11-04,1,ENTER,SPYM,revere_20251104.png,revere_20251031.png,ADD TO TER TRIM SSO,review,action_conflict
GRO,2025-11-04,1,EXIT,SPLG,revere_20251104.png,revere_20251031.png,ADD TO TER TRIM SSO,review,action_conflict
GRO,2025-11-04,1,EXIT,SSO,revere_20251104.png,revere_20251031.png,ADD TO TER TRIM SSO,review,action_conflict
TURBO,2025-11-04,1,ENTER,MDB,revere_20251104.png,revere_20251031.png,ADD 10 SSO SELL URA TRIM BABA,review,action_conflict
TURBO,2025-11-04,1,ENTER,SNDK,revere_20251104.png,revere_20251031.png,ADD 10 SSO SELL URA TRIM BABA,review,action_conflict
TURBO,2025-11-04,1,ENTER,SPYM,revere_20251104.png,revere_20251031.png,ADD 10 SSO SELL URA TRIM BABA,review,action_conflict
TURBO,2025-11-04,1,ENTER,TSLA,revere_20251104.png,revere_20251031.png,ADD 10 SSO SELL URA TRIM BABA,review,action_conflict
TURBO,2025-11-04,1,EXIT,APLD,revere_20251104.png,revere_20251031.png,ADD 10 SSO SELL URA TRIM BABA,review,action_conflict
TURBO,2025-11-04,1,EXIT,ARM,revere_20251104.png,revere_20251031.png,ADD 10 SSO SELL URA TRIM BABA,review,action_conflict
TURBO,2025-11-04,1,EXIT,MOB,revere_20251104.png,revere_20251031.png,ADD 10 SSO SELL URA TRIM BABA,review,action_conflict
TURBO,2025-11-04,1,EXIT,PATH,revere_20251104.png,revere_20251031.png,ADD 10 SSO SELL URA TRIM BABA,review,action_conflict
TURBO,2025-11-04,1,EXIT,SNOK,revere_20251104.png,revere_20251031.png,ADD 10 SSO SELL URA TRIM BABA,review,action_conflict
TURBO,2025-11-04,1,EXIT,SPLG,revere_20251104.png,revere_20251031.png,ADD 10 SSO SELL URA TRIM BABA,review,action_conflict
TURBO,2025-11-04,1,EXIT,TSA,revere_20251104.png,revere_20251031.png,ADD 10 SSO SELL URA TRIM BABA,review,action_conflict
TURBO,2025-11-04,1,EXIT,URTY,revere_20251104.png,revere_20251031.png,ADD 10 SSO SELL URA TRIM BABA,review,action_conflict
TURBO,2025-11-04,1,EXIT,UUUU,revere_20251104.png,revere_20251031.png,ADD 10 SSO SELL URA TRIM BABA,review,action_conflict
GRO,2025-11-19,1,ENTER,GLD,revere_20251119.png,revere_20251105.png,NO CHANGES,review,no_changes_conflict
GRO,2025-11-19,1,ENTER,NUGT,revere_20251119.png,revere_20251105.png,NO CHANGES,review,no_changes_conflict
GRO,2025-11-19,1,EXIT,CCJ,revere_20251119.png,revere_20251105.png,NO CHANGES,review,no_changes_conflict
GRO,2025-11-19,1,EXIT,HAL,revere_20251119.png,revere_20251105.png,NO CHANGES,review,no_changes_conflict
GRO,2025-11-19,1,EXIT,HOOD,revere_20251119.png,revere_20251105.png,NO CHANGES,review,no_changes_conflict
GRO,2025-11-19,1,EXIT,MDB,revere_20251119.png,revere_20251105.png,NO CHANGES,review,no_changes_conflict
GRO,2025-11-19,1,EXIT,PLTR,revere_20251119.png,revere_20251105.png,NO CHANGES,review,no_changes_conflict
GRO,2025-11-19,1,EXIT,SNOW,revere_20251119.png,revere_20251105.png,NO CHANGES,review,no_changes_conflict
GRO,2025-11-19,1,EXIT,SOFI,revere_20251119.png,revere_20251105.png,NO CHANGES,review,no_changes_conflict
GRO,2025-11-19,1,EXIT,TER,revere_20251119.png,revere_20251105.png,NO CHANGES,review,no_changes_conflict
GRO,2025-11-19,1,EXIT,TSLA,revere_20251119.png,revere_20251105.png,NO CHANGES,review,no_changes_conflict
TURBO,2025-11-19,1,EXIT,AMZN,revere_20251119.png,revere_20251105.png,SELL MU IREN BUY GLD GH,review,action_conflict
TURBO,2025-11-19,1,EXIT,BABA,revere_20251119.png,revere_20251105.png,SELL MU IREN BUY GLD GH,review,action_conflict
TURBO,2025-11-19,1,EXIT,LMND,revere_20251119.png,revere_20251105.png,SELL MU IREN BUY GLD GH,review,action_conflict
TURBO,2025-11-19,1,EXIT,MDB,revere_20251119.png,revere_20251105.png,SELL MU IREN BUY GLD GH,review,action_conflict
TURBO,2025-11-19,1,EXIT,SOFI,revere_20251119.png,revere_20251105.png,SELL MU IREN BUY GLD GH,review,action_conflict
TURBO,2025-11-19,1,EXIT,TER,revere_20251119.png,revere_20251105.png,SELL MU IREN BUY GLD GH,review,action_conflict
TURBO,2025-11-19,1,EXIT,TSLA,revere_20251119.png,revere_20251105.png,SELL MU IREN BUY GLD GH,review,action_conflict
GRO,2025-12-30,1,ENTER,CCJ,revere_20251230.png,revere_20251119.png,SELL PLTR,review,action_conflict
GRO,2025-12-30,1,ENTER,FSLY,revere_20251230.png,revere_20251119.png,SELL PLTR,review,action_conflict
GRO,2025-12-30,1,ENTER,GLO,revere_20251230.png,revere_20251119.png,SELL PLTR,review,action_conflict
GRO,2025-12-30,1,ENTER,GOOG,revere_20251230.png,revere_20251119.png,SELL PLTR,review,action_conflict
GRO,2025-12-30,1,ENTER,LLY,revere_20251230.png,revere_20251119.png,SELL PLTR,review,action_conflict
GRO,2025-12-30,1,ENTER,RKLE,revere_20251230.png,revere_20251119.png,SELL PLTR,review,action_conflict
GRO,2025-12-30,1,ENTER,TAN,revere_20251230.png,revere_20251119.png,SELL PLTR,review,action_conflict
GRO,2025-12-30,1,ENTER,TSLA,revere_20251230.png,revere_20251119.png,SELL PLTR,review,action_conflict
GRO,2025-12-30,1,EXIT,GLD,revere_20251230.png,revere_20251119.png,SELL PLTR,review,action_conflict
GRO,2025-12-30,1,EXIT,NUGT,revere_20251230.png,revere_20251119.png,SELL PLTR,review,action_conflict
TURBO,2025-12-30,1,ENTER,GLO,revere_20251230.png,revere_20251119.png,"BUY ALAB TRIM TSLA 4 BOTTOM LINE: ""AE°ALS BOUNCE, BUT SANTA'S ON STRIKE; SML CAPS BREAK J 21E",review,action_conflict
TURBO,2025-12-30,1,ENTER,GOOGL,revere_20251230.png,revere_20251119.png,"BUY ALAB TRIM TSLA 4 BOTTOM LINE: ""AE°ALS BOUNCE, BUT SANTA'S ON STRIKE; SML CAPS BREAK J 21E",review,action_conflict
TURBO,2025-12-30,1,ENTER,LQDA,revere_20251230.png,revere_20251119.png,"BUY ALAB TRIM TSLA 4 BOTTOM LINE: ""AE°ALS BOUNCE, BUT SANTA'S ON STRIKE; SML CAPS BREAK J 21E",review,action_conflict
TURBO,2025-12-30,1,ENTER,NUGT,revere_20251230.png,revere_20251119.png,"BUY ALAB TRIM TSLA 4 BOTTOM LINE: ""AE°ALS BOUNCE, BUT SANTA'S ON STRIKE; SML CAPS BREAK J 21E",review,action_conflict
TURBO,2025-12-30,1,ENTER,PL,revere_20251230.png,revere_20251119.png,"BUY ALAB TRIM TSLA 4 BOTTOM LINE: ""AE°ALS BOUNCE, BUT SANTA'S ON STRIKE; SML CAPS BREAK J 21E",review,action_conflict
TURBO,2025-12-30,1,ENTER,REMX,revere_20251230.png,revere_20251119.png,"BUY ALAB TRIM TSLA 4 BOTTOM LINE: ""AE°ALS BOUNCE, BUT SANTA'S ON STRIKE; SML CAPS BREAK J 21E",review,action_conflict
TURBO,2025-12-30,1,ENTER,RKLE,revere_20251230.png,revere_20251119.png,"BUY ALAB TRIM TSLA 4 BOTTOM LINE: ""AE°ALS BOUNCE, BUT SANTA'S ON STRIKE; SML CAPS BREAK J 21E",review,action_conflict
TURBO,2025-12-30,1,ENTER,SLY,revere_20251230.png,revere_20251119.png,"BUY ALAB TRIM TSLA 4 BOTTOM LINE: ""AE°ALS BOUNCE, BUT SANTA'S ON STRIKE; SML CAPS BREAK J 21E",review,action_conflict
TURBO,2025-12-30,1,ENTER,SSO,revere_20251230.png,revere_20251119.png,"BUY ALAB TRIM TSLA 4 BOTTOM LINE: ""AE°ALS BOUNCE, BUT SANTA'S ON STRIKE; SML CAPS BREAK J 21E",review,action_conflict
TURBO,2025-12-30,1,ENTER,TER,revere_20251230.png,revere_20251119.png,"BUY ALAB TRIM TSLA 4 BOTTOM LINE: ""AE°ALS BOUNCE, BUT SANTA'S ON STRIKE; SML CAPS BREAK J 21E",review,action_conflict
TURBO,2025-12-30,1,ENTER,TSLA,revere_20251230.png,revere_20251119.png,"BUY ALAB TRIM TSLA 4 BOTTOM LINE: ""AE°ALS BOUNCE, BUT SANTA'S ON STRIKE; SML CAPS BREAK J 21E",review,action_conflict
TURBO,2025-12-30,1,ENTER,URTY,revere_20251230.png,revere_20251119.png,"BUY ALAB TRIM TSLA 4 BOTTOM LINE: ""AE°ALS BOUNCE, BUT SANTA'S ON STRIKE; SML CAPS BREAK J 21E",review,action_conflict
TURBO,2025-12-30,1,EXIT,GH,revere_20251230.png,revere_20251119.png,"BUY ALAB TRIM TSLA 4 BOTTOM LINE: ""AE°ALS BOUNCE, BUT SANTA'S ON STRIKE; SML CAPS BREAK J 21E",review,action_conflict
TURBO,2025-12-30,1,EXIT,GLD,revere_20251230.png,revere_20251119.png,"BUY ALAB TRIM TSLA 4 BOTTOM LINE: ""AE°ALS BOUNCE, BUT SANTA'S ON STRIKE; SML CAPS BREAK J 21E",review,action_conflict
GRO,2025-12-31,1,ENTER,CCIMU,revere_20251231.png,revere_20251230.png,BUY MU SELL STV TAN,review,action_conflict
GRO,2025-12-31,1,ENTER,GLD,revere_20251231.png,revere_20251230.png,BUY MU SELL STV TAN,review,action_conflict
GRO,2025-12-31,1,ENTER,RKLB,revere_20251231.png,revere_20251230.png,BUY MU SELL STV TAN,review,action_conflict
GRO,2025-12-31,1,ENTER,SSO,revere_20251231.png,revere_20251230.png,BUY MU SELL STV TAN,review,action_conflict
GRO,2025-12-31,1,EXIT,CCJ,revere_20251231.png,revere_20251230.png,BUY MU SELL STV TAN,review,action_conflict
GRO,2025-12-31,1,EXIT,FSLY,revere_20251231.png,revere_20251230.png,BUY MU SELL STV TAN,review,action_conflict
GRO,2025-12-31,1,EXIT,GLO,revere_20251231.png,revere_20251230.png,BUY MU SELL STV TAN,review,action_conflict
GRO,2025-12-31,1,EXIT,RKLE,revere_20251231.png,revere_20251230.png,BUY MU SELL STV TAN,review,action_conflict
TURBO,2025-12-31,1,ENTER,GLD,revere_20251231.png,revere_20251230.png,SELL URTY TRIM GLD NUGT,review,action_conflict
TURBO,2025-12-31,1,ENTER,RKLS,revere_20251231.png,revere_20251230.png,SELL URTY TRIM GLD NUGT,review,action_conflict
TURBO,2025-12-31,1,ENTER,SNOK,revere_20251231.png,revere_20251230.png,SELL URTY TRIM GLD NUGT,review,action_conflict
TURBO,2025-12-31,1,EXIT,GLO,revere_20251231.png,revere_20251230.png,SELL URTY TRIM GLD NUGT,review,action_conflict
TURBO,2025-12-31,1,EXIT,RKLE,revere_20251231.png,revere_20251230.png,SELL URTY TRIM GLD NUGT,review,action_conflict
TURBO,2025-12-31,1,EXIT,SNDK,revere_20251231.png,revere_20251230.png,SELL URTY TRIM GLD NUGT,review,action_conflict
TURBO,2025-12-31,1,EXIT,SSO,revere_20251231.png,revere_20251230.png,SELL URTY TRIM GLD NUGT,review,action_conflict
TURBO,2026-01-02,1,ENTER,RKLB,revere_20260102.png,revere_20251231.png,BUY RDDT TRIM TSLA SELL NUGT LQDA,review,action_conflict
TURBO,2026-01-02,1,ENTER,SNDK,revere_20260102.png,revere_20251231.png,BUY RDDT TRIM TSLA SELL NUGT LQDA,review,action_conflict
TURBO,2026-01-02,1,EXIT,RKLS,revere_20260102.png,revere_20251231.png,BUY RDDT TRIM TSLA SELL NUGT LQDA,review,action_conflict
TURBO,2026-01-02,1,EXIT,SNOK,revere_20260102.png,revere_20251231.png,BUY RDDT TRIM TSLA SELL NUGT LQDA,review,action_conflict
GRO,2026-01-05,1,ENTER,CCI,revere_20260105.png,revere_20260102.png,ADD TO SSO GOOG CCJ BUY RDOT,review,action_conflict
GRO,2026-01-05,1,ENTER,MU,revere_20260105.png,revere_20260102.png,ADD TO SSO GOOG CCJ BUY RDOT,review,action_conflict
GRO,2026-01-05,1,ENTER,RDDT,revere_20260105.png,revere_20260102.png,ADD TO SSO GOOG CCJ BUY RDOT,review,action_conflict
GRO,2026-01-05,1,EXIT,CCIMU,revere_20260105.png,revere_20260102.png,ADD TO SSO GOOG CCJ BUY RDOT,review,action_conflict
TURBO,2026-01-05,1,ENTER,SLV,revere_20260105.png,revere_20260102.png,ADD TO RKLB BUY RKT,review,action_conflict
TURBO,2026-01-05,1,EXIT,SLY,revere_20260105.png,revere_20260102.png,ADD TO RKLB BUY RKT,review,action_conflict
GRO,2026-01-06,1,ENTER,CC,revere_20260106.png,revere_20260105.png,BUY RKT SNDK,review,action_conflict
GRO,2026-01-06,1,ENTER,GODG,revere_20260106.png,revere_20260105.png,BUY RKT SNDK,review,action_conflict
GRO,2026-01-06,1,ENTER,RKLE,revere_20260106.png,revere_20260105.png,BUY RKT SNDK,review,action_conflict
GRO,2026-01-06,1,ENTER,RODT,revere_20260106.png,revere_20260105.png,BUY RKT SNDK,review,action_conflict
GRO,2026-01-06,1,EXIT,CCI,revere_20260106.png,revere_20260105.png,BUY RKT SNDK,review,action_conflict
GRO,2026-01-06,1,EXIT,GOOG,revere_20260106.png,revere_20260105.png,BUY RKT SNDK,review,action_conflict
GRO,2026-01-06,1,EXIT,RDDT,revere_20260106.png,revere_20260105.png,BUY RKT SNDK,review,action_conflict
GRO,2026-01-06,1,EXIT,RKLB,revere_20260106.png,revere_20260105.png,BUY RKT SNDK,review,action_conflict
GRO,2026-01-06,1,EXIT,SSO,revere_20260106.png,revere_20260105.png,BUY RKT SNDK,review,action_conflict
TURBO,2026-01-06,1,ENTER,AKLE,revere_20260106.png,revere_20260105.png,ADD TO RKT BUY ZETA VSCO BTU SELL TSLA ALAB,review,action_conflict
TURBO,2026-01-06,1,ENTER,AKT,revere_20260106.png,revere_20260105.png,ADD TO RKT BUY ZETA VSCO BTU SELL TSLA ALAB,review,action_conflict
TURBO,2026-01-06,1,ENTER,MU,revere_20260106.png,revere_20260105.png,ADD TO RKT BUY ZETA VSCO BTU SELL TSLA ALAB,review,action_conflict
TURBO,2026-01-06,1,ENTER,RODT,revere_20260106.png,revere_20260105.png,ADD TO RKT BUY ZETA VSCO BTU SELL TSLA ALAB,review,action_conflict
TURBO,2026-01-06,1,ENTER,SLY,revere_20260106.png,revere_20260105.png,ADD TO RKT BUY ZETA VSCO BTU SELL TSLA ALAB,review,action_conflict
TURBO,2026-01-06,1,ENTER,SNK,revere_20260106.png,revere_20260105.png,ADD TO RKT BUY ZETA VSCO BTU SELL TSLA ALAB,review,action_conflict
TURBO,2026-01-06,1,EXIT,RDDT,revere_20260106.png,revere_20260105.png,ADD TO RKT BUY ZETA VSCO BTU SELL TSLA ALAB,review,action_conflict
TURBO,2026-01-06,1,EXIT,RKLB,revere_20260106.png,revere_20260105.png,ADD TO RKT BUY ZETA VSCO BTU SELL TSLA ALAB,review,action_conflict
TURBO,2026-01-06,1,EXIT,RKT,revere_20260106.png,revere_20260105.png,ADD TO RKT BUY ZETA VSCO BTU SELL TSLA ALAB,review,action_conflict
TURBO,2026-01-06,1,EXIT,SLV,revere_20260106.png,revere_20260105.png,ADD TO RKT BUY ZETA VSCO BTU SELL TSLA ALAB,review,action_conflict
TURBO,2026-01-06,1,EXIT,SNDK,revere_20260106.png,revere_20260105.png,ADD TO RKT BUY ZETA VSCO BTU SELL TSLA ALAB,review,action_conflict
TURBO,2026-01-06,1,EXIT,SPYM,revere_20260106.png,revere_20260105.png,ADD TO RKT BUY ZETA VSCO BTU SELL TSLA ALAB,review,action_conflict
GRO,2026-01-07,1,ENTER,GOOG,revere_20260107.png,revere_20260106.png,BUY LABU SLV,review,action_conflict
GRO,2026-01-07,1,ENTER,RDDT,revere_20260107.png,revere_20260106.png,BUY LABU SLV,review,action_conflict
GRO,2026-01-07,1,ENTER,RKLS,revere_20260107.png,revere_20260106.png,BUY LABU SLV,review,action_conflict
GRO,2026-01-07,1,EXIT,GODG,revere_20260107.png,revere_20260106.png,BUY LABU SLV,review,action_conflict
GRO,2026-01-07,1,EXIT,RKLE,revere_20260107.png,revere_20260106.png,BUY LABU SLV,review,action_conflict
GRO,2026-01-07,1,EXIT,RODT,revere_20260107.png,revere_20260106.png,BUY LABU SLV,review,action_conflict
GRO,2026-01-08,1,ENTER,CCJ,revere_20260108.png,revere_20260107.png,ADD TO SNDK BUY BE,review,action_conflict
GRO,2026-01-08,1,ENTER,RKLB,revere_20260108.png,revere_20260107.png,ADD TO SNDK BUY BE,review,action_conflict
GRO,2026-01-08,1,ENTER,SSO,revere_20260108.png,revere_20260107.png,ADD TO SNDK BUY BE,review,action_conflict
GRO,2026-01-08,1,EXIT,CC,revere_20260108.png,revere_20260107.png,ADD TO SNDK BUY BE,review,action_conflict
GRO,2026-01-08,1,EXIT,RKLS,revere_20260108.png,revere_20260107.png,ADD TO SNDK BUY BE,review,action_conflict
GRO,2026-01-09,1,ENTER,CCI,revere_20260109.png,revere_20260108.png,ADD TO RDDT,review,action_conflict
GRO,2026-01-09,1,EXIT,CCJ,revere_20260109.png,revere_20260108.png,ADD TO RDDT,review,action_conflict
TURBO,2026-01-09,1,ENTER,SDK,revere_20260109.png,revere_20260108.png,BUY INTC,review,action_conflict
TURBO,2026-01-09,1,ENTER,SIMO,revere_20260109.png,revere_20260108.png,BUY INTC,review,action_conflict
TURBO,2026-01-09,1,ENTER,WTC,revere_20260109.png,revere_20260108.png,BUY INTC,review,action_conflict
TURBO,2026-01-09,1,EXIT,PYM,revere_20260109.png,revere_20260108.png,BUY INTC,review,action_conflict
TURBO,2026-01-09,1,EXIT,RDDT,revere_20260109.png,revere_20260108.png,BUY INTC,review,action_conflict
TURBO,2026-01-09,1,EXIT,RKT,revere_20260109.png,revere_20260108.png,BUY INTC,review,action_conflict
TURBO,2026-01-09,1,EXIT,SNDK,revere_20260109.png,revere_20260108.png,BUY INTC,review,action_conflict
GRO,2026-01-12,1,ENTER,CC,revere_20260112.png,revere_20260109.png,"BUY AFRM,APH,& TSLL",review,action_conflict
GRO,2026-01-12,1,EXIT,CCI,revere_20260112.png,revere_20260109.png,"BUY AFRM,APH,& TSLL",review,action_conflict
GRO,2026-01-12,2,ENTER,CCJ,revere_20260112_2.png,revere_20260112.png,"BUY AFRM,APH,& TSLL",review,action_conflict
GRO,2026-01-12,2,ENTER,GODG,revere_20260112_2.png,revere_20260112.png,"BUY AFRM,APH,& TSLL",review,action_conflict
GRO,2026-01-12,2,ENTER,RKLE,revere_20260112_2.png,revere_20260112.png,"BUY AFRM,APH,& TSLL",review,action_conflict
GRO,2026-01-12,2,EXIT,CC,revere_20260112_2.png,revere_20260112.png,"BUY AFRM,APH,& TSLL",review,action_conflict
GRO,2026-01-12,2,EXIT,GOOG,revere_20260112_2.png,revere_20260112.png,"BUY AFRM,APH,& TSLL",review,action_conflict
GRO,2026-01-12,2,EXIT,RKLB,revere_20260112_2.png,revere_20260112.png,"BUY AFRM,APH,& TSLL",review,action_conflict
GRO,2026-01-14,1,ENTER,CC,revere_20260114.png,revere_20260112_2.png,TRIM SLV TRIM SSO SELL NVDA TSLL BUY EOSE ADD TO MU BE,review,action_conflict
GRO,2026-01-14,1,ENTER,GOOG,revere_20260114.png,revere_20260112_2.png,TRIM SLV TRIM SSO SELL NVDA TSLL BUY EOSE ADD TO MU BE,review,action_conflict
GRO,2026-01-14,1,ENTER,LABU,revere_20260114.png,revere_20260112_2.png,TRIM SLV TRIM SSO SELL NVDA TSLL BUY EOSE ADD TO MU BE,review,action_conflict
GRO,2026-01-14,1,ENTER,RKLB,revere_20260114.png,revere_20260112_2.png,TRIM SLV TRIM SSO SELL NVDA TSLL BUY EOSE ADD TO MU BE,review,action_conflict
GRO,2026-01-14,1,ENTER,SLV,revere_20260114.png,revere_20260112_2.png,TRIM SLV TRIM SSO SELL NVDA TSLL BUY EOSE ADD TO MU BE,review,action_conflict
GRO,2026-01-14,1,EXIT,AFRM,revere_20260114.png,revere_20260112_2.png,TRIM SLV TRIM SSO SELL NVDA TSLL BUY EOSE ADD TO MU BE,review,action_conflict
GRO,2026-01-14,1,EXIT,CCJ,revere_20260114.png,revere_20260112_2.png,TRIM SLV TRIM SSO SELL NVDA TSLL BUY EOSE ADD TO MU BE,review,action_conflict
GRO,2026-01-14,1,EXIT,GODG,revere_20260114.png,revere_20260112_2.png,TRIM SLV TRIM SSO SELL NVDA TSLL BUY EOSE ADD TO MU BE,review,action_conflict
GRO,2026-01-14,1,EXIT,RKLE,revere_20260114.png,revere_20260112_2.png,TRIM SLV TRIM SSO SELL NVDA TSLL BUY EOSE ADD TO MU BE,review,action_conflict
TURBO,2026-01-14,1,ENTER,INTC,revere_20260114.png,revere_20260112_2.png,BUY LABU LEU SELL ZETA,review,action_conflict
TURBO,2026-01-14,1,ENTER,RDDT,revere_20260114.png,revere_20260112_2.png,BUY LABU LEU SELL ZETA,review,action_conflict
TURBO,2026-01-14,1,ENTER,RKT,revere_20260114.png,revere_20260112_2.png,BUY LABU LEU SELL ZETA,review,action_conflict
TURBO,2026-01-14,1,ENTER,SLV,revere_20260114.png,revere_20260112_2.png,BUY LABU LEU SELL ZETA,review,action_conflict
TURBO,2026-01-14,1,ENTER,SNDK,revere_20260114.png,revere_20260112_2.png,BUY LABU LEU SELL ZETA,review,action_conflict
TURBO,2026-01-14,1,ENTER,SPYM,revere_20260114.png,revere_20260112_2.png,BUY LABU LEU SELL ZETA,review,action_conflict
TURBO,2026-01-14,1,EXIT,SDK,revere_20260114.png,revere_20260112_2.png,BUY LABU LEU SELL ZETA,review,action_conflict
TURBO,2026-01-14,1,EXIT,SIMO,revere_20260114.png,revere_20260112_2.png,BUY LABU LEU SELL ZETA,review,action_conflict
TURBO,2026-01-14,1,EXIT,SLY,revere_20260114.png,revere_20260112_2.png,BUY LABU LEU SELL ZETA,review,action_conflict
TURBO,2026-01-14,1,EXIT,WTC,revere_20260114.png,revere_20260112_2.png,BUY LABU LEU SELL ZETA,review,action_conflict
GRO,2026-01-15,1,ENTER,FAS,revere_20260115.png,revere_20260114.png,ADD TO APH TRIM LLY SELL RDDT,review,action_conflict
GRO,2026-01-15,1,ENTER,HOOD,revere_20260115.png,revere_20260114.png,ADD TO APH TRIM LLY SELL RDDT,review,action_conflict
GRO,2026-01-15,1,ENTER,RKLE,revere_20260115.png,revere_20260114.png,ADD TO APH TRIM LLY SELL RDDT,review,action_conflict
GRO,2026-01-15,1,ENTER,SNOW,revere_20260115.png,revere_20260114.png,ADD TO APH TRIM LLY SELL RDDT,review,action_conflict
GRO,2026-01-15,1,EXIT,GLD,revere_20260115.png,revere_20260114.png,ADD TO APH TRIM LLY SELL RDDT,review,action_conflict
GRO,2026-01-15,1,EXIT,GOOG,revere_20260115.png,revere_20260114.png,ADD TO APH TRIM LLY SELL RDDT,review,action_conflict
GRO,2026-01-15,1,EXIT,MU,revere_20260115.png,revere_20260114.png,ADD TO APH TRIM LLY SELL RDDT,review,action_conflict
GRO,2026-01-15,1,EXIT,NVDA,revere_20260115.png,revere_20260114.png,ADD TO APH TRIM LLY SELL RDDT,review,action_conflict
GRO,2026-01-15,1,EXIT,RKLB,revere_20260115.png,revere_20260114.png,ADD TO APH TRIM LLY SELL RDDT,review,action_conflict
GRO,2026-01-15,1,EXIT,RKT,revere_20260115.png,revere_20260114.png,ADD TO APH TRIM LLY SELL RDDT,review,action_conflict
GRO,2026-01-15,1,EXIT,SNDK,revere_20260115.png,revere_20260114.png,ADD TO APH TRIM LLY SELL RDDT,review,action_conflict
GRO,2026-01-15,1,EXIT,SSO,revere_20260115.png,revere_20260114.png,ADD TO APH TRIM LLY SELL RDDT,review,action_conflict
GRO,2026-01-15,1,EXIT,TSLL,revere_20260115.png,revere_20260114.png,ADD TO APH TRIM LLY SELL RDDT,review,action_conflict
TURBO,2026-01-15,1,ENTER,AKLE,revere_20260115.png,revere_20260114.png,TRIM SNDK PL SELL RDDT *,review,action_conflict
TURBO,2026-01-15,1,ENTER,SIMO,revere_20260115.png,revere_20260114.png,TRIM SNDK PL SELL RDDT *,review,action_conflict
TURBO,2026-01-15,1,ENTER,SNOW,revere_20260115.png,revere_20260114.png,TRIM SNDK PL SELL RDDT *,review,action_conflict
TURBO,2026-01-15,1,ENTER,TSLA,revere_20260115.png,revere_20260114.png,TRIM SNDK PL SELL RDDT *,review,action_conflict
TURBO,2026-01-15,1,ENTER,ZETA,revere_20260115.png,revere_20260114.png,TRIM SNDK PL SELL RDDT *,review,action_conflict
TURBO,2026-01-15,1,EXIT,BTU,revere_20260115.png,revere_20260114.png,TRIM SNDK PL SELL RDDT *,review,action_conflict
TURBO,2026-01-15,1,EXIT,GLD,revere_20260115.png,revere_20260114.png,TRIM SNDK PL SELL RDDT *,review,action_conflict
TURBO,2026-01-15,1,EXIT,LEU,revere_20260115.png,revere_20260114.png,TRIM SNDK PL SELL RDDT *,review,action_conflict
TURBO,2026-01-15,1,EXIT,PL,revere_20260115.png,revere_20260114.png,TRIM SNDK PL SELL RDDT *,review,action_conflict
TURBO,2026-01-15,1,EXIT,REMX,revere_20260115.png,revere_20260114.png,TRIM SNDK PL SELL RDDT *,review,action_conflict
TURBO,2026-01-15,1,EXIT,RKLB,revere_20260115.png,revere_20260114.png,TRIM SNDK PL SELL RDDT *,review,action_conflict
TURBO,2026-01-15,1,EXIT,SNDK,revere_20260115.png,revere_20260114.png,TRIM SNDK PL SELL RDDT *,review,action_conflict
TURBO,2026-01-15,1,EXIT,UPRO,revere_20260115.png,revere_20260114.png,TRIM SNDK PL SELL RDDT *,review,action_conflict
TURBO,2026-01-16,1,ENTER,AEM,revere_20260116.png,revere_20260115.png,TRIM RKLB ADD TO LEU,review,action_conflict
TURBO,2026-01-16,1,ENTER,AKT,revere_20260116.png,revere_20260115.png,TRIM RKLB ADD TO LEU,review,action_conflict
TURBO,2026-01-16,1,ENTER,GLD,revere_20260116.png,revere_20260115.png,TRIM RKLB ADD TO LEU,review,action_conflict
TURBO,2026-01-16,1,ENTER,PLTR,revere_20260116.png,revere_20260115.png,TRIM RKLB ADD TO LEU,review,action_conflict
TURBO,2026-01-16,1,ENTER,RKLE,revere_20260116.png,revere_20260115.png,TRIM RKLB ADD TO LEU,review,action_conflict
TURBO,2026-01-16,1,ENTER,SNDK,revere_20260116.png,revere_20260115.png,TRIM RKLB ADD TO LEU,review,action_conflict
TURBO,2026-01-16,1,ENTER,SSO,revere_20260116.png,revere_20260115.png,TRIM RKLB ADD TO LEU,review,action_conflict
TURBO,2026-01-16,1,ENTER,STU,revere_20260116.png,revere_20260115.png,TRIM RKLB ADD TO LEU,review,action_conflict
TURBO,2026-01-16,1,ENTER,SUB,revere_20260116.png,revere_20260115.png,TRIM RKLB ADD TO LEU,review,action_conflict
TURBO,2026-01-16,1,ENTER,UPRO,revere_20260116.png,revere_20260115.png,TRIM RKLB ADD TO LEU,review,action_conflict
TURBO,2026-01-16,1,EXIT,AKLE,revere_20260116.png,revere_20260115.png,TRIM RKLB ADD TO LEU,review,action_conflict
TURBO,2026-01-16,1,EXIT,RKT,revere_20260116.png,revere_20260115.png,TRIM RKLB ADD TO LEU,review,action_conflict
TURBO,2026-01-16,1,EXIT,SIMO,revere_20260116.png,revere_20260115.png,TRIM RKLB ADD TO LEU,review,action_conflict
TURBO,2026-01-16,1,EXIT,SNOW,revere_20260116.png,revere_20260115.png,TRIM RKLB ADD TO LEU,review,action_conflict
TURBO,2026-01-16,1,EXIT,SPYM,revere_20260116.png,revere_20260115.png,TRIM RKLB ADD TO LEU,review,action_conflict
TURBO,2026-01-16,1,EXIT,TER,revere_20260116.png,revere_20260115.png,TRIM RKLB ADD TO LEU,review,action_conflict
TURBO,2026-01-16,1,EXIT,TSLA,revere_20260116.png,revere_20260115.png,TRIM RKLB ADD TO LEU,review,action_conflict
TURBO,2026-01-16,1,EXIT,ZETA,revere_20260116.png,revere_20260115.png,TRIM RKLB ADD TO LEU,review,action_conflict
GRO,2026-01-22,1,ENTER,APLD,revere_20260122.png,revere_20260116.png,BUY TSLL ADD TO URSP RKLB,review,action_conflict
GRO,2026-01-22,1,ENTER,EOSE,revere_20260122.png,revere_20260116.png,BUY TSLL ADD TO URSP RKLB,review,action_conflict
GRO,2026-01-22,1,ENTER,FSLY,revere_20260122.png,revere_20260116.png,BUY TSLL ADD TO URSP RKLB,review,action_conflict
GRO,2026-01-22,1,ENTER,HOOD,revere_20260122.png,revere_20260116.png,BUY TSLL ADD TO URSP RKLB,review,action_conflict
GRO,2026-01-22,1,ENTER,IONQ,revere_20260122.png,revere_20260116.png,BUY TSLL ADD TO URSP RKLB,review,action_conflict
GRO,2026-01-22,1,ENTER,NBIS,revere_20260122.png,revere_20260116.png,BUY TSLL ADD TO URSP RKLB,review,action_conflict
GRO,2026-01-22,1,ENTER,SSO,revere_20260122.png,revere_20260116.png,BUY TSLL ADD TO URSP RKLB,review,action_conflict
GRO,2026-01-22,1,ENTER,TSLA,revere_20260122.png,revere_20260116.png,BUY TSLL ADD TO URSP RKLB,review,action_conflict
GRO,2026-01-22,1,ENTER,UPRO,revere_20260122.png,revere_20260116.png,BUY TSLL ADD TO URSP RKLB,review,action_conflict
GRO,2026-01-22,1,EXIT,APH,revere_20260122.png,revere_20260116.png,BUY TSLL ADD TO URSP RKLB,review,action_conflict
GRO,2026-01-22,1,EXIT,CCI,revere_20260122.png,revere_20260116.png,BUY TSLL ADD TO URSP RKLB,review,action_conflict
GRO,2026-01-22,1,EXIT,GOOG,revere_20260122.png,revere_20260116.png,BUY TSLL ADD TO URSP RKLB,review,action_conflict
GRO,2026-01-22,1,EXIT,INGD,revere_20260122.png,revere_20260116.png,BUY TSLL ADD TO URSP RKLB,review,action_conflict
GRO,2026-01-22,1,EXIT,LLY,revere_20260122.png,revere_20260116.png,BUY TSLL ADD TO URSP RKLB,review,action_conflict
GRO,2026-01-22,1,EXIT,RKT,revere_20260122.png,revere_20260116.png,BUY TSLL ADD TO URSP RKLB,review,action_conflict
GRO,2026-01-22,1,EXIT,SLV,revere_20260122.png,revere_20260116.png,BUY TSLL ADD TO URSP RKLB,review,action_conflict
GRO,2026-01-22,1,EXIT,UPRD,revere_20260122.png,revere_20260116.png,BUY TSLL ADD TO URSP RKLB,review,action_conflict
TURBO,2026-01-22,1,ENTER,AVS,revere_20260122.png,revere_20260116.png,BUY ARKG ADD TO LEU,review,action_conflict
TURBO,2026-01-22,1,ENTER,HAL,revere_20260122.png,revere_20260116.png,BUY ARKG ADD TO LEU,review,action_conflict
TURBO,2026-01-22,1,ENTER,IREN,revere_20260122.png,revere_20260116.png,BUY ARKG ADD TO LEU,review,action_conflict
TURBO,2026-01-22,1,ENTER,REMX,revere_20260122.png,revere_20260116.png,BUY ARKG ADD TO LEU,review,action_conflict
TURBO,2026-01-22,1,ENTER,SE,revere_20260122.png,revere_20260116.png,BUY ARKG ADD TO LEU,review,action_conflict
TURBO,2026-01-22,1,ENTER,TER,revere_20260122.png,revere_20260116.png,BUY ARKG ADD TO LEU,review,action_conflict
TURBO,2026-01-22,1,ENTER,TSLA,revere_20260122.png,revere_20260116.png,BUY ARKG ADD TO LEU,review,action_conflict
TURBO,2026-01-22,1,ENTER,UREO,revere_20260122.png,revere_20260116.png,BUY ARKG ADD TO LEU,review,action_conflict
TURBO,2026-01-22,1,EXIT,AEM,revere_20260122.png,revere_20260116.png,BUY ARKG ADD TO LEU,review,action_conflict
TURBO,2026-01-22,1,EXIT,AKT,revere_20260122.png,revere_20260116.png,BUY ARKG ADD TO LEU,review,action_conflict
TURBO,2026-01-22,1,EXIT,GLD,revere_20260122.png,revere_20260116.png,BUY ARKG ADD TO LEU,review,action_conflict
TURBO,2026-01-22,1,EXIT,LABU,revere_20260122.png,revere_20260116.png,BUY ARKG ADD TO LEU,review,action_conflict
TURBO,2026-01-22,1,EXIT,RKLE,revere_20260122.png,revere_20260116.png,BUY ARKG ADD TO LEU,review,action_conflict
TURBO,2026-01-22,1,EXIT,SLV,revere_20260122.png,revere_20260116.png,BUY ARKG ADD TO LEU,review,action_conflict
TURBO,2026-01-22,1,EXIT,STU,revere_20260122.png,revere_20260116.png,BUY ARKG ADD TO LEU,review,action_conflict
TURBO,2026-01-22,1,EXIT,UPRO,revere_20260122.png,revere_20260116.png,BUY ARKG ADD TO LEU,review,action_conflict
TURBO,2026-01-22,1,EXIT,VSCO,revere_20260122.png,revere_20260116.png,BUY ARKG ADD TO LEU,review,action_conflict
GRO,2026-01-23,1,ENTER,APH,revere_20260123.png,revere_20260122.png,SELL ONG,review,action_conflict
GRO,2026-01-23,1,ENTER,DELL,revere_20260123.png,revere_20260122.png,SELL ONG,review,action_conflict
GRO,2026-01-23,1,ENTER,MRVL,revere_20260123.png,revere_20260122.png,SELL ONG,review,action_conflict
GRO,2026-01-23,1,ENTER,RALY,revere_20260123.png,revere_20260122.png,SELL ONG,review,action_conflict
GRO,2026-01-23,1,ENTER,SNOW,revere_20260123.png,revere_20260122.png,SELL ONG,review,action_conflict
GRO,2026-01-23,1,ENTER,USAR,revere_20260123.png,revere_20260122.png,SELL ONG,review,action_conflict
GRO,2026-01-23,1,ENTER,USRP,revere_20260123.png,revere_20260122.png,SELL ONG,review,action_conflict
GRO,2026-01-23,1,EXIT,APLD,revere_20260123.png,revere_20260122.png,SELL ONG,review,action_conflict
GRO,2026-01-23,1,EXIT,BE,revere_20260123.png,revere_20260122.png,SELL ONG,review,action_conflict
GRO,2026-01-23,1,EXIT,IONQ,revere_20260123.png,revere_20260122.png,SELL ONG,review,action_conflict
GRO,2026-01-23,1,EXIT,MU,revere_20260123.png,revere_20260122.png,SELL ONG,review,action_conflict
GRO,2026-01-23,1,EXIT,NBIS,revere_20260123.png,revere_20260122.png,SELL ONG,review,action_conflict
GRO,2026-01-23,1,EXIT,RKLB,revere_20260123.png,revere_20260122.png,SELL ONG,review,action_conflict
GRO,2026-01-23,1,EXIT,SNDK,revere_20260123.png,revere_20260122.png,SELL ONG,review,action_conflict
GRO,2026-01-23,1,EXIT,SPYM,revere_20260123.png,revere_20260122.png,SELL ONG,review,action_conflict
GRO,2026-01-23,1,EXIT,SSO,revere_20260123.png,revere_20260122.png,SELL ONG,review,action_conflict
TURBO,2026-01-23,1,ENTER,B,revere_20260123.png,revere_20260122.png,SELL SE(,review,action_conflict
TURBO,2026-01-23,1,ENTER,I,revere_20260123.png,revere_20260122.png,SELL SE(,review,action_conflict
TURBO,2026-01-23,1,ENTER,LABU,revere_20260123.png,revere_20260122.png,SELL SE(,review,action_conflict
TURBO,2026-01-23,1,ENTER,NTC,revere_20260123.png,revere_20260122.png,SELL SE(,review,action_conflict
TURBO,2026-01-23,1,ENTER,SERV,revere_20260123.png,revere_20260122.png,SELL SE(,review,action_conflict
TURBO,2026-01-23,1,ENTER,SNOK,revere_20260123.png,revere_20260122.png,SELL SE(,review,action_conflict
TURBO,2026-01-23,1,EXIT,AVS,revere_20260123.png,revere_20260122.png,SELL SE(,review,action_conflict
TURBO,2026-01-23,1,EXIT,HAL,revere_20260123.png,revere_20260122.png,SELL SE(,review,action_conflict
TURBO,2026-01-23,1,EXIT,IREN,revere_20260123.png,revere_20260122.png,SELL SE(,review,action_conflict
TURBO,2026-01-23,1,EXIT,LEU,revere_20260123.png,revere_20260122.png,SELL SE(,review,action_conflict
TURBO,2026-01-23,1,EXIT,PLTR,revere_20260123.png,revere_20260122.png,SELL SE(,review,action_conflict
TURBO,2026-01-23,1,EXIT,REMX,revere_20260123.png,revere_20260122.png,SELL SE(,review,action_conflict
TURBO,2026-01-23,1,EXIT,SNDK,revere_20260123.png,revere_20260122.png,SELL SE(,review,action_conflict
TURBO,2026-01-23,1,EXIT,SSO,revere_20260123.png,revere_20260122.png,SELL SE(,review,action_conflict
TURBO,2026-01-23,1,EXIT,SUB,revere_20260123.png,revere_20260122.png,SELL SE(,review,action_conflict
TURBO,2026-01-23,1,EXIT,TER,revere_20260123.png,revere_20260122.png,SELL SE(,review,action_conflict
TURBO,2026-01-23,1,EXIT,TSLA,revere_20260123.png,revere_20260122.png,SELL SE(,review,action_conflict
TURBO,2026-01-23,1,EXIT,UREO,revere_20260123.png,revere_20260122.png,SELL SE(,review,action_conflict
TURBO,2026-01-26,1,ENTER,AAPL,revere_20260126.png,revere_20260123.png,ADD 10 BABA O-TRIM SLV REMX SELL LEU,review,action_conflict
TURBO,2026-01-26,1,ENTER,APLD,revere_20260126.png,revere_20260123.png,ADD 10 BABA O-TRIM SLV REMX SELL LEU,review,action_conflict
TURBO,2026-01-26,1,ENTER,ARKG,revere_20260126.png,revere_20260123.png,ADD 10 BABA O-TRIM SLV REMX SELL LEU,review,action_conflict
TURBO,2026-01-26,1,ENTER,ILASN,revere_20260126.png,revere_20260123.png,ADD 10 BABA O-TRIM SLV REMX SELL LEU,review,action_conflict
TURBO,2026-01-26,1,ENTER,OOCN,revere_20260126.png,revere_20260123.png,ADD 10 BABA O-TRIM SLV REMX SELL LEU,review,action_conflict
TURBO,2026-01-26,1,ENTER,RVAD,revere_20260126.png,revere_20260123.png,ADD 10 BABA O-TRIM SLV REMX SELL LEU,review,action_conflict
TURBO,2026-01-26,1,ENTER,SHORT,revere_20260126.png,revere_20260123.png,ADD 10 BABA O-TRIM SLV REMX SELL LEU,review,action_conflict
TURBO,2026-01-26,1,ENTER,SNK,revere_20260126.png,revere_20260123.png,ADD 10 BABA O-TRIM SLV REMX SELL LEU,review,action_conflict
TURBO,2026-01-26,1,ENTER,URA,revere_20260126.png,revere_20260123.png,ADD 10 BABA O-TRIM SLV REMX SELL LEU,review,action_conflict
TURBO,2026-01-26,1,EXIT,B,revere_20260126.png,revere_20260123.png,ADD 10 BABA O-TRIM SLV REMX SELL LEU,review,action_conflict
TURBO,2026-01-26,1,EXIT,GOOGL,revere_20260126.png,revere_20260123.png,ADD 10 BABA O-TRIM SLV REMX SELL LEU,review,action_conflict
TURBO,2026-01-26,1,EXIT,I,revere_20260126.png,revere_20260123.png,ADD 10 BABA O-TRIM SLV REMX SELL LEU,review,action_conflict
TURBO,2026-01-26,1,EXIT,INTC,revere_20260126.png,revere_20260123.png,ADD 10 BABA O-TRIM SLV REMX SELL LEU,review,action_conflict
TURBO,2026-01-26,1,EXIT,LABU,revere_20260126.png,revere_20260123.png,ADD 10 BABA O-TRIM SLV REMX SELL LEU,review,action_conflict
TURBO,2026-01-26,1,EXIT,NTC,revere_20260126.png,revere_20260123.png,ADD 10 BABA O-TRIM SLV REMX SELL LEU,review,action_conflict
TURBO,2026-01-26,1,EXIT,SERV,revere_20260126.png,revere_20260123.png,ADD 10 BABA O-TRIM SLV REMX SELL LEU,review,action_conflict
TURBO,2026-01-26,1,EXIT,SNOK,revere_20260126.png,revere_20260123.png,ADD 10 BABA O-TRIM SLV REMX SELL LEU,review,action_conflict
GRO,2026-01-27,1,ENTER,ANSME,revere_20260127.png,revere_20260126.png,,review,suspicious_holdings
GRO,2026-01-27,1,ENTER,BROS,revere_20260127.png,revere_20260126.png,,review,suspicious_holdings
GRO,2026-01-27,1,ENTER,CC,revere_20260127.png,revere_20260126.png,,review,suspicious_holdings
GRO,2026-01-27,1,ENTER,FTNT,revere_20260127.png,revere_20260126.png,,review,suspicious_holdings
GRO,2026-01-27,1,ENTER,I,revere_20260127.png,revere_20260126.png,,review,suspicious_holdings
GRO,2026-01-27,1,ENTER,IBIT,revere_20260127.png,revere_20260126.png,,review,suspicious_holdings
GRO,2026-01-27,1,ENTER,MOB,revere_20260127.png,revere_20260126.png,,review,suspicious_holdings
GRO,2026-01-27,1,ENTER,ORAM,revere_20260127.png,revere_20260126.png,,review,suspicious_holdings
GRO,2026-01-27,1,ENTER,SE,revere_20260127.png,revere_20260126.png,,review,suspicious_holdings
GRO,2026-01-27,1,ENTER,SERV,revere_20260127.png,revere_20260126.png,,review,suspicious_holdings
GRO,2026-01-27,1,ENTER,SNOW,revere_20260127.png,revere_20260126.png,,review,suspicious_holdings
GRO,2026-01-27,1,ENTER,SNOX,revere_20260127.png,revere_20260126.png,,review,suspicious_holdings
GRO,2026-01-27,1,ENTER,SUV,revere_20260127.png,revere_20260126.png,,review,suspicious_holdings
GRO,2026-01-27,1,ENTER,TALS,revere_20260127.png,revere_20260126.png,,review,suspicious_holdings
GRO,2026-01-27,1,ENTER,UNE,revere_20260127.png,revere_20260126.png,,review,suspicious_holdings
GRO,2026-01-27,1,ENTER,UPNO,revere_20260127.png,revere_20260126.png,,review,suspicious_holdings
GRO,2026-01-27,1,ENTER,USAR,revere_20260127.png,revere_20260126.png,,review,suspicious_holdings
GRO,2026-01-27,1,EXIT,COOTE,revere_20260127.png,revere_20260126.png,,review,suspicious_holdings
GRO,2026-01-27,1,EXIT,EOSE,revere_20260127.png,revere_20260126.png,,review,suspicious_holdings
GRO,2026-01-27,1,EXIT,GLD,revere_20260127.png,revere_20260126.png,,review,suspicious_holdings
GRO,2026-01-27,1,EXIT,GOO,revere_20260127.png,revere_20260126.png,,review,suspicious_holdings
GRO,2026-01-27,1,EXIT,HOOD,revere_20260127.png,revere_20260126.png,,review,suspicious_holdings
GRO,2026-01-27,1,EXIT,KTOS,revere_20260127.png,revere_20260126.png,,review,suspicious_holdings
GRO,2026-01-27,1,EXIT,LABU,revere_20260127.png,revere_20260126.png,,review,suspicious_holdings
GRO,2026-01-27,1,EXIT,MU,revere_20260127.png,revere_20260126.png,,review,suspicious_holdings
GRO,2026-01-27,1,EXIT,NAIL,revere_20260127.png,revere_20260126.png,,review,suspicious_holdings
GRO,2026-01-27,1,EXIT,NOK,revere_20260127.png,revere_20260126.png,,review,suspicious_holdings
GRO,2026-01-27,1,EXIT,RALY,revere_20260127.png,revere_20260126.png,,review,suspicious_holdings
GRO,2026-01-27,1,EXIT,RKLB,revere_20260127.png,revere_20260126.png,,review,suspicious_holdings
GRO,2026-01-27,1,EXIT,SPYM,revere_20260127.png,revere_20260126.png,,review,suspicious_holdings
GRO,2026-01-27,1,EXIT,TSLA,revere_20260127.png,revere_20260126.png,,review,suspicious_holdings
TURBO,2026-01-27,1,ENTER,CRDO,revere_20260127.png,revere_20260126.png,BUY CRWD FIGR SELL VSCO,review,action_conflict
TURBO,2026-01-27,1,ENTER,FSLY,revere_20260127.png,revere_20260126.png,BUY CRWD FIGR SELL VSCO,review,action_conflict
TURBO,2026-01-27,1,ENTER,GLD,revere_20260127.png,revere_20260126.png,BUY CRWD FIGR SELL VSCO,review,action_conflict
TURBO,2026-01-27,1,ENTER,GOOGL,revere_20260127.png,revere_20260126.png,BUY CRWD FIGR SELL VSCO,review,action_conflict
TURBO,2026-01-27,1,ENTER,INTC,revere_20260127.png,revere_20260126.png,BUY CRWD FIGR SELL VSCO,review,action_conflict
TURBO,2026-01-27,1,ENTER,LABU,revere_20260127.png,revere_20260126.png,BUY CRWD FIGR SELL VSCO,review,action_conflict
TURBO,2026-01-27,1,ENTER,PL,revere_20260127.png,revere_20260126.png,BUY CRWD FIGR SELL VSCO,review,action_conflict
TURBO,2026-01-27,1,ENTER,REMX,revere_20260127.png,revere_20260126.png,BUY CRWD FIGR SELL VSCO,review,action_conflict
TURBO,2026-01-27,1,ENTER,RKLS,revere_20260127.png,revere_20260126.png,BUY CRWD FIGR SELL VSCO,review,action_conflict
TURBO,2026-01-27,1,ENTER,SNDK,revere_20260127.png,revere_20260126.png,BUY CRWD FIGR SELL VSCO,review,action_conflict
TURBO,2026-01-27,1,ENTER,SPYM,revere_20260127.png,revere_20260126.png,BUY CRWD FIGR SELL VSCO,review,action_conflict
TURBO,2026-01-27,1,ENTER,SSO,revere_20260127.png,revere_20260126.png,BUY CRWD FIGR SELL VSCO,review,action_conflict
TURBO,2026-01-27,1,ENTER,TER,revere_20260127.png,revere_20260126.png,BUY CRWD FIGR SELL VSCO,review,action_conflict
TURBO,2026-01-27,1,ENTER,TSEM,revere_20260127.png,revere_20260126.png,BUY CRWD FIGR SELL VSCO,review,action_conflict
TURBO,2026-01-27,1,ENTER,UPRO,revere_20260127.png,revere_20260126.png,BUY CRWD FIGR SELL VSCO,review,action_conflict
TURBO,2026-01-27,1,EXIT,AAPL,revere_20260127.png,revere_20260126.png,BUY CRWD FIGR SELL VSCO,review,action_conflict
TURBO,2026-01-27,1,EXIT,ILASN,revere_20260127.png,revere_20260126.png,BUY CRWD FIGR SELL VSCO,review,action_conflict
TURBO,2026-01-27,1,EXIT,OOCN,revere_20260127.png,revere_20260126.png,BUY CRWD FIGR SELL VSCO,review,action_conflict
TURBO,2026-01-27,1,EXIT,RVAD,revere_20260127.png,revere_20260126.png,BUY CRWD FIGR SELL VSCO,review,action_conflict
TURBO,2026-01-27,1,EXIT,SHORT,revere_20260127.png,revere_20260126.png,BUY CRWD FIGR SELL VSCO,review,action_conflict
TURBO,2026-01-27,1,EXIT,SNK,revere_20260127.png,revere_20260126.png,BUY CRWD FIGR SELL VSCO,review,action_conflict
TURBO,2026-01-27,1,EXIT,URA,revere_20260127.png,revere_20260126.png,BUY CRWD FIGR SELL VSCO,review,action_conflict
GRO,2026-01-28,1,ENTER,ALAR,revere_20260128.png,revere_20260127.png,SELL DUST TRIM APH,review,action_conflict
GRO,2026-01-28,1,ENTER,ARM,revere_20260128.png,revere_20260127.png,SELL DUST TRIM APH,review,action_conflict
GRO,2026-01-28,1,ENTER,ETHA,revere_20260128.png,revere_20260127.png,SELL DUST TRIM APH,review,action_conflict
GRO,2026-01-28,1,ENTER,HOOD,revere_20260128.png,revere_20260127.png,SELL DUST TRIM APH,review,action_conflict
GRO,2026-01-28,1,ENTER,KTOS,revere_20260128.png,revere_20260127.png,SELL DUST TRIM APH,review,action_conflict
GRO,2026-01-28,1,ENTER,LABU,revere_20260128.png,revere_20260127.png,SELL DUST TRIM APH,review,action_conflict
GRO,2026-01-28,1,ENTER,MU,revere_20260128.png,revere_20260127.png,SELL DUST TRIM APH,review,action_conflict
GRO,2026-01-28,1,ENTER,RALY,revere_20260128.png,revere_20260127.png,SELL DUST TRIM APH,review,action_conflict
GRO,2026-01-28,1,ENTER,RES,revere_20260128.png,revere_20260127.png,SELL DUST TRIM APH,review,action_conflict
GRO,2026-01-28,1,ENTER,TRI,revere_20260128.png,revere_20260127.png,SELL DUST TRIM APH,review,action_conflict
GRO,2026-01-28,1,ENTER,UPRO,revere_20260128.png,revere_20260127.png,SELL DUST TRIM APH,review,action_conflict
GRO,2026-01-28,1,ENTER,WGMI,revere_20260128.png,revere_20260127.png,SELL DUST TRIM APH,review,action_conflict
GRO,2026-01-28,1,EXIT,ANSME,revere_20260128.png,revere_20260127.png,SELL DUST TRIM APH,review,action_conflict
GRO,2026-01-28,1,EXIT,BROS,revere_20260128.png,revere_20260127.png,SELL DUST TRIM APH,review,action_conflict
GRO,2026-01-28,1,EXIT,FTNT,revere_20260128.png,revere_20260127.png,SELL DUST TRIM APH,review,action_conflict
GRO,2026-01-28,1,EXIT,I,revere_20260128.png,revere_20260127.png,SELL DUST TRIM APH,review,action_conflict
GRO,2026-01-28,1,EXIT,MOB,revere_20260128.png,revere_20260127.png,SELL DUST TRIM APH,review,action_conflict
GRO,2026-01-28,1,EXIT,ORAM,revere_20260128.png,revere_20260127.png,SELL DUST TRIM APH,review,action_conflict
GRO,2026-01-28,1,EXIT,SE,revere_20260128.png,revere_20260127.png,SELL DUST TRIM APH,review,action_conflict
GRO,2026-01-28,1,EXIT,SERV,revere_20260128.png,revere_20260127.png,SELL DUST TRIM APH,review,action_conflict
GRO,2026-01-28,1,EXIT,SNOX,revere_20260128.png,revere_20260127.png,SELL DUST TRIM APH,review,action_conflict
GRO,2026-01-28,1,EXIT,SSO,revere_20260128.png,revere_20260127.png,SELL DUST TRIM APH,review,action_conflict
GRO,2026-01-28,1,EXIT,SUV,revere_20260128.png,revere_20260127.png,SELL DUST TRIM APH,review,action_conflict
GRO,2026-01-28,1,EXIT,TALS,revere_20260128.png,revere_20260127.png,SELL DUST TRIM APH,review,action_conflict
GRO,2026-01-28,1,EXIT,UNE,revere_20260128.png,revere_20260127.png,SELL DUST TRIM APH,review,action_conflict
GRO,2026-01-28,1,EXIT,UPNO,revere_20260128.png,revere_20260127.png,SELL DUST TRIM APH,review,action_conflict
GRO,2026-01-28,1,EXIT,USAR,revere_20260128.png,revere_20260127.png,SELL DUST TRIM APH,review,action_conflict
GRO,2026-01-28,1,EXIT,USRP,revere_20260128.png,revere_20260127.png,SELL DUST TRIM APH,review,action_conflict
TURBO,2026-01-28,1,ENTER,AAPL,revere_20260128.png,revere_20260127.png,BUY GEV,review,action_conflict
TURBO,2026-01-28,1,ENTER,BABA,revere_20260128.png,revere_20260127.png,BUY GEV,review,action_conflict
TURBO,2026-01-28,1,ENTER,ETHA,revere_20260128.png,revere_20260127.png,BUY GEV,review,action_conflict
TURBO,2026-01-28,1,ENTER,GH,revere_20260128.png,revere_20260127.png,BUY GEV,review,action_conflict
TURBO,2026-01-28,1,ENTER,MU,revere_20260128.png,revere_20260127.png,BUY GEV,review,action_conflict
TURBO,2026-01-28,1,ENTER,SNOK,revere_20260128.png,revere_20260127.png,BUY GEV,review,action_conflict
TURBO,2026-01-28,1,ENTER,SOXL,revere_20260128.png,revere_20260127.png,BUY GEV,review,action_conflict
TURBO,2026-01-28,1,ENTER,TWLO,revere_20260128.png,revere_20260127.png,BUY GEV,review,action_conflict
TURBO,2026-01-28,1,EXIT,APLD,revere_20260128.png,revere_20260127.png,BUY GEV,review,action_conflict
TURBO,2026-01-28,1,EXIT,FIGR,revere_20260128.png,revere_20260127.png,BUY GEV,review,action_conflict
TURBO,2026-01-28,1,EXIT,FSLY,revere_20260128.png,revere_20260127.png,BUY GEV,review,action_conflict
TURBO,2026-01-28,1,EXIT,GLD,revere_20260128.png,revere_20260127.png,BUY GEV,review,action_conflict
TURBO,2026-01-28,1,EXIT,PL,revere_20260128.png,revere_20260127.png,BUY GEV,review,action_conflict
TURBO,2026-01-28,1,EXIT,REMX,revere_20260128.png,revere_20260127.png,BUY GEV,review,action_conflict
TURBO,2026-01-28,1,EXIT,RKLS,revere_20260128.png,revere_20260127.png,BUY GEV,review,action_conflict
TURBO,2026-01-28,1,EXIT,SNDK,revere_20260128.png,revere_20260127.png,BUY GEV,review,action_conflict
TURBO,2026-01-28,1,EXIT,SPYM,revere_20260128.png,revere_20260127.png,BUY GEV,review,action_conflict
TURBO,2026-01-28,1,EXIT,SSO,revere_20260128.png,revere_20260127.png,BUY GEV,review,action_conflict
TURBO,2026-01-28,1,EXIT,TSEM,revere_20260128.png,revere_20260127.png,BUY GEV,review,action_conflict
TURBO,2026-01-28,1,EXIT,UPRO,revere_20260128.png,revere_20260127.png,BUY GEV,review,action_conflict
GRO,2026-01-29,1,ENTER,BE,revere_20260129.png,revere_20260128.png,,review,suspicious_holdings
GRO,2026-01-29,1,ENTER,CAVA,revere_20260129.png,revere_20260128.png,,review,suspicious_holdings
GRO,2026-01-29,1,ENTER,CRCL,revere_20260129.png,revere_20260128.png,,review,suspicious_holdings
GRO,2026-01-29,1,ENTER,EEE,revere_20260129.png,revere_20260128.png,,review,suspicious_holdings
GRO,2026-01-29,1,ENTER,FCEL,revere_20260129.png,revere_20260128.png,,review,suspicious_holdings
GRO,2026-01-29,1,ENTER,GH,revere_20260129.png,revere_20260128.png,,review,suspicious_holdings
GRO,2026-01-29,1,ENTER,GLD,revere_20260129.png,revere_20260128.png,,review,suspicious_holdings
GRO,2026-01-29,1,ENTER,GOOG,revere_20260129.png,revere_20260128.png,,review,suspicious_holdings
GRO,2026-01-29,1,ENTER,HIMS,revere_20260129.png,revere_20260128.png,,review,suspicious_holdings
GRO,2026-01-29,1,ENTER,I,revere_20260129.png,revere_20260128.png,,review,suspicious_holdings
GRO,2026-01-29,1,ENTER,LAB,revere_20260129.png,revere_20260128.png,,review,suspicious_holdings
GRO,2026-01-29,1,ENTER,MOB,revere_20260129.png,revere_20260128.png,,review,suspicious_holdings
GRO,2026-01-29,1,ENTER,NVT,revere_20260129.png,revere_20260128.png,,review,suspicious_holdings
GRO,2026-01-29,1,ENTER,RKLB,revere_20260129.png,revere_20260128.png,,review,suspicious_holdings
GRO,2026-01-29,1,ENTER,SE,revere_20260129.png,revere_20260128.png,,review,suspicious_holdings
GRO,2026-01-29,1,ENTER,SPYM,revere_20260129.png,revere_20260128.png,,review,suspicious_holdings
GRO,2026-01-29,1,ENTER,T,revere_20260129.png,revere_20260128.png,,review,suspicious_holdings
GRO,2026-01-29,1,ENTER,TALS,revere_20260129.png,revere_20260128.png,,review,suspicious_holdings
GRO,2026-01-29,1,ENTER,THIE,revere_20260129.png,revere_20260128.png,,review,suspicious_holdings
GRO,2026-01-29,1,ENTER,URTY,revere_20260129.png,revere_20260128.png,,review,suspicious_holdings
GRO,2026-01-29,1,ENTER,VIAV,revere_20260129.png,revere_20260128.png,,review,suspicious_holdings
GRO,2026-01-29,1,ENTER,WIOVE,revere_20260129.png,revere_20260128.png,,review,suspicious_holdings
GRO,2026-01-29,1,EXIT,ALAR,revere_20260129.png,revere_20260128.png,,review,suspicious_holdings
GRO,2026-01-29,1,EXIT,ETHA,revere_20260129.png,revere_20260128.png,,review,suspicious_holdings
GRO,2026-01-29,1,EXIT,KTOS,revere_20260129.png,revere_20260128.png,,review,suspicious_holdings
GRO,2026-01-29,1,EXIT,LABU,revere_20260129.png,revere_20260128.png,,review,suspicious_holdings
GRO,2026-01-29,1,EXIT,MU,revere_20260129.png,revere_20260128.png,,review,suspicious_holdings
GRO,2026-01-29,1,EXIT,RALY,revere_20260129.png,revere_20260128.png,,review,suspicious_holdings
GRO,2026-01-29,1,EXIT,RES,revere_20260129.png,revere_20260128.png,,review,suspicious_holdings
GRO,2026-01-29,1,EXIT,SNOW,revere_20260129.png,revere_20260128.png,,review,suspicious_holdings
GRO,2026-01-29,1,EXIT,UPRO,revere_20260129.png,revere_20260128.png,,review,suspicious_holdings
GRO,2026-01-29,1,EXIT,WGMI,revere_20260129.png,revere_20260128.png,,review,suspicious_holdings
GRO,2026-01-30,1,ENTER,APH,revere_20260130.png,revere_20260129.png,,review,suspicious_holdings
GRO,2026-01-30,1,ENTER,CCI,revere_20260130.png,revere_20260129.png,,review,suspicious_holdings
GRO,2026-01-30,1,ENTER,SSO,revere_20260130.png,revere_20260129.png,,review,suspicious_holdings
GRO,2026-01-30,1,ENTER,UPRO,revere_20260130.png,revere_20260129.png,,review,suspicious_holdings
GRO,2026-01-30,1,ENTER,USRP,revere_20260130.png,revere_20260129.png,,review,suspicious_holdings
GRO,2026-01-30,1,EXIT,ARM,revere_20260130.png,revere_20260129.png,,review,suspicious_holdings
GRO,2026-01-30,1,EXIT,CAVA,revere_20260130.png,revere_20260129.png,,review,suspicious_holdings
GRO,2026-01-30,1,EXIT,CC,revere_20260130.png,revere_20260129.png,,review,suspicious_holdings
GRO,2026-01-30,1,EXIT,CRCL,revere_20260130.png,revere_20260129.png,,review,suspicious_holdings
GRO,2026-01-30,1,EXIT,EEE,revere_20260130.png,revere_20260129.png,,review,suspicious_holdings
GRO,2026-01-30,1,EXIT,FCEL,revere_20260130.png,revere_20260129.png,,review,suspicious_holdings
GRO,2026-01-30,1,EXIT,GH,revere_20260130.png,revere_20260129.png,,review,suspicious_holdings
GRO,2026-01-30,1,EXIT,HIMS,revere_20260130.png,revere_20260129.png,,review,suspicious_holdings
GRO,2026-01-30,1,EXIT,HOOD,revere_20260130.png,revere_20260129.png,,review,suspicious_holdings
GRO,2026-01-30,1,EXIT,I,revere_20260130.png,revere_20260129.png,,review,suspicious_holdings
GRO,2026-01-30,1,EXIT,IBIT,revere_20260130.png,revere_20260129.png,,review,suspicious_holdings
GRO,2026-01-30,1,EXIT,LAB,revere_20260130.png,revere_20260129.png,,review,suspicious_holdings
GRO,2026-01-30,1,EXIT,MOB,revere_20260130.png,revere_20260129.png,,review,suspicious_holdings
GRO,2026-01-30,1,EXIT,NVT,revere_20260130.png,revere_20260129.png,,review,suspicious_holdings
GRO,2026-01-30,1,EXIT,RKLB,revere_20260130.png,revere_20260129.png,,review,suspicious_holdings
GRO,2026-01-30,1,EXIT,SE,revere_20260130.png,revere_20260129.png,,review,suspicious_holdings
GRO,2026-01-30,1,EXIT,T,revere_20260130.png,revere_20260129.png,,review,suspicious_holdings
GRO,2026-01-30,1,EXIT,TALS,revere_20260130.png,revere_20260129.png,,review,suspicious_holdings
GRO,2026-01-30,1,EXIT,THIE,revere_20260130.png,revere_20260129.png,,review,suspicious_holdings
GRO,2026-01-30,1,EXIT,TRI,revere_20260130.png,revere_20260129.png,,review,suspicious_holdings
GRO,2026-01-30,1,EXIT,URTY,revere_20260130.png,revere_20260129.png,,review,suspicious_holdings
GRO,2026-01-30,1,EXIT,VIAV,revere_20260130.png,revere_20260129.png,,review,suspicious_holdings
GRO,2026-01-30,1,EXIT,WIOVE,revere_20260130.png,revere_20260129.png,,review,suspicious_holdings
TURBO,2026-01-30,1,ENTER,BTU,revere_20260130.png,revere_20260128.png,TRIM SNOK SELL ARKG LABU REMX GLD SLV PPLT,review,action_conflict
TURBO,2026-01-30,1,ENTER,GEV,revere_20260130.png,revere_20260128.png,TRIM SNOK SELL ARKG LABU REMX GLD SLV PPLT,review,action_conflict
TURBO,2026-01-30,1,ENTER,PL,revere_20260130.png,revere_20260128.png,TRIM SNOK SELL ARKG LABU REMX GLD SLV PPLT,review,action_conflict
TURBO,2026-01-30,1,ENTER,RKLE,revere_20260130.png,revere_20260128.png,TRIM SNOK SELL ARKG LABU REMX GLD SLV PPLT,review,action_conflict
TURBO,2026-01-30,1,ENTER,SPYM,revere_20260130.png,revere_20260128.png,TRIM SNOK SELL ARKG LABU REMX GLD SLV PPLT,review,action_conflict
TURBO,2026-01-30,1,ENTER,SSO,revere_20260130.png,revere_20260128.png,TRIM SNOK SELL ARKG LABU REMX GLD SLV PPLT,review,action_conflict
TURBO,2026-01-30,1,ENTER,TSEM,revere_20260130.png,revere_20260128.png,TRIM SNOK SELL ARKG LABU REMX GLD SLV PPLT,review,action_conflict
TURBO,2026-01-30,1,ENTER,UPRO,revere_20260130.png,revere_20260128.png,TRIM SNOK SELL ARKG LABU REMX GLD SLV PPLT,review,action_conflict
TURBO,2026-01-30,1,EXIT,AAPL,revere_20260130.png,revere_20260128.png,TRIM SNOK SELL ARKG LABU REMX GLD SLV PPLT,review,action_conflict
TURBO,2026-01-30,1,EXIT,CRDO,revere_20260130.png,revere_20260128.png,TRIM SNOK SELL ARKG LABU REMX GLD SLV PPLT,review,action_conflict
TURBO,2026-01-30,1,EXIT,ETHA,revere_20260130.png,revere_20260128.png,TRIM SNOK SELL ARKG LABU REMX GLD SLV PPLT,review,action_conflict
TURBO,2026-01-30,1,EXIT,GH,revere_20260130.png,revere_20260128.png,TRIM SNOK SELL ARKG LABU REMX GLD SLV PPLT,review,action_conflict
TURBO,2026-01-30,1,EXIT,MU,revere_20260130.png,revere_20260128.png,TRIM SNOK SELL ARKG LABU REMX GLD SLV PPLT,review,action_conflict
TURBO,2026-01-30,1,EXIT,SOXL,revere_20260130.png,revere_20260128.png,TRIM SNOK SELL ARKG LABU REMX GLD SLV PPLT,review,action_conflict
TURBO,2026-01-30,1,EXIT,TWLO,revere_20260130.png,revere_20260128.png,TRIM SNOK SELL ARKG LABU REMX GLD SLV PPLT,review,action_conflict
GRO,2026-02-02,1,ENTER,CC,revere_20260202.png,revere_20260130.png,BUY AAPL ADD TO URSP,review,action_conflict
GRO,2026-02-02,1,ENTER,HOOD,revere_20260202.png,revere_20260130.png,BUY AAPL ADD TO URSP,review,action_conflict
GRO,2026-02-02,1,EXIT,CCI,revere_20260202.png,revere_20260130.png,BUY AAPL ADD TO URSP,review,action_conflict
GRO,2026-02-02,1,EXIT,GOOG,revere_20260202.png,revere_20260130.png,BUY AAPL ADD TO URSP,review,action_conflict
GRO,2026-02-02,1,EXIT,USRP,revere_20260202.png,revere_20260130.png,BUY AAPL ADD TO URSP,review,action_conflict
TURBO,2026-02-02,1,ENTER,AKLE,revere_20260202.png,revere_20260130.png,SELL PL,review,action_conflict
TURBO,2026-02-02,1,ENTER,LABU,revere_20260202.png,revere_20260130.png,SELL PL,review,action_conflict
TURBO,2026-02-02,1,ENTER,SNDK,revere_20260202.png,revere_20260130.png,SELL PL,review,action_conflict
TURBO,2026-02-02,1,ENTER,TSLA,revere_20260202.png,revere_20260130.png,SELL PL,review,action_conflict
TURBO,2026-02-02,1,EXIT,BABA,revere_20260202.png,revere_20260130.png,SELL PL,review,action_conflict
TURBO,2026-02-02,1,EXIT,RKLE,revere_20260202.png,revere_20260130.png,SELL PL,review,action_conflict
TURBO,2026-02-02,1,EXIT,SNOK,revere_20260202.png,revere_20260130.png,SELL PL,review,action_conflict
TURBO,2026-02-02,1,EXIT,TSEM,revere_20260202.png,revere_20260130.png,SELL PL,review,action_conflict
GRO,2026-02-03,1,ENTER,GOOG,revere_20260203.png,revere_20260202.png,ADD TO AAPL SELL APH [ENE,review,action_conflict
GRO,2026-02-03,1,ENTER,JJLL,revere_20260203.png,revere_20260202.png,ADD TO AAPL SELL APH [ENE,review,action_conflict
GRO,2026-02-03,1,ENTER,USRP,revere_20260203.png,revere_20260202.png,ADD TO AAPL SELL APH [ENE,review,action_conflict
GRO,2026-02-03,1,EXIT,HOOD,revere_20260203.png,revere_20260202.png,ADD TO AAPL SELL APH [ENE,review,action_conflict
GRO,2026-02-03,1,EXIT,SSO,revere_20260203.png,revere_20260202.png,ADD TO AAPL SELL APH [ENE,review,action_conflict
TURBO,2026-02-03,1,ENTER,JINTC,revere_20260203.png,revere_20260202.png,SELL BAA [EEN =UV RO,review,action_conflict
TURBO,2026-02-03,1,ENTER,RKLB,revere_20260203.png,revere_20260202.png,SELL BAA [EEN =UV RO,review,action_conflict
TURBO,2026-02-03,1,ENTER,SEYM,revere_20260203.png,revere_20260202.png,SELL BAA [EEN =UV RO,review,action_conflict
TURBO,2026-02-03,1,ENTER,SNOX,revere_20260203.png,revere_20260202.png,SELL BAA [EEN =UV RO,review,action_conflict
TURBO,2026-02-03,1,ENTER,TOL,revere_20260203.png,revere_20260202.png,SELL BAA [EEN =UV RO,review,action_conflict
TURBO,2026-02-03,1,ENTER,TSEM,revere_20260203.png,revere_20260202.png,SELL BAA [EEN =UV RO,review,action_conflict
TURBO,2026-02-03,1,EXIT,AKLE,revere_20260203.png,revere_20260202.png,SELL BAA [EEN =UV RO,review,action_conflict
TURBO,2026-02-03,1,EXIT,INTC,revere_20260203.png,revere_20260202.png,SELL BAA [EEN =UV RO,review,action_conflict
TURBO,2026-02-03,1,EXIT,LABU,revere_20260203.png,revere_20260202.png,SELL BAA [EEN =UV RO,review,action_conflict
TURBO,2026-02-03,1,EXIT,SNDK,revere_20260203.png,revere_20260202.png,SELL BAA [EEN =UV RO,review,action_conflict
TURBO,2026-02-03,1,EXIT,SPYM,revere_20260203.png,revere_20260202.png,SELL BAA [EEN =UV RO,review,action_conflict
TURBO,2026-02-03,1,EXIT,TSLA,revere_20260203.png,revere_20260202.png,SELL BAA [EEN =UV RO,review,action_conflict
GRO,2026-02-04,1,ENTER,COOS,revere_20260204.png,revere_20260203.png,BUY RSP SELL SSO CC) TRIM BE,review,action_conflict
GRO,2026-02-04,1,ENTER,GLO,revere_20260204.png,revere_20260203.png,BUY RSP SELL SSO CC) TRIM BE,review,action_conflict
GRO,2026-02-04,1,ENTER,USKP,revere_20260204.png,revere_20260203.png,BUY RSP SELL SSO CC) TRIM BE,review,action_conflict
GRO,2026-02-04,1,EXIT,GLD,revere_20260204.png,revere_20260203.png,BUY RSP SELL SSO CC) TRIM BE,review,action_conflict
GRO,2026-02-04,1,EXIT,GOOG,revere_20260204.png,revere_20260203.png,BUY RSP SELL SSO CC) TRIM BE,review,action_conflict
GRO,2026-02-04,1,EXIT,USRP,revere_20260204.png,revere_20260203.png,BUY RSP SELL SSO CC) TRIM BE,review,action_conflict
TURBO,2026-02-04,1,ENTER,INTC,revere_20260204.png,revere_20260203.png,BUY ENPH SELL TSEM RKL8 BTU,review,action_conflict
TURBO,2026-02-04,1,ENTER,JL,revere_20260204.png,revere_20260203.png,BUY ENPH SELL TSEM RKL8 BTU,review,action_conflict
TURBO,2026-02-04,1,ENTER,SNDK,revere_20260204.png,revere_20260203.png,BUY ENPH SELL TSEM RKL8 BTU,review,action_conflict
TURBO,2026-02-04,1,ENTER,SPYM,revere_20260204.png,revere_20260203.png,BUY ENPH SELL TSEM RKL8 BTU,review,action_conflict
TURBO,2026-02-04,1,EXIT,JINTC,revere_20260204.png,revere_20260203.png,BUY ENPH SELL TSEM RKL8 BTU,review,action_conflict
TURBO,2026-02-04,1,EXIT,SEYM,revere_20260204.png,revere_20260203.png,BUY ENPH SELL TSEM RKL8 BTU,review,action_conflict
TURBO,2026-02-04,1,EXIT,SNOX,revere_20260204.png,revere_20260203.png,BUY ENPH SELL TSEM RKL8 BTU,review,action_conflict
GRO,2026-02-06,1,ENTER,JI,revere_20260206.png,revere_20260205.png,"BUY GEV, TNA",review,action_conflict
GRO,2026-02-06,1,ENTER,SPYM,revere_20260206.png,revere_20260205.png,"BUY GEV, TNA",review,action_conflict
GRO,2026-02-06,1,ENTER,USRP,revere_20260206.png,revere_20260205.png,"BUY GEV, TNA",review,action_conflict
GRO,2026-02-06,1,EXIT,JIII,revere_20260206.png,revere_20260205.png,"BUY GEV, TNA",review,action_conflict
GRO,2026-02-06,1,EXIT,SPVM,revere_20260206.png,revere_20260205.png,"BUY GEV, TNA",review,action_conflict
TURBO,2026-02-06,1,ENTER,TSLA,revere_20260206.png,revere_20260204.png,NO CHANGES,review,no_changes_conflict
TURBO,2026-02-06,1,EXIT,ENPH,revere_20260206.png,revere_20260204.png,NO CHANGES,review,no_changes_conflict
TURBO,2026-02-06,1,EXIT,JL,revere_20260206.png,revere_20260204.png,NO CHANGES,review,no_changes_conflict
TURBO,2026-02-06,1,EXIT,SSO,revere_20260206.png,revere_20260204.png,NO CHANGES,review,no_changes_conflict
TURBO,2026-02-06,1,EXIT,TOL,revere_20260206.png,revere_20260204.png,NO CHANGES,review,no_changes_conflict
TURBO,2026-02-06,1,EXIT,UPRO,revere_20260206.png,revere_20260204.png,NO CHANGES,review,no_changes_conflict
GRO,2026-02-09,1,ENTER,FLY,revere_20260209.png,revere_20260206.png,"BUY NVOA « SOK TURBO OLDINGS. PAT SSO THA, COOS JIN GEV COOTE, TOU TER SOX AA 00CH TURBO RVAD/REBAR (1°. / 1 BIT] BY TNA COPX DOCH AA",review,action_conflict
GRO,2026-02-09,1,ENTER,LUNR,revere_20260209.png,revere_20260206.png,"BUY NVOA « SOK TURBO OLDINGS. PAT SSO THA, COOS JIN GEV COOTE, TOU TER SOX AA 00CH TURBO RVAD/REBAR (1°. / 1 BIT] BY TNA COPX DOCH AA",review,action_conflict
GRO,2026-02-09,1,ENTER,NVDA,revere_20260209.png,revere_20260206.png,"BUY NVOA « SOK TURBO OLDINGS. PAT SSO THA, COOS JIN GEV COOTE, TOU TER SOX AA 00CH TURBO RVAD/REBAR (1°. / 1 BIT] BY TNA COPX DOCH AA",review,action_conflict
GRO,2026-02-09,1,ENTER,SHDK,revere_20260209.png,revere_20260206.png,"BUY NVOA « SOK TURBO OLDINGS. PAT SSO THA, COOS JIN GEV COOTE, TOU TER SOX AA 00CH TURBO RVAD/REBAR (1°. / 1 BIT] BY TNA COPX DOCH AA",review,action_conflict
GRO,2026-02-09,1,ENTER,SPVM,revere_20260209.png,revere_20260206.png,"BUY NVOA « SOK TURBO OLDINGS. PAT SSO THA, COOS JIN GEV COOTE, TOU TER SOX AA 00CH TURBO RVAD/REBAR (1°. / 1 BIT] BY TNA COPX DOCH AA",review,action_conflict
GRO,2026-02-09,1,EXIT,GLD,revere_20260209.png,revere_20260206.png,"BUY NVOA « SOK TURBO OLDINGS. PAT SSO THA, COOS JIN GEV COOTE, TOU TER SOX AA 00CH TURBO RVAD/REBAR (1°. / 1 BIT] BY TNA COPX DOCH AA",review,action_conflict
GRO,2026-02-09,1,EXIT,JI,revere_20260209.png,revere_20260206.png,"BUY NVOA « SOK TURBO OLDINGS. PAT SSO THA, COOS JIN GEV COOTE, TOU TER SOX AA 00CH TURBO RVAD/REBAR (1°. / 1 BIT] BY TNA COPX DOCH AA",review,action_conflict
GRO,2026-02-09,1,EXIT,SPYM,revere_20260209.png,revere_20260206.png,"BUY NVOA « SOK TURBO OLDINGS. PAT SSO THA, COOS JIN GEV COOTE, TOU TER SOX AA 00CH TURBO RVAD/REBAR (1°. / 1 BIT] BY TNA COPX DOCH AA",review,action_conflict
GRO,2026-02-09,1,EXIT,UPRO,revere_20260209.png,revere_20260206.png,"BUY NVOA « SOK TURBO OLDINGS. PAT SSO THA, COOS JIN GEV COOTE, TOU TER SOX AA 00CH TURBO RVAD/REBAR (1°. / 1 BIT] BY TNA COPX DOCH AA",review,action_conflict
GRO,2026-02-10,1,ENTER,GLD,revere_20260210.png,revere_20260209.png,ADD TO [HI ENE,review,action_conflict
GRO,2026-02-10,1,ENTER,JI,revere_20260210.png,revere_20260209.png,ADD TO [HI ENE,review,action_conflict
GRO,2026-02-10,1,ENTER,SNDK,revere_20260210.png,revere_20260209.png,ADD TO [HI ENE,review,action_conflict
GRO,2026-02-10,1,ENTER,SPYM,revere_20260210.png,revere_20260209.png,ADD TO [HI ENE,review,action_conflict
GRO,2026-02-10,1,ENTER,UPRO,revere_20260210.png,revere_20260209.png,ADD TO [HI ENE,review,action_conflict
GRO,2026-02-10,1,EXIT,FLY,revere_20260210.png,revere_20260209.png,ADD TO [HI ENE,review,action_conflict
GRO,2026-02-10,1,EXIT,LUNR,revere_20260210.png,revere_20260209.png,ADD TO [HI ENE,review,action_conflict
GRO,2026-02-10,1,EXIT,SHDK,revere_20260210.png,revere_20260209.png,ADD TO [HI ENE,review,action_conflict
GRO,2026-02-10,1,EXIT,SPVM,revere_20260210.png,revere_20260209.png,ADD TO [HI ENE,review,action_conflict
TURBO,2026-02-10,1,ENTER,DOCH,revere_20260210.png,revere_20260206.png,BUY ENPH ADD 10 AA COPX,review,action_conflict
TURBO,2026-02-10,1,ENTER,J,revere_20260210.png,revere_20260206.png,BUY ENPH ADD 10 AA COPX,review,action_conflict
TURBO,2026-02-10,1,ENTER,TOL,revere_20260210.png,revere_20260206.png,BUY ENPH ADD 10 AA COPX,review,action_conflict
TURBO,2026-02-10,1,EXIT,SPYM,revere_20260210.png,revere_20260206.png,BUY ENPH ADD 10 AA COPX,review,action_conflict
TURBO,2026-02-10,1,EXIT,TSLA,revere_20260210.png,revere_20260206.png,BUY ENPH ADD 10 AA COPX,review,action_conflict
TURBO,2026-02-11,1,ENTER,COR,revere_20260211.png,revere_20260210.png,SELL TNA ENPH ADD TO INTC BUY VRT,review,action_conflict
TURBO,2026-02-11,1,ENTER,JINTC,revere_20260211.png,revere_20260210.png,SELL TNA ENPH ADD TO INTC BUY VRT,review,action_conflict
TURBO,2026-02-11,1,ENTER,NVT,revere_20260211.png,revere_20260210.png,SELL TNA ENPH ADD TO INTC BUY VRT,review,action_conflict
TURBO,2026-02-11,1,ENTER,SPYM,revere_20260211.png,revere_20260210.png,SELL TNA ENPH ADD TO INTC BUY VRT,review,action_conflict
TURBO,2026-02-11,1,EXIT,COPX,revere_20260211.png,revere_20260210.png,SELL TNA ENPH ADD TO INTC BUY VRT,review,action_conflict
TURBO,2026-02-11,1,EXIT,INTC,revere_20260211.png,revere_20260210.png,SELL TNA ENPH ADD TO INTC BUY VRT,review,action_conflict
GRO,2026-02-12,1,ENTER,AA,revere_20260212.png,revere_20260211.png,"TRIM AAPL TNA BE SELL GOOG XME TURBO HOLOWNGS: 5#YM,550.C0PX JIINTC GEV, TOL TER SNDX AA. DOCH.VRTESLY",review,action_conflict
GRO,2026-02-12,1,ENTER,ETHA,revere_20260212.png,revere_20260211.png,"TRIM AAPL TNA BE SELL GOOG XME TURBO HOLOWNGS: 5#YM,550.C0PX JIINTC GEV, TOL TER SNDX AA. DOCH.VRTESLY",review,action_conflict
GRO,2026-02-12,1,ENTER,EVM,revere_20260212.png,revere_20260211.png,"TRIM AAPL TNA BE SELL GOOG XME TURBO HOLOWNGS: 5#YM,550.C0PX JIINTC GEV, TOL TER SNDX AA. DOCH.VRTESLY",review,action_conflict
GRO,2026-02-12,1,ENTER,GLD,revere_20260212.png,revere_20260211.png,"TRIM AAPL TNA BE SELL GOOG XME TURBO HOLOWNGS: 5#YM,550.C0PX JIINTC GEV, TOL TER SNDX AA. DOCH.VRTESLY",review,action_conflict
GRO,2026-02-12,1,ENTER,LY,revere_20260212.png,revere_20260211.png,"TRIM AAPL TNA BE SELL GOOG XME TURBO HOLOWNGS: 5#YM,550.C0PX JIINTC GEV, TOL TER SNDX AA. DOCH.VRTESLY",review,action_conflict
GRO,2026-02-12,1,ENTER,SEDG,revere_20260212.png,revere_20260211.png,"TRIM AAPL TNA BE SELL GOOG XME TURBO HOLOWNGS: 5#YM,550.C0PX JIINTC GEV, TOL TER SNDX AA. DOCH.VRTESLY",review,action_conflict
GRO,2026-02-12,1,ENTER,SNDK,revere_20260212.png,revere_20260211.png,"TRIM AAPL TNA BE SELL GOOG XME TURBO HOLOWNGS: 5#YM,550.C0PX JIINTC GEV, TOL TER SNDX AA. DOCH.VRTESLY",review,action_conflict
GRO,2026-02-12,1,EXIT,AVAB,revere_20260212.png,revere_20260211.png,"TRIM AAPL TNA BE SELL GOOG XME TURBO HOLOWNGS: 5#YM,550.C0PX JIINTC GEV, TOL TER SNDX AA. DOCH.VRTESLY",review,action_conflict
GRO,2026-02-12,1,EXIT,GOYA,revere_20260212.png,revere_20260211.png,"TRIM AAPL TNA BE SELL GOOG XME TURBO HOLOWNGS: 5#YM,550.C0PX JIINTC GEV, TOL TER SNDX AA. DOCH.VRTESLY",review,action_conflict
GRO,2026-02-12,1,EXIT,ITB,revere_20260212.png,revere_20260211.png,"TRIM AAPL TNA BE SELL GOOG XME TURBO HOLOWNGS: 5#YM,550.C0PX JIINTC GEV, TOL TER SNDX AA. DOCH.VRTESLY",review,action_conflict
GRO,2026-02-12,1,EXIT,JIE,revere_20260212.png,revere_20260211.png,"TRIM AAPL TNA BE SELL GOOG XME TURBO HOLOWNGS: 5#YM,550.C0PX JIINTC GEV, TOL TER SNDX AA. DOCH.VRTESLY",review,action_conflict
GRO,2026-02-12,1,EXIT,NVOA,revere_20260212.png,revere_20260211.png,"TRIM AAPL TNA BE SELL GOOG XME TURBO HOLOWNGS: 5#YM,550.C0PX JIINTC GEV, TOL TER SNDX AA. DOCH.VRTESLY",review,action_conflict
GRO,2026-02-12,1,EXIT,SHDK,revere_20260212.png,revere_20260211.png,"TRIM AAPL TNA BE SELL GOOG XME TURBO HOLOWNGS: 5#YM,550.C0PX JIINTC GEV, TOL TER SNDX AA. DOCH.VRTESLY",review,action_conflict
GRO,2026-02-12,1,EXIT,SPVM,revere_20260212.png,revere_20260211.png,"TRIM AAPL TNA BE SELL GOOG XME TURBO HOLOWNGS: 5#YM,550.C0PX JIINTC GEV, TOL TER SNDX AA. DOCH.VRTESLY",review,action_conflict
GRO,2026-02-12,1,EXIT,TA,revere_20260212.png,revere_20260211.png,"TRIM AAPL TNA BE SELL GOOG XME TURBO HOLOWNGS: 5#YM,550.C0PX JIINTC GEV, TOL TER SNDX AA. DOCH.VRTESLY",review,action_conflict
GRO,2026-02-12,1,EXIT,XNAE,revere_20260212.png,revere_20260211.png,"TRIM AAPL TNA BE SELL GOOG XME TURBO HOLOWNGS: 5#YM,550.C0PX JIINTC GEV, TOL TER SNDX AA. DOCH.VRTESLY",review,action_conflict
GRO,2026-02-13,1,ENTER,GLO,revere_20260213.png,revere_20260212.png,TRIM PLTD SELL AAPL NVDA BE,review,action_conflict
GRO,2026-02-13,1,ENTER,J,revere_20260213.png,revere_20260212.png,TRIM PLTD SELL AAPL NVDA BE,review,action_conflict
GRO,2026-02-13,1,ENTER,SNOK,revere_20260213.png,revere_20260212.png,TRIM PLTD SELL AAPL NVDA BE,review,action_conflict
GRO,2026-02-13,1,ENTER,SPVM,revere_20260213.png,revere_20260212.png,TRIM PLTD SELL AAPL NVDA BE,review,action_conflict
GRO,2026-02-13,1,ENTER,TNA,revere_20260213.png,revere_20260212.png,TRIM PLTD SELL AAPL NVDA BE,review,action_conflict
GRO,2026-02-13,1,ENTER,USRP,revere_20260213.png,revere_20260212.png,TRIM PLTD SELL AAPL NVDA BE,review,action_conflict
GRO,2026-02-13,1,EXIT,AA,revere_20260213.png,revere_20260212.png,TRIM PLTD SELL AAPL NVDA BE,review,action_conflict
GRO,2026-02-13,1,EXIT,ETHA,revere_20260213.png,revere_20260212.png,TRIM PLTD SELL AAPL NVDA BE,review,action_conflict
GRO,2026-02-13,1,EXIT,EVM,revere_20260213.png,revere_20260212.png,TRIM PLTD SELL AAPL NVDA BE,review,action_conflict
GRO,2026-02-13,1,EXIT,GLD,revere_20260213.png,revere_20260212.png,TRIM PLTD SELL AAPL NVDA BE,review,action_conflict
GRO,2026-02-13,1,EXIT,LY,revere_20260213.png,revere_20260212.png,TRIM PLTD SELL AAPL NVDA BE,review,action_conflict
GRO,2026-02-13,1,EXIT,SEDG,revere_20260213.png,revere_20260212.png,TRIM PLTD SELL AAPL NVDA BE,review,action_conflict
GRO,2026-02-13,1,EXIT,SNDK,revere_20260213.png,revere_20260212.png,TRIM PLTD SELL AAPL NVDA BE,review,action_conflict
GRO,2026-02-13,1,EXIT,USAR,revere_20260213.png,revere_20260212.png,TRIM PLTD SELL AAPL NVDA BE,review,action_conflict
TURBO,2026-02-13,1,ENTER,BE,revere_20260213.png,revere_20260211.png,SELL VRT BUY FTI FCX ADD TO DOCN,review,action_conflict
TURBO,2026-02-13,1,ENTER,COPX,revere_20260213.png,revere_20260211.png,SELL VRT BUY FTI FCX ADD TO DOCN,review,action_conflict
TURBO,2026-02-13,1,ENTER,FSLY,revere_20260213.png,revere_20260211.png,SELL VRT BUY FTI FCX ADD TO DOCN,review,action_conflict
TURBO,2026-02-13,1,ENTER,VRT,revere_20260213.png,revere_20260211.png,SELL VRT BUY FTI FCX ADD TO DOCN,review,action_conflict
TURBO,2026-02-13,1,EXIT,COR,revere_20260213.png,revere_20260211.png,SELL VRT BUY FTI FCX ADD TO DOCN,review,action_conflict
TURBO,2026-02-13,1,EXIT,DOCH,revere_20260213.png,revere_20260211.png,SELL VRT BUY FTI FCX ADD TO DOCN,review,action_conflict
TURBO,2026-02-13,1,EXIT,GOOGL,revere_20260213.png,revere_20260211.png,SELL VRT BUY FTI FCX ADD TO DOCN,review,action_conflict
TURBO,2026-02-13,1,EXIT,J,revere_20260213.png,revere_20260211.png,SELL VRT BUY FTI FCX ADD TO DOCN,review,action_conflict
TURBO,2026-02-13,1,EXIT,NVT,revere_20260213.png,revere_20260211.png,SELL VRT BUY FTI FCX ADD TO DOCN,review,action_conflict
GRO,2026-02-17,1,ENTER,FSLY,revere_20260217.png,revere_20260213.png,ADD TO CEV [INE,review,action_conflict
GRO,2026-02-17,1,ENTER,GLD,revere_20260217.png,revere_20260213.png,ADD TO CEV [INE,review,action_conflict
GRO,2026-02-17,1,ENTER,JIII,revere_20260217.png,revere_20260213.png,ADD TO CEV [INE,review,action_conflict
GRO,2026-02-17,1,ENTER,SNDK,revere_20260217.png,revere_20260213.png,ADD TO CEV [INE,review,action_conflict
GRO,2026-02-17,1,ENTER,SPYM,revere_20260217.png,revere_20260213.png,ADD TO CEV [INE,review,action_conflict
GRO,2026-02-17,1,EXIT,GLO,revere_20260217.png,revere_20260213.png,ADD TO CEV [INE,review,action_conflict
GRO,2026-02-17,1,EXIT,J,revere_20260217.png,revere_20260213.png,ADD TO CEV [INE,review,action_conflict
GRO,2026-02-17,1,EXIT,SNOK,revere_20260217.png,revere_20260213.png,ADD TO CEV [INE,review,action_conflict
GRO,2026-02-17,1,EXIT,SPVM,revere_20260217.png,revere_20260213.png,ADD TO CEV [INE,review,action_conflict
GRO,2026-02-17,1,EXIT,USRP,revere_20260217.png,revere_20260213.png,ADD TO CEV [INE,review,action_conflict
TURBO,2026-02-17,1,ENTER,ANET,revere_20260217.png,revere_20260213.png,SELL AA BUY NET,review,action_conflict
TURBO,2026-02-17,1,ENTER,CEV,revere_20260217.png,revere_20260213.png,SELL AA BUY NET,review,action_conflict
TURBO,2026-02-17,1,ENTER,FTA,revere_20260217.png,revere_20260213.png,SELL AA BUY NET,review,action_conflict
TURBO,2026-02-17,1,ENTER,JJLL,revere_20260217.png,revere_20260213.png,SELL AA BUY NET,review,action_conflict
TURBO,2026-02-17,1,ENTER,SSO,revere_20260217.png,revere_20260213.png,SELL AA BUY NET,review,action_conflict
TURBO,2026-02-17,1,ENTER,TO,revere_20260217.png,revere_20260213.png,SELL AA BUY NET,review,action_conflict
TURBO,2026-02-17,1,EXIT,BE,revere_20260217.png,revere_20260213.png,SELL AA BUY NET,review,action_conflict
TURBO,2026-02-17,1,EXIT,GEV,revere_20260217.png,revere_20260213.png,SELL AA BUY NET,review,action_conflict
TURBO,2026-02-17,1,EXIT,TOL,revere_20260217.png,revere_20260213.png,SELL AA BUY NET,review,action_conflict
TURBO,2026-02-17,1,EXIT,VRT,revere_20260217.png,revere_20260213.png,SELL AA BUY NET,review,action_conflict
GRO,2026-02-18,1,ENTER,CEV,revere_20260218.png,revere_20260217.png,BUY COPX UFO ADD TO FSLY TRIM SHORT VIA PLTD,review,action_conflict
GRO,2026-02-18,1,ENTER,JJLL,revere_20260218.png,revere_20260217.png,BUY COPX UFO ADD TO FSLY TRIM SHORT VIA PLTD,review,action_conflict
GRO,2026-02-18,1,ENTER,SNOX,revere_20260218.png,revere_20260217.png,BUY COPX UFO ADD TO FSLY TRIM SHORT VIA PLTD,review,action_conflict
GRO,2026-02-18,1,ENTER,TER,revere_20260218.png,revere_20260217.png,BUY COPX UFO ADD TO FSLY TRIM SHORT VIA PLTD,review,action_conflict
GRO,2026-02-18,1,ENTER,USRP,revere_20260218.png,revere_20260217.png,BUY COPX UFO ADD TO FSLY TRIM SHORT VIA PLTD,review,action_conflict
GRO,2026-02-18,1,EXIT,GEV,revere_20260218.png,revere_20260217.png,BUY COPX UFO ADD TO FSLY TRIM SHORT VIA PLTD,review,action_conflict
GRO,2026-02-18,1,EXIT,JIII,revere_20260218.png,revere_20260217.png,BUY COPX UFO ADD TO FSLY TRIM SHORT VIA PLTD,review,action_conflict
GRO,2026-02-18,1,EXIT,SNDK,revere_20260218.png,revere_20260217.png,BUY COPX UFO ADD TO FSLY TRIM SHORT VIA PLTD,review,action_conflict
TURBO,2026-02-18,1,ENTER,FOX,revere_20260218.png,revere_20260217.png,BUY MU ADD TO FCX,review,action_conflict
TURBO,2026-02-18,1,ENTER,GEV,revere_20260218.png,revere_20260217.png,BUY MU ADD TO FCX,review,action_conflict
TURBO,2026-02-18,1,EXIT,CEV,revere_20260218.png,revere_20260217.png,BUY MU ADD TO FCX,review,action_conflict
TURBO,2026-02-18,1,EXIT,JJLL,revere_20260218.png,revere_20260217.png,BUY MU ADD TO FCX,review,action_conflict
TURBO,2026-02-18,1,EXIT,SSO,revere_20260218.png,revere_20260217.png,BUY MU ADD TO FCX,review,action_conflict
GRO,2026-02-19,1,ENTER,LLY,revere_20260219.png,revere_20260218.png,"BUY ILE ADD TO FSLY TURBO HOLOINGS: 5PM 550,COR,JIIIGEV. TOL INTC TER, DOCH FSLY SNDK,ECX FTALNET MU",review,action_conflict
GRO,2026-02-19,1,ENTER,LUNR,revere_20260219.png,revere_20260218.png,"BUY ILE ADD TO FSLY TURBO HOLOINGS: 5PM 550,COR,JIIIGEV. TOL INTC TER, DOCH FSLY SNDK,ECX FTALNET MU",review,action_conflict
GRO,2026-02-19,1,ENTER,TA,revere_20260219.png,revere_20260218.png,"BUY ILE ADD TO FSLY TURBO HOLOINGS: 5PM 550,COR,JIIIGEV. TOL INTC TER, DOCH FSLY SNDK,ECX FTALNET MU",review,action_conflict
GRO,2026-02-19,1,EXIT,FSLY,revere_20260219.png,revere_20260218.png,"BUY ILE ADD TO FSLY TURBO HOLOINGS: 5PM 550,COR,JIIIGEV. TOL INTC TER, DOCH FSLY SNDK,ECX FTALNET MU",review,action_conflict
GRO,2026-02-19,1,EXIT,JJLL,revere_20260219.png,revere_20260218.png,"BUY ILE ADD TO FSLY TURBO HOLOINGS: 5PM 550,COR,JIIIGEV. TOL INTC TER, DOCH FSLY SNDK,ECX FTALNET MU",review,action_conflict
GRO,2026-02-19,1,EXIT,SNOX,revere_20260219.png,revere_20260218.png,"BUY ILE ADD TO FSLY TURBO HOLOINGS: 5PM 550,COR,JIIIGEV. TOL INTC TER, DOCH FSLY SNDK,ECX FTALNET MU",review,action_conflict
GRO,2026-02-19,1,EXIT,TER,revere_20260219.png,revere_20260218.png,"BUY ILE ADD TO FSLY TURBO HOLOINGS: 5PM 550,COR,JIIIGEV. TOL INTC TER, DOCH FSLY SNDK,ECX FTALNET MU",review,action_conflict
GRO,2026-02-19,1,EXIT,TNA,revere_20260219.png,revere_20260218.png,"BUY ILE ADD TO FSLY TURBO HOLOINGS: 5PM 550,COR,JIIIGEV. TOL INTC TER, DOCH FSLY SNDK,ECX FTALNET MU",review,action_conflict
GRO,2026-02-23,1,ENTER,ETHA,revere_20260223.png,revere_20260219.png,BUY XLP TRIM ITB UFO,review,action_conflict
GRO,2026-02-23,1,ENTER,ILF,revere_20260223.png,revere_20260219.png,BUY XLP TRIM ITB UFO,review,action_conflict
GRO,2026-02-23,1,ENTER,JLLEV,revere_20260223.png,revere_20260219.png,BUY XLP TRIM ITB UFO,review,action_conflict
GRO,2026-02-23,1,ENTER,NXT,revere_20260223.png,revere_20260219.png,BUY XLP TRIM ITB UFO,review,action_conflict
GRO,2026-02-23,1,EXIT,CEV,revere_20260223.png,revere_20260219.png,BUY XLP TRIM ITB UFO,review,action_conflict
GRO,2026-02-23,1,EXIT,GLD,revere_20260223.png,revere_20260219.png,BUY XLP TRIM ITB UFO,review,action_conflict
GRO,2026-02-23,1,EXIT,LLY,revere_20260223.png,revere_20260219.png,BUY XLP TRIM ITB UFO,review,action_conflict
GRO,2026-02-23,1,EXIT,LUNR,revere_20260223.png,revere_20260219.png,BUY XLP TRIM ITB UFO,review,action_conflict
GRO,2026-02-23,1,EXIT,TA,revere_20260223.png,revere_20260219.png,BUY XLP TRIM ITB UFO,review,action_conflict
GRO,2026-02-23,1,EXIT,TOL,revere_20260223.png,revere_20260219.png,BUY XLP TRIM ITB UFO,review,action_conflict
GRO,2026-02-23,1,EXIT,USRP,revere_20260223.png,revere_20260219.png,BUY XLP TRIM ITB UFO,review,action_conflict
TURBO,2026-02-23,1,ENTER,LF,revere_20260223.png,revere_20260218.png,SELL DOCN ADD TOMU,review,action_conflict
TURBO,2026-02-23,1,ENTER,MU,revere_20260223.png,revere_20260218.png,SELL DOCN ADD TOMU,review,action_conflict
TURBO,2026-02-23,1,ENTER,NDKFO,revere_20260223.png,revere_20260218.png,SELL DOCN ADD TOMU,review,action_conflict
TURBO,2026-02-23,1,ENTER,SSO,revere_20260223.png,revere_20260218.png,SELL DOCN ADD TOMU,review,action_conflict
TURBO,2026-02-23,1,ENTER,TSLA,revere_20260223.png,revere_20260218.png,SELL DOCN ADD TOMU,review,action_conflict
TURBO,2026-02-23,1,EXIT,ANET,revere_20260223.png,revere_20260218.png,SELL DOCN ADD TOMU,review,action_conflict
TURBO,2026-02-23,1,EXIT,FOX,revere_20260223.png,revere_20260218.png,SELL DOCN ADD TOMU,review,action_conflict
TURBO,2026-02-23,1,EXIT,JINTC,revere_20260223.png,revere_20260218.png,SELL DOCN ADD TOMU,review,action_conflict
TURBO,2026-02-23,1,EXIT,SNDK,revere_20260223.png,revere_20260218.png,SELL DOCN ADD TOMU,review,action_conflict
TURBO,2026-02-23,1,EXIT,TO,revere_20260223.png,revere_20260218.png,SELL DOCN ADD TOMU,review,action_conflict
GRO,2026-02-24,1,ENTER,FSLY,revere_20260224.png,revere_20260223.png,BUY SNDK ADD TO ILF SELL PLTD,review,action_conflict
GRO,2026-02-24,1,ENTER,GEV,revere_20260224.png,revere_20260223.png,BUY SNDK ADD TO ILF SELL PLTD,review,action_conflict
GRO,2026-02-24,1,ENTER,GLD,revere_20260224.png,revere_20260223.png,BUY SNDK ADD TO ILF SELL PLTD,review,action_conflict
GRO,2026-02-24,1,ENTER,ITB,revere_20260224.png,revere_20260223.png,BUY SNDK ADD TO ILF SELL PLTD,review,action_conflict
GRO,2026-02-24,1,ENTER,TNA,revere_20260224.png,revere_20260223.png,BUY SNDK ADD TO ILF SELL PLTD,review,action_conflict
GRO,2026-02-24,1,ENTER,USRP,revere_20260224.png,revere_20260223.png,BUY SNDK ADD TO ILF SELL PLTD,review,action_conflict
GRO,2026-02-24,1,ENTER,XLP,revere_20260224.png,revere_20260223.png,BUY SNDK ADD TO ILF SELL PLTD,review,action_conflict
GRO,2026-02-24,1,EXIT,ETHA,revere_20260224.png,revere_20260223.png,BUY SNDK ADD TO ILF SELL PLTD,review,action_conflict
GRO,2026-02-24,1,EXIT,JLLEV,revere_20260224.png,revere_20260223.png,BUY SNDK ADD TO ILF SELL PLTD,review,action_conflict
GRO,2026-02-24,1,EXIT,NXT,revere_20260224.png,revere_20260223.png,BUY SNDK ADD TO ILF SELL PLTD,review,action_conflict
TURBO,2026-02-24,1,ENTER,COE,revere_20260224.png,revere_20260223.png,BUY VR BE AA SELL RGTZ QBTZ,review,action_conflict
TURBO,2026-02-24,1,ENTER,FOX,revere_20260224.png,revere_20260223.png,BUY VR BE AA SELL RGTZ QBTZ,review,action_conflict
TURBO,2026-02-24,1,ENTER,FTAL,revere_20260224.png,revere_20260223.png,BUY VR BE AA SELL RGTZ QBTZ,review,action_conflict
TURBO,2026-02-24,1,ENTER,JEL,revere_20260224.png,revere_20260223.png,BUY VR BE AA SELL RGTZ QBTZ,review,action_conflict
TURBO,2026-02-24,1,ENTER,LR,revere_20260224.png,revere_20260223.png,BUY VR BE AA SELL RGTZ QBTZ,review,action_conflict
TURBO,2026-02-24,1,ENTER,SNDK,revere_20260224.png,revere_20260223.png,BUY VR BE AA SELL RGTZ QBTZ,review,action_conflict
TURBO,2026-02-24,1,ENTER,SPVM,revere_20260224.png,revere_20260223.png,BUY VR BE AA SELL RGTZ QBTZ,review,action_conflict
TURBO,2026-02-24,1,ENTER,SY,revere_20260224.png,revere_20260223.png,BUY VR BE AA SELL RGTZ QBTZ,review,action_conflict
TURBO,2026-02-24,1,ENTER,V,revere_20260224.png,revere_20260223.png,BUY VR BE AA SELL RGTZ QBTZ,review,action_conflict
TURBO,2026-02-24,1,ENTER,VOU,revere_20260224.png,revere_20260223.png,BUY VR BE AA SELL RGTZ QBTZ,review,action_conflict
TURBO,2026-02-24,1,EXIT,COPX,revere_20260224.png,revere_20260223.png,BUY VR BE AA SELL RGTZ QBTZ,review,action_conflict
TURBO,2026-02-24,1,EXIT,FSLY,revere_20260224.png,revere_20260223.png,BUY VR BE AA SELL RGTZ QBTZ,review,action_conflict
TURBO,2026-02-24,1,EXIT,FTA,revere_20260224.png,revere_20260223.png,BUY VR BE AA SELL RGTZ QBTZ,review,action_conflict
TURBO,2026-02-24,1,EXIT,GEV,revere_20260224.png,revere_20260223.png,BUY VR BE AA SELL RGTZ QBTZ,review,action_conflict
TURBO,2026-02-24,1,EXIT,LF,revere_20260224.png,revere_20260223.png,BUY VR BE AA SELL RGTZ QBTZ,review,action_conflict
TURBO,2026-02-24,1,EXIT,NDKFO,revere_20260224.png,revere_20260223.png,BUY VR BE AA SELL RGTZ QBTZ,review,action_conflict
TURBO,2026-02-24,1,EXIT,SPYM,revere_20260224.png,revere_20260223.png,BUY VR BE AA SELL RGTZ QBTZ,review,action_conflict
TURBO,2026-02-24,1,EXIT,SSO,revere_20260224.png,revere_20260223.png,BUY VR BE AA SELL RGTZ QBTZ,review,action_conflict
TURBO,2026-02-24,1,EXIT,TSLA,revere_20260224.png,revere_20260223.png,BUY VR BE AA SELL RGTZ QBTZ,review,action_conflict
GRO,2026-02-25,1,ENTER,CCI,revere_20260225.png,revere_20260224.png,BUY CCJ ADD TO UPRO SELL ITB T,review,action_conflict
GRO,2026-02-25,1,ENTER,COPX,revere_20260225.png,revere_20260224.png,BUY CCJ ADD TO UPRO SELL ITB T,review,action_conflict
GRO,2026-02-25,1,ENTER,RSP,revere_20260225.png,revere_20260224.png,BUY CCJ ADD TO UPRO SELL ITB T,review,action_conflict
TURBO,2026-02-25,1,ENTER,AA,revere_20260225.png,revere_20260224.png,BUY UPRD SELL IONZ OKLS,review,action_conflict
TURBO,2026-02-25,1,ENTER,BE,revere_20260225.png,revere_20260224.png,BUY UPRD SELL IONZ OKLS,review,action_conflict
TURBO,2026-02-25,1,ENTER,COPX,revere_20260225.png,revere_20260224.png,BUY UPRD SELL IONZ OKLS,review,action_conflict
TURBO,2026-02-25,1,ENTER,FLY,revere_20260225.png,revere_20260224.png,BUY UPRD SELL IONZ OKLS,review,action_conflict
TURBO,2026-02-25,1,ENTER,FTAI,revere_20260225.png,revere_20260224.png,BUY UPRD SELL IONZ OKLS,review,action_conflict
TURBO,2026-02-25,1,ENTER,ILF,revere_20260225.png,revere_20260224.png,BUY UPRD SELL IONZ OKLS,review,action_conflict
TURBO,2026-02-25,1,ENTER,JLEV,revere_20260225.png,revere_20260224.png,BUY UPRD SELL IONZ OKLS,review,action_conflict
TURBO,2026-02-25,1,ENTER,SPYM,revere_20260225.png,revere_20260224.png,BUY UPRD SELL IONZ OKLS,review,action_conflict
TURBO,2026-02-25,1,ENTER,TOU,revere_20260225.png,revere_20260224.png,BUY UPRD SELL IONZ OKLS,review,action_conflict
TURBO,2026-02-25,1,ENTER,UPRO,revere_20260225.png,revere_20260224.png,BUY UPRD SELL IONZ OKLS,review,action_conflict
TURBO,2026-02-25,1,ENTER,VRT,revere_20260225.png,revere_20260224.png,BUY UPRD SELL IONZ OKLS,review,action_conflict
TURBO,2026-02-25,1,EXIT,COE,revere_20260225.png,revere_20260224.png,BUY UPRD SELL IONZ OKLS,review,action_conflict
TURBO,2026-02-25,1,EXIT,FTAL,revere_20260225.png,revere_20260224.png,BUY UPRD SELL IONZ OKLS,review,action_conflict
TURBO,2026-02-25,1,EXIT,JEL,revere_20260225.png,revere_20260224.png,BUY UPRD SELL IONZ OKLS,review,action_conflict
TURBO,2026-02-25,1,EXIT,LR,revere_20260225.png,revere_20260224.png,BUY UPRD SELL IONZ OKLS,review,action_conflict
TURBO,2026-02-25,1,EXIT,SPVM,revere_20260225.png,revere_20260224.png,BUY UPRD SELL IONZ OKLS,review,action_conflict
TURBO,2026-02-25,1,EXIT,SY,revere_20260225.png,revere_20260224.png,BUY UPRD SELL IONZ OKLS,review,action_conflict
TURBO,2026-02-25,1,EXIT,V,revere_20260225.png,revere_20260224.png,BUY UPRD SELL IONZ OKLS,review,action_conflict
TURBO,2026-02-25,1,EXIT,VOU,revere_20260225.png,revere_20260224.png,BUY UPRD SELL IONZ OKLS,review,action_conflict
GRO,2026-02-27,1,ENTER,FTAI,revere_20260227.png,revere_20260225.png,"SELL TNA, UFO TRIM UPRO",review,action_conflict
GRO,2026-02-27,1,ENTER,JIE,revere_20260227.png,revere_20260225.png,"SELL TNA, UFO TRIM UPRO",review,action_conflict
GRO,2026-02-27,1,ENTER,SDK,revere_20260227.png,revere_20260225.png,"SELL TNA, UFO TRIM UPRO",review,action_conflict
GRO,2026-02-27,1,EXIT,SNDK,revere_20260227.png,revere_20260225.png,"SELL TNA, UFO TRIM UPRO",review,action_conflict
TURBO,2026-02-27,1,ENTER,ILF,revere_20260227.png,revere_20260226.png,SELL BE,review,action_conflict
TURBO,2026-02-27,1,ENTER,INE,revere_20260227.png,revere_20260226.png,SELL BE,review,action_conflict
TURBO,2026-02-27,1,ENTER,TOL,revere_20260227.png,revere_20260226.png,SELL BE,review,action_conflict
TURBO,2026-02-27,1,EXIT,IL,revere_20260227.png,revere_20260226.png,SELL BE,review,action_conflict
TURBO,2026-02-27,1,EXIT,LITE,revere_20260227.png,revere_20260226.png,SELL BE,review,action_conflict
TURBO,2026-02-27,1,EXIT,TSLA,revere_20260227.png,revere_20260226.png,SELL BE,review,action_conflict
TURBO,2026-02-27,1,EXIT,V,revere_20260227.png,revere_20260226.png,SELL BE,review,action_conflict
GRO,2026-03-02,1,ENTER,CC,revere_20260302.png,revere_20260227.png,SELL SQQQ TRIM MU,review,action_conflict
GRO,2026-03-02,1,ENTER,SNOIC,revere_20260302.png,revere_20260227.png,SELL SQQQ TRIM MU,review,action_conflict
GRO,2026-03-02,1,EXIT,CCI,revere_20260302.png,revere_20260227.png,SELL SQQQ TRIM MU,review,action_conflict
GRO,2026-03-02,1,EXIT,JIE,revere_20260302.png,revere_20260227.png,SELL SQQQ TRIM MU,review,action_conflict
GRO,2026-03-02,1,EXIT,RSP,revere_20260302.png,revere_20260227.png,SELL SQQQ TRIM MU,review,action_conflict
GRO,2026-03-02,1,EXIT,SDK,revere_20260302.png,revere_20260227.png,SELL SQQQ TRIM MU,review,action_conflict
TURBO,2026-03-02,1,ENTER,IREN,revere_20260302.png,revere_20260227.png,SELL TOL,review,action_conflict
TURBO,2026-03-02,1,ENTER,ONDS,revere_20260302.png,revere_20260227.png,SELL TOL,review,action_conflict
TURBO,2026-03-02,1,ENTER,SNOW,revere_20260302.png,revere_20260227.png,SELL TOL,review,action_conflict
TURBO,2026-03-02,1,ENTER,USRP,revere_20260302.png,revere_20260227.png,SELL TOL,review,action_conflict
TURBO,2026-03-02,1,ENTER,ZETA,revere_20260302.png,revere_20260227.png,SELL TOL,review,action_conflict
TURBO,2026-03-02,1,EXIT,COPX,revere_20260302.png,revere_20260227.png,SELL TOL,review,action_conflict
TURBO,2026-03-02,1,EXIT,FTAI,revere_20260302.png,revere_20260227.png,SELL TOL,review,action_conflict
TURBO,2026-03-02,1,EXIT,ILF,revere_20260302.png,revere_20260227.png,SELL TOL,review,action_conflict
TURBO,2026-03-02,1,EXIT,INE,revere_20260302.png,revere_20260227.png,SELL TOL,review,action_conflict
TURBO,2026-03-02,1,EXIT,SNDK,revere_20260302.png,revere_20260227.png,SELL TOL,review,action_conflict
TURBO,2026-03-02,1,EXIT,SPYM,revere_20260302.png,revere_20260227.png,SELL TOL,review,action_conflict
GRO,2026-03-03,1,ENTER,RSP,revere_20260303.png,revere_20260302.png,SELL COPX MU SNDK TRIM ILF FTAI,review,action_conflict
GRO,2026-03-03,1,EXIT,SNOIC,revere_20260303.png,revere_20260302.png,SELL COPX MU SNDK TRIM ILF FTAI,review,action_conflict
TURBO,2026-03-03,1,ENTER,COPX,revere_20260303.png,revere_20260302.png,SELL AA FTA! ILF MU SNDK UPRO VAT TRIM COPX FCX,review,action_conflict
TURBO,2026-03-03,1,ENTER,GEV,revere_20260303.png,revere_20260302.png,SELL AA FTA! ILF MU SNDK UPRO VAT TRIM COPX FCX,review,action_conflict
TURBO,2026-03-03,1,ENTER,ILF,revere_20260303.png,revere_20260302.png,SELL AA FTA! ILF MU SNDK UPRO VAT TRIM COPX FCX,review,action_conflict
TURBO,2026-03-03,1,ENTER,SPYM,revere_20260303.png,revere_20260302.png,SELL AA FTA! ILF MU SNDK UPRO VAT TRIM COPX FCX,review,action_conflict
TURBO,2026-03-03,1,ENTER,SSO,revere_20260303.png,revere_20260302.png,SELL AA FTA! ILF MU SNDK UPRO VAT TRIM COPX FCX,review,action_conflict
TURBO,2026-03-03,1,EXIT,BE,revere_20260303.png,revere_20260302.png,SELL AA FTA! ILF MU SNDK UPRO VAT TRIM COPX FCX,review,action_conflict
TURBO,2026-03-03,1,EXIT,IREN,revere_20260303.png,revere_20260302.png,SELL AA FTA! ILF MU SNDK UPRO VAT TRIM COPX FCX,review,action_conflict
TURBO,2026-03-03,1,EXIT,ONDS,revere_20260303.png,revere_20260302.png,SELL AA FTA! ILF MU SNDK UPRO VAT TRIM COPX FCX,review,action_conflict
TURBO,2026-03-03,1,EXIT,SNOW,revere_20260303.png,revere_20260302.png,SELL AA FTA! ILF MU SNDK UPRO VAT TRIM COPX FCX,review,action_conflict
TURBO,2026-03-03,1,EXIT,USRP,revere_20260303.png,revere_20260302.png,SELL AA FTA! ILF MU SNDK UPRO VAT TRIM COPX FCX,review,action_conflict
TURBO,2026-03-03,1,EXIT,VRT,revere_20260303.png,revere_20260302.png,SELL AA FTA! ILF MU SNDK UPRO VAT TRIM COPX FCX,review,action_conflict
TURBO,2026-03-03,1,EXIT,ZETA,revere_20260303.png,revere_20260302.png,SELL AA FTA! ILF MU SNDK UPRO VAT TRIM COPX FCX,review,action_conflict
GRO,2026-03-04,1,ENTER,KEVS,revere_20260304.png,revere_20260303.png,BUY CRCL + KEYS TRIM XLP,review,action_conflict
GRO,2026-03-04,1,EXIT,RSP,revere_20260304.png,revere_20260303.png,BUY CRCL + KEYS TRIM XLP,review,action_conflict
GRO,2026-03-05,1,ENTER,CON,revere_20260305.png,revere_20260304.png,SELL LF XTP TRIM GEV KEVS [INN,review,action_conflict
GRO,2026-03-05,1,ENTER,JL,revere_20260305.png,revere_20260304.png,SELL LF XTP TRIM GEV KEVS [INN,review,action_conflict
GRO,2026-03-05,1,ENTER,SE,revere_20260305.png,revere_20260304.png,SELL LF XTP TRIM GEV KEVS [INN,review,action_conflict
GRO,2026-03-05,1,EXIT,CC,revere_20260305.png,revere_20260304.png,SELL LF XTP TRIM GEV KEVS [INN,review,action_conflict
GRO,2026-03-05,1,EXIT,FTAI,revere_20260305.png,revere_20260304.png,SELL LF XTP TRIM GEV KEVS [INN,review,action_conflict
GRO,2026-03-05,1,EXIT,ILF,revere_20260305.png,revere_20260304.png,SELL LF XTP TRIM GEV KEVS [INN,review,action_conflict
GRO,2026-03-05,1,EXIT,SPYM,revere_20260305.png,revere_20260304.png,SELL LF XTP TRIM GEV KEVS [INN,review,action_conflict
GRO,2026-03-05,1,EXIT,XLP,revere_20260305.png,revere_20260304.png,SELL LF XTP TRIM GEV KEVS [INN,review,action_conflict
TURBO,2026-03-06,1,ENTER,FSLY,revere_20260306.png,revere_20260305.png,SELL AVS GEV CC) TRIM TER SSO,review,action_conflict
TURBO,2026-03-06,1,ENTER,TER,revere_20260306.png,revere_20260305.png,SELL AVS GEV CC) TRIM TER SSO,review,action_conflict
TURBO,2026-03-06,1,EXIT,COPX,revere_20260306.png,revere_20260305.png,SELL AVS GEV CC) TRIM TER SSO,review,action_conflict
TURBO,2026-03-06,1,EXIT,MU,revere_20260306.png,revere_20260305.png,SELL AVS GEV CC) TRIM TER SSO,review,action_conflict
TURBO,2026-03-06,1,EXIT,NRG,revere_20260306.png,revere_20260305.png,SELL AVS GEV CC) TRIM TER SSO,review,action_conflict
TURBO,2026-03-06,1,EXIT,REMX,revere_20260306.png,revere_20260305.png,SELL AVS GEV CC) TRIM TER SSO,review,action_conflict
TURBO,2026-03-06,1,EXIT,RFSLY,revere_20260306.png,revere_20260305.png,SELL AVS GEV CC) TRIM TER SSO,review,action_conflict
TURBO,2026-03-06,1,EXIT,SPCX,revere_20260306.png,revere_20260305.png,SELL AVS GEV CC) TRIM TER SSO,review,action_conflict
TURBO,2026-03-06,1,EXIT,TE,revere_20260306.png,revere_20260305.png,SELL AVS GEV CC) TRIM TER SSO,review,action_conflict
TURBO,2026-03-06,1,EXIT,TUREO,revere_20260306.png,revere_20260305.png,SELL AVS GEV CC) TRIM TER SSO,review,action_conflict
GRO,2026-03-09,1,ENTER,JL,revere_20260309.png,revere_20260306.png,NO CHANGES,review,no_changes_conflict
GRO,2026-03-09,1,ENTER,USRP,revere_20260309.png,revere_20260306.png,NO CHANGES,review,no_changes_conflict
GRO,2026-03-09,1,EXIT,JR,revere_20260309.png,revere_20260306.png,NO CHANGES,review,no_changes_conflict
GRO,2026-03-09,1,EXIT,MP,revere_20260309.png,revere_20260306.png,NO CHANGES,review,no_changes_conflict
GRO,2026-03-09,1,EXIT,USAP,revere_20260309.png,revere_20260306.png,NO CHANGES,review,no_changes_conflict
TURBO,2026-03-10,1,ENTER,2,revere_20260310.png,revere_20260309.png,,review,suspicious_holdings
TURBO,2026-03-10,1,ENTER,C,revere_20260310.png,revere_20260309.png,,review,suspicious_holdings
TURBO,2026-03-10,1,ENTER,I,revere_20260310.png,revere_20260309.png,,review,suspicious_holdings
TURBO,2026-03-10,1,ENTER,TURBQ,revere_20260310.png,revere_20260309.png,,review,suspicious_holdings
GRO,2026-03-11,1,ENTER,CREL,revere_20260311.png,revere_20260310.png,ADD TO CRCL TRIN SPXS BUY SOXL,review,action_conflict
GRO,2026-03-11,1,ENTER,SE,revere_20260311.png,revere_20260310.png,ADD TO CRCL TRIN SPXS BUY SOXL,review,action_conflict
GRO,2026-03-11,1,ENTER,USKP,revere_20260311.png,revere_20260310.png,ADD TO CRCL TRIN SPXS BUY SOXL,review,action_conflict
GRO,2026-03-11,1,EXIT,USRP,revere_20260311.png,revere_20260310.png,ADD TO CRCL TRIN SPXS BUY SOXL,review,action_conflict
TURBO,2026-03-11,1,EXIT,2,revere_20260311.png,revere_20260310.png,TRIM FSLY,review,suspicious_holdings
TURBO,2026-03-11,1,EXIT,C,revere_20260311.png,revere_20260310.png,TRIM FSLY,review,suspicious_holdings
TURBO,2026-03-11,1,EXIT,I,revere_20260311.png,revere_20260310.png,TRIM FSLY,review,suspicious_holdings
TURBO,2026-03-11,1,EXIT,TURBQ,revere_20260311.png,revere_20260310.png,TRIM FSLY,review,suspicious_holdings
GRO,2026-03-12,1,ENTER,CRCL,revere_20260312.png,revere_20260311.png,SELL SOXL RSP BUY NET,review,action_conflict
GRO,2026-03-12,1,ENTER,USRE,revere_20260312.png,revere_20260311.png,SELL SOXL RSP BUY NET,review,action_conflict
GRO,2026-03-12,1,EXIT,CREL,revere_20260312.png,revere_20260311.png,SELL SOXL RSP BUY NET,review,action_conflict
GRO,2026-03-12,1,EXIT,SE,revere_20260312.png,revere_20260311.png,SELL SOXL RSP BUY NET,review,action_conflict
GRO,2026-03-12,1,EXIT,USKP,revere_20260312.png,revere_20260311.png,SELL SOXL RSP BUY NET,review,action_conflict
GRO,2026-03-16,1,ENTER,GLW,revere_20260316.png,revere_20260312.png,ADD TOMET TRIM HEDGE SPU,review,action_conflict
GRO,2026-03-16,1,ENTER,I,revere_20260316.png,revere_20260312.png,ADD TOMET TRIM HEDGE SPU,review,action_conflict
GRO,2026-03-16,1,ENTER,IBIT,revere_20260316.png,revere_20260312.png,ADD TOMET TRIM HEDGE SPU,review,action_conflict
GRO,2026-03-16,1,ENTER,IT,revere_20260316.png,revere_20260312.png,ADD TOMET TRIM HEDGE SPU,review,action_conflict
GRO,2026-03-16,1,ENTER,VRT,revere_20260316.png,revere_20260312.png,ADD TOMET TRIM HEDGE SPU,review,action_conflict
GRO,2026-03-16,1,EXIT,FSLY,revere_20260316.png,revere_20260312.png,ADD TOMET TRIM HEDGE SPU,review,action_conflict
GRO,2026-03-16,1,EXIT,GLO,revere_20260316.png,revere_20260312.png,ADD TOMET TRIM HEDGE SPU,review,action_conflict
GRO,2026-03-16,1,EXIT,JL,revere_20260316.png,revere_20260312.png,ADD TOMET TRIM HEDGE SPU,review,action_conflict
GRO,2026-03-16,1,EXIT,USRE,revere_20260316.png,revere_20260312.png,ADD TOMET TRIM HEDGE SPU,review,action_conflict
TURBO,2026-03-16,1,EXIT,SSO,revere_20260316.png,revere_20260312.png,BUY INTC,review,action_conflict
GRO,2026-03-20,1,ENTER,GEV,revere_20260320.png,revere_20260319.png,"SELL VRT NBIS GLO ADD TO SOS [IEE RUSEO HOOINGS: BE, TER FSLY, [NNEC",review,action_conflict
GRO,2026-03-20,1,ENTER,GLO,revere_20260320.png,revere_20260319.png,"SELL VRT NBIS GLO ADD TO SOS [IEE RUSEO HOOINGS: BE, TER FSLY, [NNEC",review,action_conflict
GRO,2026-03-20,1,ENTER,ILF,revere_20260320.png,revere_20260319.png,"SELL VRT NBIS GLO ADD TO SOS [IEE RUSEO HOOINGS: BE, TER FSLY, [NNEC",review,action_conflict
GRO,2026-03-20,1,ENTER,JL,revere_20260320.png,revere_20260319.png,"SELL VRT NBIS GLO ADD TO SOS [IEE RUSEO HOOINGS: BE, TER FSLY, [NNEC",review,action_conflict
GRO,2026-03-20,1,EXIT,I,revere_20260320.png,revere_20260319.png,"SELL VRT NBIS GLO ADD TO SOS [IEE RUSEO HOOINGS: BE, TER FSLY, [NNEC",review,action_conflict
GRO,2026-03-20,1,EXIT,NE,revere_20260320.png,revere_20260319.png,"SELL VRT NBIS GLO ADD TO SOS [IEE RUSEO HOOINGS: BE, TER FSLY, [NNEC",review,action_conflict
GRO,2026-03-20,1,EXIT,RFSLY,revere_20260320.png,revere_20260319.png,"SELL VRT NBIS GLO ADD TO SOS [IEE RUSEO HOOINGS: BE, TER FSLY, [NNEC",review,action_conflict
GRO,2026-03-25,1,ENTER,CC,revere_20260325.png,revere_20260320.png,NO CHANGES TURSE HOVONCS: [ENN VER FLY,review,no_changes_conflict
GRO,2026-03-25,1,ENTER,INTC,revere_20260325.png,revere_20260320.png,NO CHANGES TURSE HOVONCS: [ENN VER FLY,review,no_changes_conflict
GRO,2026-03-25,1,EXIT,CRCL,revere_20260325.png,revere_20260320.png,NO CHANGES TURSE HOVONCS: [ENN VER FLY,review,no_changes_conflict
GRO,2026-03-25,1,EXIT,GEV,revere_20260325.png,revere_20260320.png,NO CHANGES TURSE HOVONCS: [ENN VER FLY,review,no_changes_conflict
GRO,2026-03-25,1,EXIT,GLO,revere_20260325.png,revere_20260320.png,NO CHANGES TURSE HOVONCS: [ENN VER FLY,review,no_changes_conflict
GRO,2026-03-25,1,EXIT,ILF,revere_20260325.png,revere_20260320.png,NO CHANGES TURSE HOVONCS: [ENN VER FLY,review,no_changes_conflict
GRO,2026-03-25,1,EXIT,JL,revere_20260325.png,revere_20260320.png,NO CHANGES TURSE HOVONCS: [ENN VER FLY,review,no_changes_conflict
GRO,2026-03-25,1,EXIT,NBIS,revere_20260325.png,revere_20260320.png,NO CHANGES TURSE HOVONCS: [ENN VER FLY,review,no_changes_conflict
GRO,2026-03-25,1,EXIT,VRT,revere_20260325.png,revere_20260320.png,NO CHANGES TURSE HOVONCS: [ENN VER FLY,review,no_changes_conflict
GRO,2026-03-31,1,ENTER,BE,revere_20260331.png,revere_20260325.png,NO CHANGES,review,no_changes_conflict
GRO,2026-03-31,1,EXIT,CC,revere_20260331.png,revere_20260325.png,NO CHANGES,review,no_changes_conflict
GRO,2026-03-31,1,EXIT,FSLY,revere_20260331.png,revere_20260325.png,NO CHANGES,review,no_changes_conflict
GRO,2026-03-31,1,EXIT,INTC,revere_20260331.png,revere_20260325.png,NO CHANGES,review,no_changes_conflict
GRO,2026-04-01,1,EXIT,BE,revere_20260401.png,revere_20260331.png,SELL HEDGE SPXS,review,action_conflict
TURBO,2026-04-01,1,ENTER,RFSLY,revere_20260401.png,revere_20260316.png,NO CHANGES,review,no_changes_conflict
TURBO,2026-04-01,1,EXIT,FSLY,revere_20260401.png,revere_20260316.png,NO CHANGES,review,no_changes_conflict
TURBO,2026-04-01,1,EXIT,INTC,revere_20260401.png,revere_20260316.png,NO CHANGES,review,no_changes_conflict
TURBO,2026-04-01,1,EXIT,SPYM,revere_20260401.png,revere_20260316.png,NO CHANGES,review,no_changes_conflict
TURBO,2026-04-01,1,EXIT,TER,revere_20260401.png,revere_20260316.png,NO CHANGES,review,no_changes_conflict
TURBO,2026-04-07,1,ENTER,FSLY,revere_20260407.png,revere_20260402.png,SELL AVS BUY ARM + GLW,review,action_conflict
TURBO,2026-04-07,1,ENTER,TER,revere_20260407.png,revere_20260402.png,SELL AVS BUY ARM + GLW,review,action_conflict
TURBO,2026-04-07,1,EXIT,RFSLY,revere_20260407.png,revere_20260402.png,SELL AVS BUY ARM + GLW,review,action_conflict
GRO,2026-04-13,1,ENTER,UFO,revere_20260413.png,revere_20260407.png,"SELL ORCS ADD TO UPRO BUY UPRO TPR MU CAVA CAT 1URBO HOLONGS: SEV JEEIRA RM, GLW. TER BWXT SOLS ASTS LUNR,RKLS, LABU, DELL",review,action_conflict
GRO,2026-04-13,1,ENTER,XBI,revere_20260413.png,revere_20260407.png,"SELL ORCS ADD TO UPRO BUY UPRO TPR MU CAVA CAT 1URBO HOLONGS: SEV JEEIRA RM, GLW. TER BWXT SOLS ASTS LUNR,RKLS, LABU, DELL",review,action_conflict
GRO,2026-04-14,1,ENTER,CIEN,revere_20260414.png,revere_20260413.png,ADD TO CAVA BUY PL LITE CEN,review,action_conflict
GRO,2026-04-14,1,ENTER,LABU,revere_20260414.png,revere_20260413.png,ADD TO CAVA BUY PL LITE CEN,review,action_conflict
GRO,2026-04-14,1,ENTER,PLTR,revere_20260414.png,revere_20260413.png,ADD TO CAVA BUY PL LITE CEN,review,action_conflict
GRO,2026-04-14,1,EXIT,TPR,revere_20260414.png,revere_20260413.png,ADD TO CAVA BUY PL LITE CEN,review,action_conflict
GRO,2026-04-14,1,EXIT,XBI,revere_20260414.png,revere_20260413.png,ADD TO CAVA BUY PL LITE CEN,review,action_conflict
TURBO,2026-04-14,1,ENTER,BWXT,revere_20260414.png,revere_20260407.png,BUY BE ADD TO GLW AKLE SELL ASTS QBTZ IONZ,review,action_conflict
TURBO,2026-04-14,1,ENTER,DELL,revere_20260414.png,revere_20260407.png,BUY BE ADD TO GLW AKLE SELL ASTS QBTZ IONZ,review,action_conflict
TURBO,2026-04-14,1,ENTER,LABU,revere_20260414.png,revere_20260407.png,BUY BE ADD TO GLW AKLE SELL ASTS QBTZ IONZ,review,action_conflict
TURBO,2026-04-14,1,ENTER,LUNR,revere_20260414.png,revere_20260407.png,BUY BE ADD TO GLW AKLE SELL ASTS QBTZ IONZ,review,action_conflict
TURBO,2026-04-14,1,ENTER,RKLB,revere_20260414.png,revere_20260407.png,BUY BE ADD TO GLW AKLE SELL ASTS QBTZ IONZ,review,action_conflict
TURBO,2026-04-14,1,ENTER,SOLS,revere_20260414.png,revere_20260407.png,BUY BE ADD TO GLW AKLE SELL ASTS QBTZ IONZ,review,action_conflict
TURBO,2026-04-14,1,ENTER,SPYM,revere_20260414.png,revere_20260407.png,BUY BE ADD TO GLW AKLE SELL ASTS QBTZ IONZ,review,action_conflict
TURBO,2026-04-14,1,EXIT,FSLY,revere_20260414.png,revere_20260407.png,BUY BE ADD TO GLW AKLE SELL ASTS QBTZ IONZ,review,action_conflict
GRO,2026-04-15,1,ENTER,PL,revere_20260415.png,revere_20260414.png,BUY DRAM TER GLW,review,action_conflict
GRO,2026-04-15,1,ENTER,TPR,revere_20260415.png,revere_20260414.png,BUY DRAM TER GLW,review,action_conflict
GRO,2026-04-15,1,EXIT,PLTR,revere_20260415.png,revere_20260414.png,BUY DRAM TER GLW,review,action_conflict
TURBO,2026-04-15,1,ENTER,CCJ,revere_20260415.png,revere_20260414.png,BUY SATS CC) IL * BOTTOM LINE: » UNPRECEDENTED V-SHAPE RECOVERY INTO ALL-TIME HIGHS,review,action_conflict
TURBO,2026-04-16,1,ENTER,CC,revere_20260416.png,revere_20260415.png,BUY AMPX PL ADD TO ARM BOTFOM UNE: + .,review,action_conflict
TURBO,2026-04-16,1,ENTER,I,revere_20260416.png,revere_20260415.png,BUY AMPX PL ADD TO ARM BOTFOM UNE: + .,review,action_conflict
TURBO,2026-04-16,1,ENTER,LRFLE,revere_20260416.png,revere_20260415.png,BUY AMPX PL ADD TO ARM BOTFOM UNE: + .,review,action_conflict
TURBO,2026-04-16,1,ENTER,XME,revere_20260416.png,revere_20260415.png,BUY AMPX PL ADD TO ARM BOTFOM UNE: + .,review,action_conflict
TURBO,2026-04-16,1,EXIT,BE,revere_20260416.png,revere_20260415.png,BUY AMPX PL ADD TO ARM BOTFOM UNE: + .,review,action_conflict
TURBO,2026-04-16,1,EXIT,CCJ,revere_20260416.png,revere_20260415.png,BUY AMPX PL ADD TO ARM BOTFOM UNE: + .,review,action_conflict
TURBO,2026-04-16,1,EXIT,RKLB,revere_20260416.png,revere_20260415.png,BUY AMPX PL ADD TO ARM BOTFOM UNE: + .,review,action_conflict
TURBO,2026-04-16,1,EXIT,SATS,revere_20260416.png,revere_20260415.png,BUY AMPX PL ADD TO ARM BOTFOM UNE: + .,review,action_conflict
TURBO,2026-04-16,1,EXIT,SPYM,revere_20260416.png,revere_20260415.png,BUY AMPX PL ADD TO ARM BOTFOM UNE: + .,review,action_conflict
TURBO,2026-04-17,1,ENTER,ANET,revere_20260417.png,revere_20260416.png,BUY ETHA BITX FRO CMOTTOMUNE: > ©... 0 1 0 TALS,review,action_conflict
TURBO,2026-04-17,1,ENTER,BIT,revere_20260417.png,revere_20260416.png,BUY ETHA BITX FRO CMOTTOMUNE: > ©... 0 1 0 TALS,review,action_conflict
TURBO,2026-04-17,1,ENTER,CCI,revere_20260417.png,revere_20260416.png,BUY ETHA BITX FRO CMOTTOMUNE: > ©... 0 1 0 TALS,review,action_conflict
TURBO,2026-04-17,1,ENTER,GUMW,revere_20260417.png,revere_20260416.png,BUY ETHA BITX FRO CMOTTOMUNE: > ©... 0 1 0 TALS,review,action_conflict
TURBO,2026-04-17,1,ENTER,HOOD,revere_20260417.png,revere_20260416.png,BUY ETHA BITX FRO CMOTTOMUNE: > ©... 0 1 0 TALS,review,action_conflict
TURBO,2026-04-17,1,ENTER,PICK,revere_20260417.png,revere_20260416.png,BUY ETHA BITX FRO CMOTTOMUNE: > ©... 0 1 0 TALS,review,action_conflict
TURBO,2026-04-17,1,ENTER,PLTR,revere_20260417.png,revere_20260416.png,BUY ETHA BITX FRO CMOTTOMUNE: > ©... 0 1 0 TALS,review,action_conflict
TURBO,2026-04-17,1,ENTER,REN,revere_20260417.png,revere_20260416.png,BUY ETHA BITX FRO CMOTTOMUNE: > ©... 0 1 0 TALS,review,action_conflict
TURBO,2026-04-17,1,ENTER,TSA,revere_20260417.png,revere_20260416.png,BUY ETHA BITX FRO CMOTTOMUNE: > ©... 0 1 0 TALS,review,action_conflict
TURBO,2026-04-17,1,EXIT,AMPX,revere_20260417.png,revere_20260416.png,BUY ETHA BITX FRO CMOTTOMUNE: > ©... 0 1 0 TALS,review,action_conflict
TURBO,2026-04-17,1,EXIT,ARM,revere_20260417.png,revere_20260416.png,BUY ETHA BITX FRO CMOTTOMUNE: > ©... 0 1 0 TALS,review,action_conflict
TURBO,2026-04-17,1,EXIT,BWXT,revere_20260417.png,revere_20260416.png,BUY ETHA BITX FRO CMOTTOMUNE: > ©... 0 1 0 TALS,review,action_conflict
TURBO,2026-04-17,1,EXIT,CC,revere_20260417.png,revere_20260416.png,BUY ETHA BITX FRO CMOTTOMUNE: > ©... 0 1 0 TALS,review,action_conflict
TURBO,2026-04-17,1,EXIT,DELL,revere_20260417.png,revere_20260416.png,BUY ETHA BITX FRO CMOTTOMUNE: > ©... 0 1 0 TALS,review,action_conflict
TURBO,2026-04-17,1,EXIT,GLW,revere_20260417.png,revere_20260416.png,BUY ETHA BITX FRO CMOTTOMUNE: > ©... 0 1 0 TALS,review,action_conflict
TURBO,2026-04-17,1,EXIT,I,revere_20260417.png,revere_20260416.png,BUY ETHA BITX FRO CMOTTOMUNE: > ©... 0 1 0 TALS,review,action_conflict
TURBO,2026-04-17,1,EXIT,LRFLE,revere_20260417.png,revere_20260416.png,BUY ETHA BITX FRO CMOTTOMUNE: > ©... 0 1 0 TALS,review,action_conflict
TURBO,2026-04-17,1,EXIT,PL,revere_20260417.png,revere_20260416.png,BUY ETHA BITX FRO CMOTTOMUNE: > ©... 0 1 0 TALS,review,action_conflict
TURBO,2026-04-17,1,EXIT,SOLS,revere_20260417.png,revere_20260416.png,BUY ETHA BITX FRO CMOTTOMUNE: > ©... 0 1 0 TALS,review,action_conflict
TURBO,2026-04-17,1,EXIT,XME,revere_20260417.png,revere_20260416.png,BUY ETHA BITX FRO CMOTTOMUNE: > ©... 0 1 0 TALS,review,action_conflict
GRO,2026-04-20,1,ENTER,CIEN,revere_20260420.png,revere_20260416.png,ADD TA GLW.,review,action_conflict
GRO,2026-04-20,1,ENTER,CLS,revere_20260420.png,revere_20260416.png,ADD TA GLW.,review,action_conflict
GRO,2026-04-20,1,ENTER,HOOD,revere_20260420.png,revere_20260416.png,ADD TA GLW.,review,action_conflict
GRO,2026-04-20,1,ENTER,LITE,revere_20260420.png,revere_20260416.png,ADD TA GLW.,review,action_conflict
GRO,2026-04-20,1,ENTER,NUGT,revere_20260420.png,revere_20260416.png,ADD TA GLW.,review,action_conflict
GRO,2026-04-20,1,ENTER,SUV,revere_20260420.png,revere_20260416.png,ADD TA GLW.,review,action_conflict
GRO,2026-04-20,1,ENTER,UPRO,revere_20260420.png,revere_20260416.png,ADD TA GLW.,review,action_conflict
GRO,2026-04-20,1,EXIT,ALAB,revere_20260420.png,revere_20260416.png,ADD TA GLW.,review,action_conflict
GRO,2026-04-20,1,EXIT,BE,revere_20260420.png,revere_20260416.png,ADD TA GLW.,review,action_conflict
GRO,2026-04-20,1,EXIT,GH,revere_20260420.png,revere_20260416.png,ADD TA GLW.,review,action_conflict
GRO,2026-04-20,1,EXIT,MU,revere_20260420.png,revere_20260416.png,ADD TA GLW.,review,action_conflict
GRO,2026-04-20,1,EXIT,PL,revere_20260420.png,revere_20260416.png,ADD TA GLW.,review,action_conflict
GRO,2026-04-20,1,EXIT,PLTR,revere_20260420.png,revere_20260416.png,ADD TA GLW.,review,action_conflict
GRO,2026-04-20,1,EXIT,S,revere_20260420.png,revere_20260416.png,ADD TA GLW.,review,action_conflict
GRO,2026-04-20,1,EXIT,SNOW,revere_20260420.png,revere_20260416.png,ADD TA GLW.,review,action_conflict
GRO,2026-04-20,1,EXIT,TE,revere_20260420.png,revere_20260416.png,ADD TA GLW.,review,action_conflict
GRO,2026-04-20,1,EXIT,TEM,revere_20260420.png,revere_20260416.png,ADD TA GLW.,review,action_conflict
GRO,2026-04-20,1,EXIT,THA,revere_20260420.png,revere_20260416.png,ADD TA GLW.,review,action_conflict
GRO,2026-04-20,1,EXIT,URTY,revere_20260420.png,revere_20260416.png,ADD TA GLW.,review,action_conflict
GRO,2026-04-20,1,EXIT,WGMI,revere_20260420.png,revere_20260416.png,ADD TA GLW.,review,action_conflict
TURBO,2026-04-20,1,ENTER,AMPX,revere_20260420.png,revere_20260417.png,"BUY NBIS SBOTTOM UNE: 53 I OOL THIE #20 I HS BEBE, LEA DESTE 015I",review,action_conflict
TURBO,2026-04-20,1,ENTER,ARM,revere_20260420.png,revere_20260417.png,"BUY NBIS SBOTTOM UNE: 53 I OOL THIE #20 I HS BEBE, LEA DESTE 015I",review,action_conflict
TURBO,2026-04-20,1,ENTER,BE,revere_20260420.png,revere_20260417.png,"BUY NBIS SBOTTOM UNE: 53 I OOL THIE #20 I HS BEBE, LEA DESTE 015I",review,action_conflict
TURBO,2026-04-20,1,ENTER,BWXT,revere_20260420.png,revere_20260417.png,"BUY NBIS SBOTTOM UNE: 53 I OOL THIE #20 I HS BEBE, LEA DESTE 015I",review,action_conflict
TURBO,2026-04-20,1,ENTER,CC,revere_20260420.png,revere_20260417.png,"BUY NBIS SBOTTOM UNE: 53 I OOL THIE #20 I HS BEBE, LEA DESTE 015I",review,action_conflict
TURBO,2026-04-20,1,ENTER,DELL,revere_20260420.png,revere_20260417.png,"BUY NBIS SBOTTOM UNE: 53 I OOL THIE #20 I HS BEBE, LEA DESTE 015I",review,action_conflict
TURBO,2026-04-20,1,ENTER,ETHA,revere_20260420.png,revere_20260417.png,"BUY NBIS SBOTTOM UNE: 53 I OOL THIE #20 I HS BEBE, LEA DESTE 015I",review,action_conflict
TURBO,2026-04-20,1,ENTER,GH,revere_20260420.png,revere_20260417.png,"BUY NBIS SBOTTOM UNE: 53 I OOL THIE #20 I HS BEBE, LEA DESTE 015I",review,action_conflict
TURBO,2026-04-20,1,ENTER,LAB,revere_20260420.png,revere_20260417.png,"BUY NBIS SBOTTOM UNE: 53 I OOL THIE #20 I HS BEBE, LEA DESTE 015I",review,action_conflict
TURBO,2026-04-20,1,ENTER,PL,revere_20260420.png,revere_20260417.png,"BUY NBIS SBOTTOM UNE: 53 I OOL THIE #20 I HS BEBE, LEA DESTE 015I",review,action_conflict
TURBO,2026-04-20,1,ENTER,REMX,revere_20260420.png,revere_20260417.png,"BUY NBIS SBOTTOM UNE: 53 I OOL THIE #20 I HS BEBE, LEA DESTE 015I",review,action_conflict
TURBO,2026-04-20,1,ENTER,SOLS,revere_20260420.png,revere_20260417.png,"BUY NBIS SBOTTOM UNE: 53 I OOL THIE #20 I HS BEBE, LEA DESTE 015I",review,action_conflict
TURBO,2026-04-20,1,ENTER,T,revere_20260420.png,revere_20260417.png,"BUY NBIS SBOTTOM UNE: 53 I OOL THIE #20 I HS BEBE, LEA DESTE 015I",review,action_conflict
TURBO,2026-04-20,1,EXIT,ANET,revere_20260420.png,revere_20260417.png,"BUY NBIS SBOTTOM UNE: 53 I OOL THIE #20 I HS BEBE, LEA DESTE 015I",review,action_conflict
TURBO,2026-04-20,1,EXIT,BIT,revere_20260420.png,revere_20260417.png,"BUY NBIS SBOTTOM UNE: 53 I OOL THIE #20 I HS BEBE, LEA DESTE 015I",review,action_conflict
TURBO,2026-04-20,1,EXIT,CCI,revere_20260420.png,revere_20260417.png,"BUY NBIS SBOTTOM UNE: 53 I OOL THIE #20 I HS BEBE, LEA DESTE 015I",review,action_conflict
TURBO,2026-04-20,1,EXIT,HOOD,revere_20260420.png,revere_20260417.png,"BUY NBIS SBOTTOM UNE: 53 I OOL THIE #20 I HS BEBE, LEA DESTE 015I",review,action_conflict
TURBO,2026-04-20,1,EXIT,LABU,revere_20260420.png,revere_20260417.png,"BUY NBIS SBOTTOM UNE: 53 I OOL THIE #20 I HS BEBE, LEA DESTE 015I",review,action_conflict
TURBO,2026-04-20,1,EXIT,PICK,revere_20260420.png,revere_20260417.png,"BUY NBIS SBOTTOM UNE: 53 I OOL THIE #20 I HS BEBE, LEA DESTE 015I",review,action_conflict
TURBO,2026-04-20,1,EXIT,PLTR,revere_20260420.png,revere_20260417.png,"BUY NBIS SBOTTOM UNE: 53 I OOL THIE #20 I HS BEBE, LEA DESTE 015I",review,action_conflict
TURBO,2026-04-20,1,EXIT,REN,revere_20260420.png,revere_20260417.png,"BUY NBIS SBOTTOM UNE: 53 I OOL THIE #20 I HS BEBE, LEA DESTE 015I",review,action_conflict
TURBO,2026-04-20,1,EXIT,TSA,revere_20260420.png,revere_20260417.png,"BUY NBIS SBOTTOM UNE: 53 I OOL THIE #20 I HS BEBE, LEA DESTE 015I",review,action_conflict
GRO,2026-04-21,1,ENTER,CRDO,revere_20260421.png,revere_20260420.png,ADD TO UPRO SELL NUGT,review,action_conflict
GRO,2026-04-21,1,ENTER,MU,revere_20260421.png,revere_20260420.png,ADD TO UPRO SELL NUGT,review,action_conflict
GRO,2026-04-21,1,ENTER,PLCAVA,revere_20260421.png,revere_20260420.png,ADD TO UPRO SELL NUGT,review,action_conflict
GRO,2026-04-21,1,ENTER,SPYM,revere_20260421.png,revere_20260420.png,ADD TO UPRO SELL NUGT,review,action_conflict
GRO,2026-04-21,1,ENTER,TPR,revere_20260421.png,revere_20260420.png,ADD TO UPRO SELL NUGT,review,action_conflict
GRO,2026-04-21,1,ENTER,UFO,revere_20260421.png,revere_20260420.png,ADD TO UPRO SELL NUGT,review,action_conflict
GRO,2026-04-21,1,ENTER,WGMI,revere_20260421.png,revere_20260420.png,ADD TO UPRO SELL NUGT,review,action_conflict
GRO,2026-04-21,1,EXIT,CAVA,revere_20260421.png,revere_20260420.png,ADD TO UPRO SELL NUGT,review,action_conflict
GRO,2026-04-21,1,EXIT,HOOD,revere_20260421.png,revere_20260420.png,ADD TO UPRO SELL NUGT,review,action_conflict
GRO,2026-04-21,1,EXIT,SITM,revere_20260421.png,revere_20260420.png,ADD TO UPRO SELL NUGT,review,action_conflict
GRO,2026-04-21,1,EXIT,SUV,revere_20260421.png,revere_20260420.png,ADD TO UPRO SELL NUGT,review,action_conflict
TURBO,2026-04-21,1,ENTER,GLW,revere_20260421.png,revere_20260420.png,"BUY UPRD + MU SELL BITX, ETHA BWXT, SATS, FRO, £CJ",review,action_conflict
TURBO,2026-04-21,1,ENTER,LABU,revere_20260421.png,revere_20260420.png,"BUY UPRD + MU SELL BITX, ETHA BWXT, SATS, FRO, £CJ",review,action_conflict
TURBO,2026-04-21,1,ENTER,NBIS,revere_20260421.png,revere_20260420.png,"BUY UPRD + MU SELL BITX, ETHA BWXT, SATS, FRO, £CJ",review,action_conflict
TURBO,2026-04-21,1,ENTER,RKLB,revere_20260421.png,revere_20260420.png,"BUY UPRD + MU SELL BITX, ETHA BWXT, SATS, FRO, £CJ",review,action_conflict
TURBO,2026-04-21,1,ENTER,SPYM,revere_20260421.png,revere_20260420.png,"BUY UPRD + MU SELL BITX, ETHA BWXT, SATS, FRO, £CJ",review,action_conflict
TURBO,2026-04-21,1,ENTER,UPRO,revere_20260421.png,revere_20260420.png,"BUY UPRD + MU SELL BITX, ETHA BWXT, SATS, FRO, £CJ",review,action_conflict
TURBO,2026-04-21,1,EXIT,CC,revere_20260421.png,revere_20260420.png,"BUY UPRD + MU SELL BITX, ETHA BWXT, SATS, FRO, £CJ",review,action_conflict
TURBO,2026-04-21,1,EXIT,GH,revere_20260421.png,revere_20260420.png,"BUY UPRD + MU SELL BITX, ETHA BWXT, SATS, FRO, £CJ",review,action_conflict
TURBO,2026-04-21,1,EXIT,GUMW,revere_20260421.png,revere_20260420.png,"BUY UPRD + MU SELL BITX, ETHA BWXT, SATS, FRO, £CJ",review,action_conflict
TURBO,2026-04-21,1,EXIT,LAB,revere_20260421.png,revere_20260420.png,"BUY UPRD + MU SELL BITX, ETHA BWXT, SATS, FRO, £CJ",review,action_conflict
TURBO,2026-04-21,1,EXIT,REMX,revere_20260421.png,revere_20260420.png,"BUY UPRD + MU SELL BITX, ETHA BWXT, SATS, FRO, £CJ",review,action_conflict
TURBO,2026-04-21,1,EXIT,T,revere_20260421.png,revere_20260420.png,"BUY UPRD + MU SELL BITX, ETHA BWXT, SATS, FRO, £CJ",review,action_conflict
GRO,2026-04-22,1,ENTER,CAVA,revere_20260422.png,revere_20260421.png,BUY TNA SELL TPR,review,action_conflict
GRO,2026-04-22,1,ENTER,PL,revere_20260422.png,revere_20260421.png,BUY TNA SELL TPR,review,action_conflict
GRO,2026-04-22,1,EXIT,PLCAVA,revere_20260422.png,revere_20260421.png,BUY TNA SELL TPR,review,action_conflict
TURBO,2026-04-22,1,ENTER,LABL,revere_20260422.png,revere_20260421.png,BUY CIFR ADD TO MU,review,action_conflict
TURBO,2026-04-22,1,ENTER,UPRG,revere_20260422.png,revere_20260421.png,BUY CIFR ADD TO MU,review,action_conflict
TURBO,2026-04-22,1,EXIT,LABU,revere_20260422.png,revere_20260421.png,BUY CIFR ADD TO MU,review,action_conflict
TURBO,2026-04-22,1,EXIT,UPRO,revere_20260422.png,revere_20260421.png,BUY CIFR ADD TO MU,review,action_conflict
GRO,2026-04-23,1,ENTER,ETHA,revere_20260423.png,revere_20260422.png,BUY NBISEWZ ~~ ADD TOCRDOTNA SELL LABU,review,action_conflict
GRO,2026-04-23,1,ENTER,EWZ,revere_20260423.png,revere_20260422.png,BUY NBISEWZ ~~ ADD TOCRDOTNA SELL LABU,review,action_conflict
GRO,2026-04-23,1,ENTER,S,revere_20260423.png,revere_20260422.png,BUY NBISEWZ ~~ ADD TOCRDOTNA SELL LABU,review,action_conflict
GRO,2026-04-23,1,ENTER,SPYV,revere_20260423.png,revere_20260422.png,BUY NBISEWZ ~~ ADD TOCRDOTNA SELL LABU,review,action_conflict
GRO,2026-04-23,1,ENTER,TERPL,revere_20260423.png,revere_20260422.png,BUY NBISEWZ ~~ ADD TOCRDOTNA SELL LABU,review,action_conflict
GRO,2026-04-23,1,EXIT,SPYM,revere_20260423.png,revere_20260422.png,BUY NBISEWZ ~~ ADD TOCRDOTNA SELL LABU,review,action_conflict
GRO,2026-04-23,1,EXIT,TER,revere_20260423.png,revere_20260422.png,BUY NBISEWZ ~~ ADD TOCRDOTNA SELL LABU,review,action_conflict
GRO,2026-04-23,1,EXIT,TNA,revere_20260423.png,revere_20260422.png,BUY NBISEWZ ~~ ADD TOCRDOTNA SELL LABU,review,action_conflict
TURBO,2026-04-23,1,ENTER,GH,revere_20260423.png,revere_20260422.png,BUY IREN APLD,review,action_conflict
TURBO,2026-04-23,1,ENTER,LABU,revere_20260423.png,revere_20260422.png,BUY IREN APLD,review,action_conflict
TURBO,2026-04-23,1,ENTER,PLTR,revere_20260423.png,revere_20260422.png,BUY IREN APLD,review,action_conflict
TURBO,2026-04-23,1,ENTER,RIACH,revere_20260423.png,revere_20260422.png,BUY IREN APLD,review,action_conflict
TURBO,2026-04-23,1,ENTER,UPRO,revere_20260423.png,revere_20260422.png,BUY IREN APLD,review,action_conflict
TURBO,2026-04-23,1,EXIT,CIFR,revere_20260423.png,revere_20260422.png,BUY IREN APLD,review,action_conflict
TURBO,2026-04-23,1,EXIT,LABL,revere_20260423.png,revere_20260422.png,BUY IREN APLD,review,action_conflict
TURBO,2026-04-23,1,EXIT,NBIS,revere_20260423.png,revere_20260422.png,BUY IREN APLD,review,action_conflict
TURBO,2026-04-23,1,EXIT,PL,revere_20260423.png,revere_20260422.png,BUY IREN APLD,review,action_conflict
TURBO,2026-04-23,1,EXIT,RKLB,revere_20260423.png,revere_20260422.png,BUY IREN APLD,review,action_conflict
TURBO,2026-04-23,1,EXIT,UPRG,revere_20260423.png,revere_20260422.png,BUY IREN APLD,review,action_conflict
GRO,2026-04-24,1,ENTER,NBIS,revere_20260424.png,revere_20260423.png,SELL UFO TRIM PL,review,action_conflict
GRO,2026-04-24,1,ENTER,SPYM,revere_20260424.png,revere_20260423.png,SELL UFO TRIM PL,review,action_conflict
GRO,2026-04-24,1,ENTER,TER,revere_20260424.png,revere_20260423.png,SELL UFO TRIM PL,review,action_conflict
GRO,2026-04-24,1,ENTER,TNA,revere_20260424.png,revere_20260423.png,SELL UFO TRIM PL,review,action_conflict
GRO,2026-04-24,1,EXIT,ETHA,revere_20260424.png,revere_20260423.png,SELL UFO TRIM PL,review,action_conflict
GRO,2026-04-24,1,EXIT,S,revere_20260424.png,revere_20260423.png,SELL UFO TRIM PL,review,action_conflict
GRO,2026-04-24,1,EXIT,SPYV,revere_20260424.png,revere_20260423.png,SELL UFO TRIM PL,review,action_conflict
GRO,2026-04-24,1,EXIT,TERPL,revere_20260424.png,revere_20260423.png,SELL UFO TRIM PL,review,action_conflict
TURBO,2026-04-24,1,ENTER,APLD,revere_20260424.png,revere_20260423.png,TRIM ARM SELL NBIS,review,action_conflict
TURBO,2026-04-24,1,ENTER,CIFR,revere_20260424.png,revere_20260423.png,TRIM ARM SELL NBIS,review,action_conflict
TURBO,2026-04-24,1,ENTER,IREN,revere_20260424.png,revere_20260423.png,TRIM ARM SELL NBIS,review,action_conflict
TURBO,2026-04-24,1,ENTER,PL,revere_20260424.png,revere_20260423.png,TRIM ARM SELL NBIS,review,action_conflict
TURBO,2026-04-24,1,ENTER,RKLE,revere_20260424.png,revere_20260423.png,TRIM ARM SELL NBIS,review,action_conflict
TURBO,2026-04-24,1,EXIT,BE,revere_20260424.png,revere_20260423.png,TRIM ARM SELL NBIS,review,action_conflict
TURBO,2026-04-24,1,EXIT,GH,revere_20260424.png,revere_20260423.png,TRIM ARM SELL NBIS,review,action_conflict
TURBO,2026-04-24,1,EXIT,PLTR,revere_20260424.png,revere_20260423.png,TRIM ARM SELL NBIS,review,action_conflict
TURBO,2026-04-24,1,EXIT,RIACH,revere_20260424.png,revere_20260423.png,TRIM ARM SELL NBIS,review,action_conflict
GRO,2026-04-27,1,ENTER,PLCAV,revere_20260427.png,revere_20260424.png,TRIM NBIS PL GLW ADD TO WGMI BUY CC),review,action_conflict
GRO,2026-04-27,1,ENTER,SPYV,revere_20260427.png,revere_20260424.png,TRIM NBIS PL GLW ADD TO WGMI BUY CC),review,action_conflict
GRO,2026-04-27,1,EXIT,CAVA,revere_20260427.png,revere_20260424.png,TRIM NBIS PL GLW ADD TO WGMI BUY CC),review,action_conflict
GRO,2026-04-27,1,EXIT,PL,revere_20260427.png,revere_20260424.png,TRIM NBIS PL GLW ADD TO WGMI BUY CC),review,action_conflict
GRO,2026-04-27,1,EXIT,SPYM,revere_20260427.png,revere_20260424.png,TRIM NBIS PL GLW ADD TO WGMI BUY CC),review,action_conflict
TURBO,2026-04-27,1,ENTER,BE,revere_20260427.png,revere_20260424.png,SELL APLD PL TRIM GLW BUY ONDS REMX,review,action_conflict
TURBO,2026-04-27,1,ENTER,RKLB,revere_20260427.png,revere_20260424.png,SELL APLD PL TRIM GLW BUY ONDS REMX,review,action_conflict
TURBO,2026-04-27,1,EXIT,RKLE,revere_20260427.png,revere_20260424.png,SELL APLD PL TRIM GLW BUY ONDS REMX,review,action_conflict
GRO,2026-04-28,1,ENTER,CAVA,revere_20260428.png,revere_20260427.png,SELL NEIS LITE BUY NVDA,review,action_conflict
GRO,2026-04-28,1,ENTER,CON,revere_20260428.png,revere_20260427.png,SELL NEIS LITE BUY NVDA,review,action_conflict
GRO,2026-04-28,1,ENTER,CRO,revere_20260428.png,revere_20260427.png,SELL NEIS LITE BUY NVDA,review,action_conflict
GRO,2026-04-28,1,ENTER,ORAM,revere_20260428.png,revere_20260427.png,SELL NEIS LITE BUY NVDA,review,action_conflict
GRO,2026-04-28,1,ENTER,PL,revere_20260428.png,revere_20260427.png,SELL NEIS LITE BUY NVDA,review,action_conflict
GRO,2026-04-28,1,ENTER,SSO,revere_20260428.png,revere_20260427.png,SELL NEIS LITE BUY NVDA,review,action_conflict
GRO,2026-04-28,1,ENTER,STM,revere_20260428.png,revere_20260427.png,SELL NEIS LITE BUY NVDA,review,action_conflict
GRO,2026-04-28,1,ENTER,WGN,revere_20260428.png,revere_20260427.png,SELL NEIS LITE BUY NVDA,review,action_conflict
GRO,2026-04-28,1,EXIT,CC,revere_20260428.png,revere_20260427.png,SELL NEIS LITE BUY NVDA,review,action_conflict
GRO,2026-04-28,1,EXIT,CIEN,revere_20260428.png,revere_20260427.png,SELL NEIS LITE BUY NVDA,review,action_conflict
GRO,2026-04-28,1,EXIT,CRDO,revere_20260428.png,revere_20260427.png,SELL NEIS LITE BUY NVDA,review,action_conflict
GRO,2026-04-28,1,EXIT,DRAM,revere_20260428.png,revere_20260427.png,SELL NEIS LITE BUY NVDA,review,action_conflict
GRO,2026-04-28,1,EXIT,NBIS,revere_20260428.png,revere_20260427.png,SELL NEIS LITE BUY NVDA,review,action_conflict
GRO,2026-04-28,1,EXIT,PLCAV,revere_20260428.png,revere_20260427.png,SELL NEIS LITE BUY NVDA,review,action_conflict
GRO,2026-04-28,1,EXIT,SPYV,revere_20260428.png,revere_20260427.png,SELL NEIS LITE BUY NVDA,review,action_conflict
GRO,2026-04-28,1,EXIT,UPRO,revere_20260428.png,revere_20260427.png,SELL NEIS LITE BUY NVDA,review,action_conflict
GRO,2026-04-28,1,EXIT,WGMI,revere_20260428.png,revere_20260427.png,SELL NEIS LITE BUY NVDA,review,action_conflict
TURBO,2026-04-28,1,ENTER,ALAB,revere_20260428.png,revere_20260427.png,SELL CIFR IREN LABY SOLS.,review,action_conflict
TURBO,2026-04-28,1,ENTER,ESLS,revere_20260428.png,revere_20260427.png,SELL CIFR IREN LABY SOLS.,review,action_conflict
TURBO,2026-04-28,1,ENTER,LOWE,revere_20260428.png,revere_20260427.png,SELL CIFR IREN LABY SOLS.,review,action_conflict
TURBO,2026-04-28,1,ENTER,OO,revere_20260428.png,revere_20260427.png,SELL CIFR IREN LABY SOLS.,review,action_conflict
TURBO,2026-04-28,1,ENTER,SSRAT,revere_20260428.png,revere_20260427.png,SELL CIFR IREN LABY SOLS.,review,action_conflict
TURBO,2026-04-28,1,EXIT,LABU,revere_20260428.png,revere_20260427.png,SELL CIFR IREN LABY SOLS.,review,action_conflict
TURBO,2026-04-28,1,EXIT,LUNR,revere_20260428.png,revere_20260427.png,SELL CIFR IREN LABY SOLS.,review,action_conflict
TURBO,2026-04-28,1,EXIT,REMX,revere_20260428.png,revere_20260427.png,SELL CIFR IREN LABY SOLS.,review,action_conflict
TURBO,2026-04-28,1,EXIT,RKLB,revere_20260428.png,revere_20260427.png,SELL CIFR IREN LABY SOLS.,review,action_conflict
TURBO,2026-04-28,1,EXIT,SPYM,revere_20260428.png,revere_20260427.png,SELL CIFR IREN LABY SOLS.,review,action_conflict
TURBO,2026-04-28,1,EXIT,UPRO,revere_20260428.png,revere_20260427.png,SELL CIFR IREN LABY SOLS.,review,action_conflict
GRO,2026-04-29,1,ENTER,CCL,revere_20260429.png,revere_20260428.png,SELL TERPL TURBO HODINGS: SEROSA AL ATV LL MI CW AE APS,review,action_conflict
GRO,2026-04-29,1,ENTER,DRAM,revere_20260429.png,revere_20260428.png,SELL TERPL TURBO HODINGS: SEROSA AL ATV LL MI CW AE APS,review,action_conflict
GRO,2026-04-29,1,ENTER,FTAL,revere_20260429.png,revere_20260428.png,SELL TERPL TURBO HODINGS: SEROSA AL ATV LL MI CW AE APS,review,action_conflict
GRO,2026-04-29,1,ENTER,GNRC,revere_20260429.png,revere_20260428.png,SELL TERPL TURBO HODINGS: SEROSA AL ATV LL MI CW AE APS,review,action_conflict
GRO,2026-04-29,1,ENTER,LABU,revere_20260429.png,revere_20260428.png,SELL TERPL TURBO HODINGS: SEROSA AL ATV LL MI CW AE APS,review,action_conflict
GRO,2026-04-29,1,ENTER,RALY,revere_20260429.png,revere_20260428.png,SELL TERPL TURBO HODINGS: SEROSA AL ATV LL MI CW AE APS,review,action_conflict
GRO,2026-04-29,1,ENTER,TSA,revere_20260429.png,revere_20260428.png,SELL TERPL TURBO HODINGS: SEROSA AL ATV LL MI CW AE APS,review,action_conflict
GRO,2026-04-29,1,ENTER,UPRO,revere_20260429.png,revere_20260428.png,SELL TERPL TURBO HODINGS: SEROSA AL ATV LL MI CW AE APS,review,action_conflict
GRO,2026-04-29,1,EXIT,CAT,revere_20260429.png,revere_20260428.png,SELL TERPL TURBO HODINGS: SEROSA AL ATV LL MI CW AE APS,review,action_conflict
GRO,2026-04-29,1,EXIT,CLS,revere_20260429.png,revere_20260428.png,SELL TERPL TURBO HODINGS: SEROSA AL ATV LL MI CW AE APS,review,action_conflict
GRO,2026-04-29,1,EXIT,CON,revere_20260429.png,revere_20260428.png,SELL TERPL TURBO HODINGS: SEROSA AL ATV LL MI CW AE APS,review,action_conflict
GRO,2026-04-29,1,EXIT,EWZ,revere_20260429.png,revere_20260428.png,SELL TERPL TURBO HODINGS: SEROSA AL ATV LL MI CW AE APS,review,action_conflict
GRO,2026-04-29,1,EXIT,GLW,revere_20260429.png,revere_20260428.png,SELL TERPL TURBO HODINGS: SEROSA AL ATV LL MI CW AE APS,review,action_conflict
GRO,2026-04-29,1,EXIT,MU,revere_20260429.png,revere_20260428.png,SELL TERPL TURBO HODINGS: SEROSA AL ATV LL MI CW AE APS,review,action_conflict
GRO,2026-04-29,1,EXIT,ORAM,revere_20260429.png,revere_20260428.png,SELL TERPL TURBO HODINGS: SEROSA AL ATV LL MI CW AE APS,review,action_conflict
GRO,2026-04-29,1,EXIT,SSO,revere_20260429.png,revere_20260428.png,SELL TERPL TURBO HODINGS: SEROSA AL ATV LL MI CW AE APS,review,action_conflict
GRO,2026-04-29,1,EXIT,STM,revere_20260429.png,revere_20260428.png,SELL TERPL TURBO HODINGS: SEROSA AL ATV LL MI CW AE APS,review,action_conflict
GRO,2026-04-29,1,EXIT,TER,revere_20260429.png,revere_20260428.png,SELL TERPL TURBO HODINGS: SEROSA AL ATV LL MI CW AE APS,review,action_conflict
GRO,2026-04-29,1,EXIT,WGN,revere_20260429.png,revere_20260428.png,SELL TERPL TURBO HODINGS: SEROSA AL ATV LL MI CW AE APS,review,action_conflict
GRO,2026-04-30,1,ENTER,CAT,revere_20260430.png,revere_20260429.png,BUY SBUX BE ADD TO TNA,review,action_conflict
GRO,2026-04-30,1,ENTER,CCI,revere_20260430.png,revere_20260429.png,BUY SBUX BE ADD TO TNA,review,action_conflict
GRO,2026-04-30,1,ENTER,CLS,revere_20260430.png,revere_20260429.png,BUY SBUX BE ADD TO TNA,review,action_conflict
GRO,2026-04-30,1,ENTER,CRDO,revere_20260430.png,revere_20260429.png,BUY SBUX BE ADD TO TNA,review,action_conflict
GRO,2026-04-30,1,ENTER,EWZ,revere_20260430.png,revere_20260429.png,BUY SBUX BE ADD TO TNA,review,action_conflict
GRO,2026-04-30,1,ENTER,GLW,revere_20260430.png,revere_20260429.png,BUY SBUX BE ADD TO TNA,review,action_conflict
GRO,2026-04-30,1,ENTER,I,revere_20260430.png,revere_20260429.png,BUY SBUX BE ADD TO TNA,review,action_conflict
GRO,2026-04-30,1,ENTER,MU,revere_20260430.png,revere_20260429.png,BUY SBUX BE ADD TO TNA,review,action_conflict
GRO,2026-04-30,1,ENTER,NVOA,revere_20260430.png,revere_20260429.png,BUY SBUX BE ADD TO TNA,review,action_conflict
GRO,2026-04-30,1,ENTER,SSO,revere_20260430.png,revere_20260429.png,BUY SBUX BE ADD TO TNA,review,action_conflict
GRO,2026-04-30,1,ENTER,TER,revere_20260430.png,revere_20260429.png,BUY SBUX BE ADD TO TNA,review,action_conflict
GRO,2026-04-30,1,ENTER,WGMI,revere_20260430.png,revere_20260429.png,BUY SBUX BE ADD TO TNA,review,action_conflict
GRO,2026-04-30,1,EXIT,CCL,revere_20260430.png,revere_20260429.png,BUY SBUX BE ADD TO TNA,review,action_conflict
GRO,2026-04-30,1,EXIT,CRO,revere_20260430.png,revere_20260429.png,BUY SBUX BE ADD TO TNA,review,action_conflict
GRO,2026-04-30,1,EXIT,FTAL,revere_20260430.png,revere_20260429.png,BUY SBUX BE ADD TO TNA,review,action_conflict
GRO,2026-04-30,1,EXIT,GNRC,revere_20260430.png,revere_20260429.png,BUY SBUX BE ADD TO TNA,review,action_conflict
GRO,2026-04-30,1,EXIT,LABU,revere_20260430.png,revere_20260429.png,BUY SBUX BE ADD TO TNA,review,action_conflict
GRO,2026-04-30,1,EXIT,NVDA,revere_20260430.png,revere_20260429.png,BUY SBUX BE ADD TO TNA,review,action_conflict
GRO,2026-04-30,1,EXIT,PL,revere_20260430.png,revere_20260429.png,BUY SBUX BE ADD TO TNA,review,action_conflict
GRO,2026-04-30,1,EXIT,RALY,revere_20260430.png,revere_20260429.png,BUY SBUX BE ADD TO TNA,review,action_conflict
GRO,2026-04-30,1,EXIT,TSA,revere_20260430.png,revere_20260429.png,BUY SBUX BE ADD TO TNA,review,action_conflict
TURBO,2026-04-30,1,ENTER,LAB,revere_20260430.png,revere_20260428.png,BUY TNA AEHR ADD TO AMPX UPRO REMX,review,action_conflict
TURBO,2026-04-30,1,ENTER,SE,revere_20260430.png,revere_20260428.png,BUY TNA AEHR ADD TO AMPX UPRO REMX,review,action_conflict
TURBO,2026-04-30,1,ENTER,SPYM,revere_20260430.png,revere_20260428.png,BUY TNA AEHR ADD TO AMPX UPRO REMX,review,action_conflict
TURBO,2026-04-30,1,EXIT,ALAB,revere_20260430.png,revere_20260428.png,BUY TNA AEHR ADD TO AMPX UPRO REMX,review,action_conflict
TURBO,2026-04-30,1,EXIT,ESLS,revere_20260430.png,revere_20260428.png,BUY TNA AEHR ADD TO AMPX UPRO REMX,review,action_conflict
TURBO,2026-04-30,1,EXIT,LOWE,revere_20260430.png,revere_20260428.png,BUY TNA AEHR ADD TO AMPX UPRO REMX,review,action_conflict
TURBO,2026-04-30,1,EXIT,ONDS,revere_20260430.png,revere_20260428.png,BUY TNA AEHR ADD TO AMPX UPRO REMX,review,action_conflict
TURBO,2026-04-30,1,EXIT,OO,revere_20260430.png,revere_20260428.png,BUY TNA AEHR ADD TO AMPX UPRO REMX,review,action_conflict
TURBO,2026-04-30,1,EXIT,SSRAT,revere_20260430.png,revere_20260428.png,BUY TNA AEHR ADD TO AMPX UPRO REMX,review,action_conflict
TURBO,2026-04-30,1,EXIT,TER,revere_20260430.png,revere_20260428.png,BUY TNA AEHR ADD TO AMPX UPRO REMX,review,action_conflict
TURBO,2026-05-01,1,ENTER,ALAB,revere_20260501.png,revere_20260430.png,ADD TO GLW TNA,review,action_conflict
TURBO,2026-05-01,1,ENTER,ALIOG,revere_20260501.png,revere_20260430.png,ADD TO GLW TNA,review,action_conflict
TURBO,2026-05-01,1,ENTER,ETHA,revere_20260501.png,revere_20260430.png,ADD TO GLW TNA,review,action_conflict
TURBO,2026-05-01,1,ENTER,JIII,revere_20260501.png,revere_20260430.png,ADD TO GLW TNA,review,action_conflict
TURBO,2026-05-01,1,ENTER,LABU,revere_20260501.png,revere_20260430.png,ADD TO GLW TNA,review,action_conflict
TURBO,2026-05-01,1,ENTER,PATH,revere_20260501.png,revere_20260430.png,ADD TO GLW TNA,review,action_conflict
TURBO,2026-05-01,1,ENTER,SNOW,revere_20260501.png,revere_20260430.png,ADD TO GLW TNA,review,action_conflict
TURBO,2026-05-01,1,EXIT,AEHR,revere_20260501.png,revere_20260430.png,ADD TO GLW TNA,review,action_conflict
TURBO,2026-05-01,1,EXIT,AMPX,revere_20260501.png,revere_20260430.png,ADD TO GLW TNA,review,action_conflict
TURBO,2026-05-01,1,EXIT,BE,revere_20260501.png,revere_20260430.png,ADD TO GLW TNA,review,action_conflict
TURBO,2026-05-01,1,EXIT,DELL,revere_20260501.png,revere_20260430.png,ADD TO GLW TNA,review,action_conflict
TURBO,2026-05-01,1,EXIT,GLW,revere_20260501.png,revere_20260430.png,ADD TO GLW TNA,review,action_conflict
TURBO,2026-05-01,1,EXIT,LAB,revere_20260501.png,revere_20260430.png,ADD TO GLW TNA,review,action_conflict
TURBO,2026-05-01,1,EXIT,MU,revere_20260501.png,revere_20260430.png,ADD TO GLW TNA,review,action_conflict
TURBO,2026-05-01,1,EXIT,REMX,revere_20260501.png,revere_20260430.png,ADD TO GLW TNA,review,action_conflict
TURBO,2026-05-01,1,EXIT,SE,revere_20260501.png,revere_20260430.png,ADD TO GLW TNA,review,action_conflict
TURBO,2026-05-01,1,EXIT,SPYM,revere_20260501.png,revere_20260430.png,ADD TO GLW TNA,review,action_conflict
TURBO,2026-05-01,1,EXIT,TNA,revere_20260501.png,revere_20260430.png,ADD TO GLW TNA,review,action_conflict
GRO,2026-05-04,1,ENTER,BE,revere_20260504.png,revere_20260501.png,ADD 10 CLS O-TRIM MU TRIM NVDA EWZ,review,action_conflict
GRO,2026-05-04,1,ENTER,CCL,revere_20260504.png,revere_20260501.png,ADD 10 CLS O-TRIM MU TRIM NVDA EWZ,review,action_conflict
GRO,2026-05-04,1,ENTER,ENE,revere_20260504.png,revere_20260501.png,ADD 10 CLS O-TRIM MU TRIM NVDA EWZ,review,action_conflict
GRO,2026-05-04,1,ENTER,NVOA,revere_20260504.png,revere_20260501.png,ADD 10 CLS O-TRIM MU TRIM NVDA EWZ,review,action_conflict
GRO,2026-05-04,1,ENTER,SPYM,revere_20260504.png,revere_20260501.png,ADD 10 CLS O-TRIM MU TRIM NVDA EWZ,review,action_conflict
GRO,2026-05-04,1,ENTER,USRP,revere_20260504.png,revere_20260501.png,ADD 10 CLS O-TRIM MU TRIM NVDA EWZ,review,action_conflict
GRO,2026-05-04,1,ENTER,UWZMU,revere_20260504.png,revere_20260501.png,ADD 10 CLS O-TRIM MU TRIM NVDA EWZ,review,action_conflict
GRO,2026-05-04,1,EXIT,AKT,revere_20260504.png,revere_20260501.png,ADD 10 CLS O-TRIM MU TRIM NVDA EWZ,review,action_conflict
GRO,2026-05-04,1,EXIT,CCI,revere_20260504.png,revere_20260501.png,ADD 10 CLS O-TRIM MU TRIM NVDA EWZ,review,action_conflict
GRO,2026-05-04,1,EXIT,CIEN,revere_20260504.png,revere_20260501.png,ADD 10 CLS O-TRIM MU TRIM NVDA EWZ,review,action_conflict
GRO,2026-05-04,1,EXIT,EWZ,revere_20260504.png,revere_20260501.png,ADD 10 CLS O-TRIM MU TRIM NVDA EWZ,review,action_conflict
GRO,2026-05-04,1,EXIT,MRVL,revere_20260504.png,revere_20260501.png,ADD 10 CLS O-TRIM MU TRIM NVDA EWZ,review,action_conflict
GRO,2026-05-04,1,EXIT,NVDA,revere_20260504.png,revere_20260501.png,ADD 10 CLS O-TRIM MU TRIM NVDA EWZ,review,action_conflict
GRO,2026-05-04,1,EXIT,PYM,revere_20260504.png,revere_20260501.png,ADD 10 CLS O-TRIM MU TRIM NVDA EWZ,review,action_conflict
GRO,2026-05-04,1,EXIT,UPAO,revere_20260504.png,revere_20260501.png,ADD 10 CLS O-TRIM MU TRIM NVDA EWZ,review,action_conflict
TURBO,2026-05-04,1,ENTER,AKLE,revere_20260504.png,revere_20260501.png,BUY UUUU URA BOTYOM LINE:,review,action_conflict
TURBO,2026-05-04,1,ENTER,AMPX,revere_20260504.png,revere_20260501.png,BUY UUUU URA BOTYOM LINE:,review,action_conflict
TURBO,2026-05-04,1,ENTER,BF,revere_20260504.png,revere_20260501.png,BUY UUUU URA BOTYOM LINE:,review,action_conflict
TURBO,2026-05-04,1,ENTER,CFR,revere_20260504.png,revere_20260501.png,BUY UUUU URA BOTYOM LINE:,review,action_conflict
TURBO,2026-05-04,1,ENTER,DELL,revere_20260504.png,revere_20260501.png,BUY UUUU URA BOTYOM LINE:,review,action_conflict
TURBO,2026-05-04,1,ENTER,FA,revere_20260504.png,revere_20260501.png,BUY UUUU URA BOTYOM LINE:,review,action_conflict
TURBO,2026-05-04,1,ENTER,GLW,revere_20260504.png,revere_20260501.png,BUY UUUU URA BOTYOM LINE:,review,action_conflict
TURBO,2026-05-04,1,ENTER,MU,revere_20260504.png,revere_20260501.png,BUY UUUU URA BOTYOM LINE:,review,action_conflict
TURBO,2026-05-04,1,ENTER,REMX,revere_20260504.png,revere_20260501.png,BUY UUUU URA BOTYOM LINE:,review,action_conflict
TURBO,2026-05-04,1,ENTER,TNA,revere_20260504.png,revere_20260501.png,BUY UUUU URA BOTYOM LINE:,review,action_conflict
TURBO,2026-05-04,1,EXIT,ALAB,revere_20260504.png,revere_20260501.png,BUY UUUU URA BOTYOM LINE:,review,action_conflict
TURBO,2026-05-04,1,EXIT,ALIOG,revere_20260504.png,revere_20260501.png,BUY UUUU URA BOTYOM LINE:,review,action_conflict
TURBO,2026-05-04,1,EXIT,ETHA,revere_20260504.png,revere_20260501.png,BUY UUUU URA BOTYOM LINE:,review,action_conflict
TURBO,2026-05-04,1,EXIT,JIII,revere_20260504.png,revere_20260501.png,BUY UUUU URA BOTYOM LINE:,review,action_conflict
TURBO,2026-05-04,1,EXIT,LABU,revere_20260504.png,revere_20260501.png,BUY UUUU URA BOTYOM LINE:,review,action_conflict
TURBO,2026-05-04,1,EXIT,PATH,revere_20260504.png,revere_20260501.png,BUY UUUU URA BOTYOM LINE:,review,action_conflict
TURBO,2026-05-04,1,EXIT,SNOW,revere_20260504.png,revere_20260501.png,BUY UUUU URA BOTYOM LINE:,review,action_conflict
GRO,2026-05-05,1,ENTER,CCI,revere_20260505.png,revere_20260504.png,ADD TO CCJO-TRIM MU + DRAM,review,action_conflict
GRO,2026-05-05,1,ENTER,CIEN,revere_20260505.png,revere_20260504.png,ADD TO CCJO-TRIM MU + DRAM,review,action_conflict
GRO,2026-05-05,1,ENTER,EWZ,revere_20260505.png,revere_20260504.png,ADD TO CCJO-TRIM MU + DRAM,review,action_conflict
GRO,2026-05-05,1,ENTER,MU,revere_20260505.png,revere_20260504.png,ADD TO CCJO-TRIM MU + DRAM,review,action_conflict
GRO,2026-05-05,1,ENTER,NVDA,revere_20260505.png,revere_20260504.png,ADD TO CCJO-TRIM MU + DRAM,review,action_conflict
GRO,2026-05-05,1,ENTER,ORAM,revere_20260505.png,revere_20260504.png,ADD TO CCJO-TRIM MU + DRAM,review,action_conflict
GRO,2026-05-05,1,ENTER,UPRO,revere_20260505.png,revere_20260504.png,ADD TO CCJO-TRIM MU + DRAM,review,action_conflict
GRO,2026-05-05,1,EXIT,CCL,revere_20260505.png,revere_20260504.png,ADD TO CCJO-TRIM MU + DRAM,review,action_conflict
GRO,2026-05-05,1,EXIT,DRAM,revere_20260505.png,revere_20260504.png,ADD TO CCJO-TRIM MU + DRAM,review,action_conflict
GRO,2026-05-05,1,EXIT,ENE,revere_20260505.png,revere_20260504.png,ADD TO CCJO-TRIM MU + DRAM,review,action_conflict
GRO,2026-05-05,1,EXIT,NVOA,revere_20260505.png,revere_20260504.png,ADD TO CCJO-TRIM MU + DRAM,review,action_conflict
GRO,2026-05-05,1,EXIT,TER,revere_20260505.png,revere_20260504.png,ADD TO CCJO-TRIM MU + DRAM,review,action_conflict
GRO,2026-05-05,1,EXIT,USRP,revere_20260505.png,revere_20260504.png,ADD TO CCJO-TRIM MU + DRAM,review,action_conflict
GRO,2026-05-05,1,EXIT,UWZMU,revere_20260505.png,revere_20260504.png,ADD TO CCJO-TRIM MU + DRAM,review,action_conflict
TURBO,2026-05-05,1,ENTER,AEHR,revere_20260505.png,revere_20260504.png,BUY CRCL + CIFR SELL UUUU O-TRIM MU,review,action_conflict
TURBO,2026-05-05,1,ENTER,E,revere_20260505.png,revere_20260504.png,BUY CRCL + CIFR SELL UUUU O-TRIM MU,review,action_conflict
TURBO,2026-05-05,1,ENTER,ETHA,revere_20260505.png,revere_20260504.png,BUY CRCL + CIFR SELL UUUU O-TRIM MU,review,action_conflict
TURBO,2026-05-05,1,ENTER,GLW.BE,revere_20260505.png,revere_20260504.png,BUY CRCL + CIFR SELL UUUU O-TRIM MU,review,action_conflict
TURBO,2026-05-05,1,ENTER,RKT,revere_20260505.png,revere_20260504.png,BUY CRCL + CIFR SELL UUUU O-TRIM MU,review,action_conflict
TURBO,2026-05-05,1,ENTER,SYM,revere_20260505.png,revere_20260504.png,BUY CRCL + CIFR SELL UUUU O-TRIM MU,review,action_conflict
TURBO,2026-05-05,1,ENTER,URA,revere_20260505.png,revere_20260504.png,BUY CRCL + CIFR SELL UUUU O-TRIM MU,review,action_conflict
TURBO,2026-05-05,1,EXIT,AKLE,revere_20260505.png,revere_20260504.png,BUY CRCL + CIFR SELL UUUU O-TRIM MU,review,action_conflict
TURBO,2026-05-05,1,EXIT,BF,revere_20260505.png,revere_20260504.png,BUY CRCL + CIFR SELL UUUU O-TRIM MU,review,action_conflict
TURBO,2026-05-05,1,EXIT,FA,revere_20260505.png,revere_20260504.png,BUY CRCL + CIFR SELL UUUU O-TRIM MU,review,action_conflict
TURBO,2026-05-05,1,EXIT,GLW,revere_20260505.png,revere_20260504.png,BUY CRCL + CIFR SELL UUUU O-TRIM MU,review,action_conflict
TURBO,2026-05-05,1,EXIT,TNA,revere_20260505.png,revere_20260504.png,BUY CRCL + CIFR SELL UUUU O-TRIM MU,review,action_conflict
GRO,2026-05-06,1,ENTER,CCJO,revere_20260506.png,revere_20260505.png,ADD TO GLW BUY AEHR,review,action_conflict
GRO,2026-05-06,1,ENTER,DRAM,revere_20260506.png,revere_20260505.png,ADD TO GLW BUY AEHR,review,action_conflict
GRO,2026-05-06,1,ENTER,TSLA,revere_20260506.png,revere_20260505.png,ADD TO GLW BUY AEHR,review,action_conflict
GRO,2026-05-06,1,EXIT,CCI,revere_20260506.png,revere_20260505.png,ADD TO GLW BUY AEHR,review,action_conflict
GRO,2026-05-06,1,EXIT,ORAM,revere_20260506.png,revere_20260505.png,ADD TO GLW BUY AEHR,review,action_conflict
GRO,2026-05-06,1,EXIT,THA,revere_20260506.png,revere_20260505.png,ADD TO GLW BUY AEHR,review,action_conflict
TURBO,2026-05-06,1,ENTER,AKAN,revere_20260506.png,revere_20260505.png,BUY SOXS MP ADD TO CRCL,review,action_conflict
TURBO,2026-05-06,1,ENTER,AMD,revere_20260506.png,revere_20260505.png,BUY SOXS MP ADD TO CRCL,review,action_conflict
TURBO,2026-05-06,1,ENTER,BE,revere_20260506.png,revere_20260505.png,BUY SOXS MP ADD TO CRCL,review,action_conflict
TURBO,2026-05-06,1,ENTER,CW,revere_20260506.png,revere_20260505.png,BUY SOXS MP ADD TO CRCL,review,action_conflict
TURBO,2026-05-06,1,ENTER,MRNA,revere_20260506.png,revere_20260505.png,BUY SOXS MP ADD TO CRCL,review,action_conflict
TURBO,2026-05-06,1,ENTER,NBIS,revere_20260506.png,revere_20260505.png,BUY SOXS MP ADD TO CRCL,review,action_conflict
TURBO,2026-05-06,1,ENTER,SEVIA,revere_20260506.png,revere_20260505.png,BUY SOXS MP ADD TO CRCL,review,action_conflict
TURBO,2026-05-06,1,ENTER,WOM,revere_20260506.png,revere_20260505.png,BUY SOXS MP ADD TO CRCL,review,action_conflict
TURBO,2026-05-06,1,ENTER,XME,revere_20260506.png,revere_20260505.png,BUY SOXS MP ADD TO CRCL,review,action_conflict
TURBO,2026-05-06,1,EXIT,AEHR,revere_20260506.png,revere_20260505.png,BUY SOXS MP ADD TO CRCL,review,action_conflict
TURBO,2026-05-06,1,EXIT,ARM,revere_20260506.png,revere_20260505.png,BUY SOXS MP ADD TO CRCL,review,action_conflict
TURBO,2026-05-06,1,EXIT,CFR,revere_20260506.png,revere_20260505.png,BUY SOXS MP ADD TO CRCL,review,action_conflict
TURBO,2026-05-06,1,EXIT,DELL,revere_20260506.png,revere_20260505.png,BUY SOXS MP ADD TO CRCL,review,action_conflict
TURBO,2026-05-06,1,EXIT,E,revere_20260506.png,revere_20260505.png,BUY SOXS MP ADD TO CRCL,review,action_conflict
TURBO,2026-05-06,1,EXIT,ETHA,revere_20260506.png,revere_20260505.png,BUY SOXS MP ADD TO CRCL,review,action_conflict
TURBO,2026-05-06,1,EXIT,GLW.BE,revere_20260506.png,revere_20260505.png,BUY SOXS MP ADD TO CRCL,review,action_conflict
TURBO,2026-05-06,1,EXIT,REMX,revere_20260506.png,revere_20260505.png,BUY SOXS MP ADD TO CRCL,review,action_conflict
TURBO,2026-05-06,1,EXIT,RKT,revere_20260506.png,revere_20260505.png,BUY SOXS MP ADD TO CRCL,review,action_conflict
TURBO,2026-05-06,1,EXIT,SYM,revere_20260506.png,revere_20260505.png,BUY SOXS MP ADD TO CRCL,review,action_conflict
TURBO,2026-05-07,1,ENTER,ACM,revere_20260507.png,revere_20260506.png,SELL AMPX RKLB CRCL MP O-TRIM ARM,review,action_conflict
TURBO,2026-05-07,1,ENTER,CIFR,revere_20260507.png,revere_20260506.png,SELL AMPX RKLB CRCL MP O-TRIM ARM,review,action_conflict
TURBO,2026-05-07,1,ENTER,EU,revere_20260507.png,revere_20260506.png,SELL AMPX RKLB CRCL MP O-TRIM ARM,review,action_conflict
TURBO,2026-05-07,1,ENTER,J,revere_20260507.png,revere_20260506.png,SELL AMPX RKLB CRCL MP O-TRIM ARM,review,action_conflict
TURBO,2026-05-07,1,ENTER,REMX,revere_20260507.png,revere_20260506.png,SELL AMPX RKLB CRCL MP O-TRIM ARM,review,action_conflict
TURBO,2026-05-07,1,ENTER,TUNA,revere_20260507.png,revere_20260506.png,SELL AMPX RKLB CRCL MP O-TRIM ARM,review,action_conflict
TURBO,2026-05-07,1,ENTER,WA,revere_20260507.png,revere_20260506.png,SELL AMPX RKLB CRCL MP O-TRIM ARM,review,action_conflict
TURBO,2026-05-07,1,EXIT,AKAN,revere_20260507.png,revere_20260506.png,SELL AMPX RKLB CRCL MP O-TRIM ARM,review,action_conflict
TURBO,2026-05-07,1,EXIT,MRNA,revere_20260507.png,revere_20260506.png,SELL AMPX RKLB CRCL MP O-TRIM ARM,review,action_conflict
TURBO,2026-05-07,1,EXIT,NBIS,revere_20260507.png,revere_20260506.png,SELL AMPX RKLB CRCL MP O-TRIM ARM,review,action_conflict
TURBO,2026-05-07,1,EXIT,SOXS,revere_20260507.png,revere_20260506.png,SELL AMPX RKLB CRCL MP O-TRIM ARM,review,action_conflict
TURBO,2026-05-07,1,EXIT,URA,revere_20260507.png,revere_20260506.png,SELL AMPX RKLB CRCL MP O-TRIM ARM,review,action_conflict
TURBO,2026-05-07,1,EXIT,WOM,revere_20260507.png,revere_20260506.png,SELL AMPX RKLB CRCL MP O-TRIM ARM,review,action_conflict
TURBO,2026-05-07,1,EXIT,XME,revere_20260507.png,revere_20260506.png,SELL AMPX RKLB CRCL MP O-TRIM ARM,review,action_conflict
TURBO,2026-05-08,1,ENTER,AKAN,revere_20260508.png,revere_20260507.png,ADD TO AEHR BUY AKAM O-TRIM DELL,review,action_conflict
TURBO,2026-05-08,1,ENTER,CLS,revere_20260508.png,revere_20260507.png,ADD TO AEHR BUY AKAM O-TRIM DELL,review,action_conflict
TURBO,2026-05-08,1,ENTER,CRO,revere_20260508.png,revere_20260507.png,ADD TO AEHR BUY AKAM O-TRIM DELL,review,action_conflict
TURBO,2026-05-08,1,ENTER,EEE,revere_20260508.png,revere_20260507.png,ADD TO AEHR BUY AKAM O-TRIM DELL,review,action_conflict
TURBO,2026-05-08,1,ENTER,SPVM,revere_20260508.png,revere_20260507.png,ADD TO AEHR BUY AKAM O-TRIM DELL,review,action_conflict
TURBO,2026-05-08,1,ENTER,STM,revere_20260508.png,revere_20260507.png,ADD TO AEHR BUY AKAM O-TRIM DELL,review,action_conflict
TURBO,2026-05-08,1,ENTER,TNA,revere_20260508.png,revere_20260507.png,ADD TO AEHR BUY AKAM O-TRIM DELL,review,action_conflict
TURBO,2026-05-08,1,ENTER,URAMU,revere_20260508.png,revere_20260507.png,ADD TO AEHR BUY AKAM O-TRIM DELL,review,action_conflict
TURBO,2026-05-08,1,EXIT,AMD,revere_20260508.png,revere_20260507.png,ADD TO AEHR BUY AKAM O-TRIM DELL,review,action_conflict
TURBO,2026-05-08,1,EXIT,BE,revere_20260508.png,revere_20260507.png,ADD TO AEHR BUY AKAM O-TRIM DELL,review,action_conflict
TURBO,2026-05-08,1,EXIT,CIFR,revere_20260508.png,revere_20260507.png,ADD TO AEHR BUY AKAM O-TRIM DELL,review,action_conflict
TURBO,2026-05-08,1,EXIT,MU,revere_20260508.png,revere_20260507.png,ADD TO AEHR BUY AKAM O-TRIM DELL,review,action_conflict
TURBO,2026-05-08,1,EXIT,REMX,revere_20260508.png,revere_20260507.png,ADD TO AEHR BUY AKAM O-TRIM DELL,review,action_conflict
TURBO,2026-05-08,1,EXIT,SEVIA,revere_20260508.png,revere_20260507.png,ADD TO AEHR BUY AKAM O-TRIM DELL,review,action_conflict
TURBO,2026-05-08,1,EXIT,TUNA,revere_20260508.png,revere_20260507.png,ADD TO AEHR BUY AKAM O-TRIM DELL,review,action_conflict
TURBO,2026-05-08,1,EXIT,WA,revere_20260508.png,revere_20260507.png,ADD TO AEHR BUY AKAM O-TRIM DELL,review,action_conflict
GRO,2026-05-11,1,ENTER,CCJ,revere_20260511.png,revere_20260508.png,SELL MU,review,action_conflict
GRO,2026-05-11,1,ENTER,CROD,revere_20260511.png,revere_20260508.png,SELL MU,review,action_conflict
GRO,2026-05-11,1,ENTER,GLW,revere_20260511.png,revere_20260508.png,SELL MU,review,action_conflict
GRO,2026-05-11,1,ENTER,SPYM,revere_20260511.png,revere_20260508.png,SELL MU,review,action_conflict
GRO,2026-05-11,1,ENTER,TNA,revere_20260511.png,revere_20260508.png,SELL MU,review,action_conflict
GRO,2026-05-11,1,ENTER,WGN,revere_20260511.png,revere_20260508.png,SELL MU,review,action_conflict
GRO,2026-05-11,1,EXIT,CCL,revere_20260511.png,revere_20260508.png,SELL MU,review,action_conflict
GRO,2026-05-11,1,EXIT,CRDO,revere_20260511.png,revere_20260508.png,SELL MU,review,action_conflict
GRO,2026-05-11,1,EXIT,NAIL,revere_20260511.png,revere_20260508.png,SELL MU,review,action_conflict
GRO,2026-05-11,1,EXIT,SPVIA,revere_20260511.png,revere_20260508.png,SELL MU,review,action_conflict
GRO,2026-05-11,1,EXIT,WIO,revere_20260511.png,revere_20260508.png,SELL MU,review,action_conflict
TURBO,2026-05-11,1,ENTER,AVS,revere_20260511.png,revere_20260508.png,SELL SOXS BUY LABU CRCL SCCO ADD TO CIFR,review,action_conflict
TURBO,2026-05-11,1,ENTER,CAVA,revere_20260511.png,revere_20260508.png,SELL SOXS BUY LABU CRCL SCCO ADD TO CIFR,review,action_conflict
TURBO,2026-05-11,1,ENTER,GUW,revere_20260511.png,revere_20260508.png,SELL SOXS BUY LABU CRCL SCCO ADD TO CIFR,review,action_conflict
TURBO,2026-05-11,1,ENTER,MU,revere_20260511.png,revere_20260508.png,SELL SOXS BUY LABU CRCL SCCO ADD TO CIFR,review,action_conflict
TURBO,2026-05-11,1,ENTER,NVT,revere_20260511.png,revere_20260508.png,SELL SOXS BUY LABU CRCL SCCO ADD TO CIFR,review,action_conflict
TURBO,2026-05-11,1,ENTER,REMX,revere_20260511.png,revere_20260508.png,SELL SOXS BUY LABU CRCL SCCO ADD TO CIFR,review,action_conflict
TURBO,2026-05-11,1,ENTER,SE,revere_20260511.png,revere_20260508.png,SELL SOXS BUY LABU CRCL SCCO ADD TO CIFR,review,action_conflict
TURBO,2026-05-11,1,ENTER,SEOG,revere_20260511.png,revere_20260508.png,SELL SOXS BUY LABU CRCL SCCO ADD TO CIFR,review,action_conflict
TURBO,2026-05-11,1,ENTER,SURO,revere_20260511.png,revere_20260508.png,SELL SOXS BUY LABU CRCL SCCO ADD TO CIFR,review,action_conflict
TURBO,2026-05-11,1,ENTER,URA,revere_20260511.png,revere_20260508.png,SELL SOXS BUY LABU CRCL SCCO ADD TO CIFR,review,action_conflict
TURBO,2026-05-11,1,ENTER,VEUT,revere_20260511.png,revere_20260508.png,SELL SOXS BUY LABU CRCL SCCO ADD TO CIFR,review,action_conflict
TURBO,2026-05-11,1,ENTER,WA,revere_20260511.png,revere_20260508.png,SELL SOXS BUY LABU CRCL SCCO ADD TO CIFR,review,action_conflict
TURBO,2026-05-11,1,EXIT,ACM,revere_20260511.png,revere_20260508.png,SELL SOXS BUY LABU CRCL SCCO ADD TO CIFR,review,action_conflict
TURBO,2026-05-11,1,EXIT,AKAN,revere_20260511.png,revere_20260508.png,SELL SOXS BUY LABU CRCL SCCO ADD TO CIFR,review,action_conflict
TURBO,2026-05-11,1,EXIT,CLS,revere_20260511.png,revere_20260508.png,SELL SOXS BUY LABU CRCL SCCO ADD TO CIFR,review,action_conflict
TURBO,2026-05-11,1,EXIT,CRO,revere_20260511.png,revere_20260508.png,SELL SOXS BUY LABU CRCL SCCO ADD TO CIFR,review,action_conflict
TURBO,2026-05-11,1,EXIT,CW,revere_20260511.png,revere_20260508.png,SELL SOXS BUY LABU CRCL SCCO ADD TO CIFR,review,action_conflict
TURBO,2026-05-11,1,EXIT,EEE,revere_20260511.png,revere_20260508.png,SELL SOXS BUY LABU CRCL SCCO ADD TO CIFR,review,action_conflict
TURBO,2026-05-11,1,EXIT,EU,revere_20260511.png,revere_20260508.png,SELL SOXS BUY LABU CRCL SCCO ADD TO CIFR,review,action_conflict
TURBO,2026-05-11,1,EXIT,STM,revere_20260511.png,revere_20260508.png,SELL SOXS BUY LABU CRCL SCCO ADD TO CIFR,review,action_conflict
TURBO,2026-05-11,1,EXIT,TNA,revere_20260511.png,revere_20260508.png,SELL SOXS BUY LABU CRCL SCCO ADD TO CIFR,review,action_conflict
TURBO,2026-05-11,1,EXIT,UPRO,revere_20260511.png,revere_20260508.png,SELL SOXS BUY LABU CRCL SCCO ADD TO CIFR,review,action_conflict
TURBO,2026-05-11,1,EXIT,URAMU,revere_20260511.png,revere_20260508.png,SELL SOXS BUY LABU CRCL SCCO ADD TO CIFR,review,action_conflict
TURBO,2026-05-12,1,ENTER,AEHR,revere_20260512.png,revere_20260511.png,ADD TO SCCO TRIM CIFR SELL URA,review,action_conflict
TURBO,2026-05-12,1,ENTER,AKAM,revere_20260512.png,revere_20260511.png,ADD TO SCCO TRIM CIFR SELL URA,review,action_conflict
TURBO,2026-05-12,1,ENTER,ARM,revere_20260512.png,revere_20260511.png,ADD TO SCCO TRIM CIFR SELL URA,review,action_conflict
TURBO,2026-05-12,1,ENTER,BE,revere_20260512.png,revere_20260511.png,ADD TO SCCO TRIM CIFR SELL URA,review,action_conflict
TURBO,2026-05-12,1,ENTER,CF,revere_20260512.png,revere_20260511.png,ADD TO SCCO TRIM CIFR SELL URA,review,action_conflict
TURBO,2026-05-12,1,ENTER,CRCL,revere_20260512.png,revere_20260511.png,ADD TO SCCO TRIM CIFR SELL URA,review,action_conflict
TURBO,2026-05-12,1,ENTER,DELL,revere_20260512.png,revere_20260511.png,ADD TO SCCO TRIM CIFR SELL URA,review,action_conflict
TURBO,2026-05-12,1,ENTER,EU,revere_20260512.png,revere_20260511.png,ADD TO SCCO TRIM CIFR SELL URA,review,action_conflict
TURBO,2026-05-12,1,ENTER,GLW,revere_20260512.png,revere_20260511.png,ADD TO SCCO TRIM CIFR SELL URA,review,action_conflict
TURBO,2026-05-12,1,ENTER,LABU,revere_20260512.png,revere_20260511.png,ADD TO SCCO TRIM CIFR SELL URA,review,action_conflict
TURBO,2026-05-12,1,ENTER,THA,revere_20260512.png,revere_20260511.png,ADD TO SCCO TRIM CIFR SELL URA,review,action_conflict
TURBO,2026-05-12,1,ENTER,UPRO,revere_20260512.png,revere_20260511.png,ADD TO SCCO TRIM CIFR SELL URA,review,action_conflict
TURBO,2026-05-12,1,EXIT,AVS,revere_20260512.png,revere_20260511.png,ADD TO SCCO TRIM CIFR SELL URA,review,action_conflict
TURBO,2026-05-12,1,EXIT,CAVA,revere_20260512.png,revere_20260511.png,ADD TO SCCO TRIM CIFR SELL URA,review,action_conflict
TURBO,2026-05-12,1,EXIT,GUW,revere_20260512.png,revere_20260511.png,ADD TO SCCO TRIM CIFR SELL URA,review,action_conflict
TURBO,2026-05-12,1,EXIT,J,revere_20260512.png,revere_20260511.png,ADD TO SCCO TRIM CIFR SELL URA,review,action_conflict
TURBO,2026-05-12,1,EXIT,NVT,revere_20260512.png,revere_20260511.png,ADD TO SCCO TRIM CIFR SELL URA,review,action_conflict
TURBO,2026-05-12,1,EXIT,REMX,revere_20260512.png,revere_20260511.png,ADD TO SCCO TRIM CIFR SELL URA,review,action_conflict
TURBO,2026-05-12,1,EXIT,SE,revere_20260512.png,revere_20260511.png,ADD TO SCCO TRIM CIFR SELL URA,review,action_conflict
TURBO,2026-05-12,1,EXIT,SEOG,revere_20260512.png,revere_20260511.png,ADD TO SCCO TRIM CIFR SELL URA,review,action_conflict
TURBO,2026-05-12,1,EXIT,SPVM,revere_20260512.png,revere_20260511.png,ADD TO SCCO TRIM CIFR SELL URA,review,action_conflict
TURBO,2026-05-12,1,EXIT,SURO,revere_20260512.png,revere_20260511.png,ADD TO SCCO TRIM CIFR SELL URA,review,action_conflict
TURBO,2026-05-12,1,EXIT,VEUT,revere_20260512.png,revere_20260511.png,ADD TO SCCO TRIM CIFR SELL URA,review,action_conflict
TURBO,2026-05-12,1,EXIT,WA,revere_20260512.png,revere_20260511.png,ADD TO SCCO TRIM CIFR SELL URA,review,action_conflict
GRO,2026-05-13,1,ENTER,AEHR,revere_20260513.png,revere_20260512.png,SELL CCJ TRIM TNA ADD TO TWLO + CRDO BUY MRVL,review,action_conflict
GRO,2026-05-13,1,ENTER,CROD,revere_20260513.png,revere_20260512.png,SELL CCJ TRIM TNA ADD TO TWLO + CRDO BUY MRVL,review,action_conflict
GRO,2026-05-13,1,ENTER,GLW,revere_20260513.png,revere_20260512.png,SELL CCJ TRIM TNA ADD TO TWLO + CRDO BUY MRVL,review,action_conflict
GRO,2026-05-13,1,ENTER,NVDA,revere_20260513.png,revere_20260512.png,SELL CCJ TRIM TNA ADD TO TWLO + CRDO BUY MRVL,review,action_conflict
GRO,2026-05-13,1,ENTER,SPYM,revere_20260513.png,revere_20260512.png,SELL CCJ TRIM TNA ADD TO TWLO + CRDO BUY MRVL,review,action_conflict
GRO,2026-05-13,1,ENTER,WGMI,revere_20260513.png,revere_20260512.png,SELL CCJ TRIM TNA ADD TO TWLO + CRDO BUY MRVL,review,action_conflict
GRO,2026-05-13,1,EXIT,ADO,revere_20260513.png,revere_20260512.png,SELL CCJ TRIM TNA ADD TO TWLO + CRDO BUY MRVL,review,action_conflict
GRO,2026-05-13,1,EXIT,AVAB,revere_20260513.png,revere_20260512.png,SELL CCJ TRIM TNA ADD TO TWLO + CRDO BUY MRVL,review,action_conflict
GRO,2026-05-13,1,EXIT,AVDA,revere_20260513.png,revere_20260512.png,SELL CCJ TRIM TNA ADD TO TWLO + CRDO BUY MRVL,review,action_conflict
GRO,2026-05-13,1,EXIT,CCL,revere_20260513.png,revere_20260512.png,SELL CCJ TRIM TNA ADD TO TWLO + CRDO BUY MRVL,review,action_conflict
GRO,2026-05-13,1,EXIT,CLS,revere_20260513.png,revere_20260512.png,SELL CCJ TRIM TNA ADD TO TWLO + CRDO BUY MRVL,review,action_conflict
GRO,2026-05-13,1,EXIT,ETHA,revere_20260513.png,revere_20260512.png,SELL CCJ TRIM TNA ADD TO TWLO + CRDO BUY MRVL,review,action_conflict
GRO,2026-05-13,1,EXIT,GLI,revere_20260513.png,revere_20260512.png,SELL CCJ TRIM TNA ADD TO TWLO + CRDO BUY MRVL,review,action_conflict
GRO,2026-05-13,1,EXIT,MU,revere_20260513.png,revere_20260512.png,SELL CCJ TRIM TNA ADD TO TWLO + CRDO BUY MRVL,review,action_conflict
GRO,2026-05-13,1,EXIT,SIMO,revere_20260513.png,revere_20260512.png,SELL CCJ TRIM TNA ADD TO TWLO + CRDO BUY MRVL,review,action_conflict
GRO,2026-05-13,1,EXIT,TOL,revere_20260513.png,revere_20260512.png,SELL CCJ TRIM TNA ADD TO TWLO + CRDO BUY MRVL,review,action_conflict
GRO,2026-05-13,1,EXIT,WGN,revere_20260513.png,revere_20260512.png,SELL CCJ TRIM TNA ADD TO TWLO + CRDO BUY MRVL,review,action_conflict
TURBO,2026-05-13,1,ENTER,AVS,revere_20260513.png,revere_20260512.png,BUY AAO! + NXT,review,action_conflict
TURBO,2026-05-13,1,ENTER,CIFR,revere_20260513.png,revere_20260512.png,BUY AAO! + NXT,review,action_conflict
TURBO,2026-05-13,1,ENTER,CREL,revere_20260513.png,revere_20260512.png,BUY AAO! + NXT,review,action_conflict
TURBO,2026-05-13,1,ENTER,REMX,revere_20260513.png,revere_20260512.png,BUY AAO! + NXT,review,action_conflict
TURBO,2026-05-13,1,ENTER,SPYM,revere_20260513.png,revere_20260512.png,BUY AAO! + NXT,review,action_conflict
TURBO,2026-05-13,1,ENTER,TNA,revere_20260513.png,revere_20260512.png,BUY AAO! + NXT,review,action_conflict
TURBO,2026-05-13,1,EXIT,CF,revere_20260513.png,revere_20260512.png,BUY AAO! + NXT,review,action_conflict
TURBO,2026-05-13,1,EXIT,CRCL,revere_20260513.png,revere_20260512.png,BUY AAO! + NXT,review,action_conflict
TURBO,2026-05-13,1,EXIT,EU,revere_20260513.png,revere_20260512.png,BUY AAO! + NXT,review,action_conflict
TURBO,2026-05-13,1,EXIT,THA,revere_20260513.png,revere_20260512.png,BUY AAO! + NXT,review,action_conflict
GRO,2026-05-14,1,ENTER,CRDO,revere_20260514.png,revere_20260513.png,BUY DOCN DDOG,review,action_conflict
GRO,2026-05-14,1,ENTER,OOOG,revere_20260514.png,revere_20260513.png,BUY DOCN DDOG,review,action_conflict
GRO,2026-05-14,1,EXIT,CROD,revere_20260514.png,revere_20260513.png,BUY DOCN DDOG,review,action_conflict
TURBO,2026-05-14,1,ENTER,AAD,revere_20260514.png,revere_20260513.png,SELL NXT REMX,review,action_conflict
TURBO,2026-05-14,1,ENTER,CRCL,revere_20260514.png,revere_20260513.png,SELL NXT REMX,review,action_conflict
TURBO,2026-05-14,1,EXIT,AVS,revere_20260514.png,revere_20260513.png,SELL NXT REMX,review,action_conflict
TURBO,2026-05-14,1,EXIT,CREL,revere_20260514.png,revere_20260513.png,SELL NXT REMX,review,action_conflict
GRO,2026-05-15,1,ENTER,DOCH,revere_20260515.png,revere_20260514.png,SELL TNA CROQ,review,action_conflict
GRO,2026-05-15,1,ENTER,ODOG,revere_20260515.png,revere_20260514.png,SELL TNA CROQ,review,action_conflict
GRO,2026-05-15,1,ENTER,WGM,revere_20260515.png,revere_20260514.png,SELL TNA CROQ,review,action_conflict
GRO,2026-05-15,1,EXIT,CRDO,revere_20260515.png,revere_20260514.png,SELL TNA CROQ,review,action_conflict
GRO,2026-05-15,1,EXIT,DOCN,revere_20260515.png,revere_20260514.png,SELL TNA CROQ,review,action_conflict
GRO,2026-05-15,1,EXIT,OOOG,revere_20260515.png,revere_20260514.png,SELL TNA CROQ,review,action_conflict
GRO,2026-05-15,1,EXIT,WGMI,revere_20260515.png,revere_20260514.png,SELL TNA CROQ,review,action_conflict
TURBO,2026-05-15,1,ENTER,AER,revere_20260515.png,revere_20260514.png,SELL LABU SCCO,review,action_conflict
TURBO,2026-05-15,1,ENTER,LLY,revere_20260515.png,revere_20260514.png,SELL LABU SCCO,review,action_conflict
TURBO,2026-05-15,1,ENTER,SE,revere_20260515.png,revere_20260514.png,SELL LABU SCCO,review,action_conflict
TURBO,2026-05-15,1,EXIT,AAD,revere_20260515.png,revere_20260514.png,SELL LABU SCCO,review,action_conflict
TURBO,2026-05-15,1,EXIT,AEHR,revere_20260515.png,revere_20260514.png,SELL LABU SCCO,review,action_conflict
TURBO,2026-05-15,1,EXIT,BE,revere_20260515.png,revere_20260514.png,SELL LABU SCCO,review,action_conflict
TURBO,2026-05-15,1,EXIT,GLW,revere_20260515.png,revere_20260514.png,SELL LABU SCCO,review,action_conflict
GRO,2026-05-18,1,ENTER,NVOA,revere_20260518.png,revere_20260515.png,SELL WGMI DRAM CIEN AEHR,review,action_conflict
GRO,2026-05-18,1,ENTER,SMC,revere_20260518.png,revere_20260515.png,SELL WGMI DRAM CIEN AEHR,review,action_conflict
GRO,2026-05-18,1,EXIT,NVDA,revere_20260518.png,revere_20260515.png,SELL WGMI DRAM CIEN AEHR,review,action_conflict
GRO,2026-05-18,1,EXIT,ODOG,revere_20260518.png,revere_20260515.png,SELL WGMI DRAM CIEN AEHR,review,action_conflict
GRO,2026-05-18,1,EXIT,SBUX,revere_20260518.png,revere_20260515.png,SELL WGMI DRAM CIEN AEHR,review,action_conflict
GRO,2026-05-18,1,EXIT,SPYM,revere_20260518.png,revere_20260515.png,SELL WGMI DRAM CIEN AEHR,review,action_conflict
GRO,2026-05-18,1,EXIT,UPRO,revere_20260518.png,revere_20260515.png,SELL WGMI DRAM CIEN AEHR,review,action_conflict
GRO,2026-05-18,1,EXIT,WGM,revere_20260518.png,revere_20260515.png,SELL WGMI DRAM CIEN AEHR,review,action_conflict
TURBO,2026-05-18,1,ENTER,GLI,revere_20260518.png,revere_20260515.png,SELL AAO! AEHR CRCL CIFR,review,action_conflict
TURBO,2026-05-18,1,ENTER,SPROD,revere_20260518.png,revere_20260515.png,SELL AAO! AEHR CRCL CIFR,review,action_conflict
TURBO,2026-05-18,1,ENTER,UFO,revere_20260518.png,revere_20260515.png,SELL AAO! AEHR CRCL CIFR,review,action_conflict
TURBO,2026-05-18,1,EXIT,AER,revere_20260518.png,revere_20260515.png,SELL AAO! AEHR CRCL CIFR,review,action_conflict
TURBO,2026-05-18,1,EXIT,LLY,revere_20260518.png,revere_20260515.png,SELL AAO! AEHR CRCL CIFR,review,action_conflict
TURBO,2026-05-18,1,EXIT,SE,revere_20260518.png,revere_20260515.png,SELL AAO! AEHR CRCL CIFR,review,action_conflict
TURBO,2026-05-18,1,EXIT,SPYM,revere_20260518.png,revere_20260515.png,SELL AAO! AEHR CRCL CIFR,review,action_conflict
TURBO,2026-05-18,1,EXIT,UPRO,revere_20260518.png,revere_20260515.png,SELL AAO! AEHR CRCL CIFR,review,action_conflict
TURBO,2026-05-19,1,ENTER,BE,revere_20260519.png,revere_20260518.png,BUY SEDG SELL TNA AKAM,review,action_conflict
TURBO,2026-05-19,1,ENTER,GLW,revere_20260519.png,revere_20260518.png,BUY SEDG SELL TNA AKAM,review,action_conflict
TURBO,2026-05-19,1,ENTER,STM,revere_20260519.png,revere_20260518.png,BUY SEDG SELL TNA AKAM,review,action_conflict
TURBO,2026-05-19,1,ENTER,UPRO,revere_20260519.png,revere_20260518.png,BUY SEDG SELL TNA AKAM,review,action_conflict
TURBO,2026-05-19,1,EXIT,GLI,revere_20260519.png,revere_20260518.png,BUY SEDG SELL TNA AKAM,review,action_conflict
TURBO,2026-05-19,1,EXIT,SPROD,revere_20260519.png,revere_20260518.png,BUY SEDG SELL TNA AKAM,review,action_conflict
TURBO,2026-05-19,1,EXIT,UFO,revere_20260519.png,revere_20260518.png,BUY SEDG SELL TNA AKAM,review,action_conflict
GRO,2026-05-20,1,ENTER,DDOG,revere_20260520.png,revere_20260518.png,NO CHANGES,review,no_changes_conflict
GRO,2026-05-20,1,ENTER,DOCN,revere_20260520.png,revere_20260518.png,NO CHANGES,review,no_changes_conflict
GRO,2026-05-20,1,ENTER,NVDA,revere_20260520.png,revere_20260518.png,NO CHANGES,review,no_changes_conflict
GRO,2026-05-20,1,ENTER,SBUX,revere_20260520.png,revere_20260518.png,NO CHANGES,review,no_changes_conflict
GRO,2026-05-20,1,ENTER,SPYM,revere_20260520.png,revere_20260518.png,NO CHANGES,review,no_changes_conflict
GRO,2026-05-20,1,ENTER,UPRO,revere_20260520.png,revere_20260518.png,NO CHANGES,review,no_changes_conflict
GRO,2026-05-20,1,EXIT,CAT,revere_20260520.png,revere_20260518.png,NO CHANGES,review,no_changes_conflict
GRO,2026-05-20,1,EXIT,DOCH,revere_20260520.png,revere_20260518.png,NO CHANGES,review,no_changes_conflict
GRO,2026-05-20,1,EXIT,GLW,revere_20260520.png,revere_20260518.png,NO CHANGES,review,no_changes_conflict
GRO,2026-05-20,1,EXIT,NVOA,revere_20260520.png,revere_20260518.png,NO CHANGES,review,no_changes_conflict
GRO,2026-05-20,1,EXIT,SMC,revere_20260520.png,revere_20260518.png,NO CHANGES,review,no_changes_conflict
GRO,2026-05-20,1,EXIT,TSLA,revere_20260520.png,revere_20260518.png,NO CHANGES,review,no_changes_conflict
TURBO,2026-05-20,1,ENTER,SPYM,revere_20260520.png,revere_20260519.png,BUY SPXL + NBIS ADD TO SEDG,review,action_conflict
TURBO,2026-05-20,1,EXIT,STM,revere_20260520.png,revere_20260519.png,BUY SPXL + NBIS ADD TO SEDG,review,action_conflict
GRO,2026-05-21,1,ENTER,DOCK,revere_20260521.png,revere_20260520.png,ADD TO UPRO TRIM TWLO,review,action_conflict
GRO,2026-05-21,1,ENTER,DOOG,revere_20260521.png,revere_20260520.png,ADD TO UPRO TRIM TWLO,review,action_conflict
GRO,2026-05-21,1,EXIT,DDOG,revere_20260521.png,revere_20260520.png,ADD TO UPRO TRIM TWLO,review,action_conflict
GRO,2026-05-21,1,EXIT,DOCN,revere_20260521.png,revere_20260520.png,ADD TO UPRO TRIM TWLO,review,action_conflict
TURBO,2026-05-21,1,ENTER,INOD,revere_20260521.png,revere_20260520.png,ADD TO SPYM BUY TSLA INGD NOK O-TRIM ARM,review,action_conflict
GRO,2026-05-22,1,ENTER,AAOI,revere_20260522.png,revere_20260521.png,BUY AAO! CSCO GNC ADD TO UPRO SELL SBUX,review,action_conflict
GRO,2026-05-22,1,ENTER,DDOG,revere_20260522.png,revere_20260521.png,BUY AAO! CSCO GNC ADD TO UPRO SELL SBUX,review,action_conflict
GRO,2026-05-22,1,ENTER,DOCN,revere_20260522.png,revere_20260521.png,BUY AAO! CSCO GNC ADD TO UPRO SELL SBUX,review,action_conflict
GRO,2026-05-22,1,ENTER,GNRC,revere_20260522.png,revere_20260521.png,BUY AAO! CSCO GNC ADD TO UPRO SELL SBUX,review,action_conflict
GRO,2026-05-22,1,EXIT,DOCK,revere_20260522.png,revere_20260521.png,BUY AAO! CSCO GNC ADD TO UPRO SELL SBUX,review,action_conflict
GRO,2026-05-22,1,EXIT,DOOG,revere_20260522.png,revere_20260521.png,BUY AAO! CSCO GNC ADD TO UPRO SELL SBUX,review,action_conflict
TURBO,2026-05-22,1,ENTER,AAD,revere_20260522.png,revere_20260521.png,BUY AAOI FLY CRCL O-TRIM DELL,review,action_conflict
GRO,2026-05-26,1,ENTER,AADL,revere_20260526.png,revere_20260522.png,BUY NBIS + GH ADD TO BE,review,action_conflict
GRO,2026-05-26,1,ENTER,OOCN,revere_20260526.png,revere_20260522.png,BUY NBIS + GH ADD TO BE,review,action_conflict
GRO,2026-05-26,1,EXIT,AAOI,revere_20260526.png,revere_20260522.png,BUY NBIS + GH ADD TO BE,review,action_conflict
GRO,2026-05-26,1,EXIT,DOCN,revere_20260526.png,revere_20260522.png,BUY NBIS + GH ADD TO BE,review,action_conflict
TURBO,2026-05-26,1,ENTER,AAPL,revere_20260526.png,revere_20260522.png,BUY INTC O-TRIM MU SELL CRCL,review,action_conflict
TURBO,2026-05-26,1,ENTER,UPRD,revere_20260526.png,revere_20260522.png,BUY INTC O-TRIM MU SELL CRCL,review,action_conflict
TURBO,2026-05-26,1,EXIT,AAD,revere_20260526.png,revere_20260522.png,BUY INTC O-TRIM MU SELL CRCL,review,action_conflict
TURBO,2026-05-26,1,EXIT,UPRO,revere_20260526.png,revere_20260522.png,BUY INTC O-TRIM MU SELL CRCL,review,action_conflict
GRO,2026-05-28,1,ENTER,DOCN,revere_20260528.png,revere_20260526.png,BUY LABU O-TRIM MRVL,review,action_conflict
GRO,2026-05-28,1,ENTER,TOG,revere_20260528.png,revere_20260526.png,BUY LABU O-TRIM MRVL,review,action_conflict
GRO,2026-05-28,1,EXIT,DDOG,revere_20260528.png,revere_20260526.png,BUY LABU O-TRIM MRVL,review,action_conflict
GRO,2026-05-28,1,EXIT,OOCN,revere_20260528.png,revere_20260526.png,BUY LABU O-TRIM MRVL,review,action_conflict
TURBO,2026-05-28,1,ENTER,GUW,revere_20260528.png,revere_20260526.png,TRIM SEDG SELL AAOI ADD TO NBIS.,review,action_conflict
TURBO,2026-05-28,1,ENTER,JINTC,revere_20260528.png,revere_20260526.png,TRIM SEDG SELL AAOI ADD TO NBIS.,review,action_conflict
TURBO,2026-05-28,1,ENTER,SEOG,revere_20260528.png,revere_20260526.png,TRIM SEDG SELL AAOI ADD TO NBIS.,review,action_conflict
TURBO,2026-05-28,1,ENTER,UPRO,revere_20260528.png,revere_20260526.png,TRIM SEDG SELL AAOI ADD TO NBIS.,review,action_conflict
TURBO,2026-05-28,1,EXIT,AAPL,revere_20260528.png,revere_20260526.png,TRIM SEDG SELL AAOI ADD TO NBIS.,review,action_conflict
TURBO,2026-05-28,1,EXIT,GLW,revere_20260528.png,revere_20260526.png,TRIM SEDG SELL AAOI ADD TO NBIS.,review,action_conflict
TURBO,2026-05-28,1,EXIT,INTC,revere_20260528.png,revere_20260526.png,TRIM SEDG SELL AAOI ADD TO NBIS.,review,action_conflict
TURBO,2026-05-28,1,EXIT,SEDG,revere_20260528.png,revere_20260526.png,TRIM SEDG SELL AAOI ADD TO NBIS.,review,action_conflict
TURBO,2026-05-28,1,EXIT,UPRD,revere_20260528.png,revere_20260526.png,TRIM SEDG SELL AAOI ADD TO NBIS.,review,action_conflict
GRO,2026-05-29,1,ENTER,DDOG,revere_20260529.png,revere_20260528.png,BUY DPST SELL NVDA,review,action_conflict
GRO,2026-05-29,1,ENTER,INTC,revere_20260529.png,revere_20260528.png,BUY DPST SELL NVDA,review,action_conflict
GRO,2026-05-29,1,EXIT,GNRC,revere_20260529.png,revere_20260528.png,BUY DPST SELL NVDA,review,action_conflict
GRO,2026-05-29,1,EXIT,TOG,revere_20260529.png,revere_20260528.png,BUY DPST SELL NVDA,review,action_conflict
TURBO,2026-05-29,1,ENTER,GLW,revere_20260529.png,revere_20260528.png,TRIM ARM DELL GLW ADD TO INTC BOTTOMUINE: IR V2 7550 7H? 6407 2 L5UC5F. TATFICR08 174 37 2NE BERAR TH,review,action_conflict
TURBO,2026-05-29,1,ENTER,HOOD,revere_20260529.png,revere_20260528.png,TRIM ARM DELL GLW ADD TO INTC BOTTOMUINE: IR V2 7550 7H? 6407 2 L5UC5F. TATFICR08 174 37 2NE BERAR TH,review,action_conflict
TURBO,2026-05-29,1,ENTER,I,revere_20260529.png,revere_20260528.png,TRIM ARM DELL GLW ADD TO INTC BOTTOMUINE: IR V2 7550 7H? 6407 2 L5UC5F. TATFICR08 174 37 2NE BERAR TH,review,action_conflict
TURBO,2026-05-29,1,EXIT,GUW,revere_20260529.png,revere_20260528.png,TRIM ARM DELL GLW ADD TO INTC BOTTOMUINE: IR V2 7550 7H? 6407 2 L5UC5F. TATFICR08 174 37 2NE BERAR TH,review,action_conflict
TURBO,2026-05-29,1,EXIT,JINTC,revere_20260529.png,revere_20260528.png,TRIM ARM DELL GLW ADD TO INTC BOTTOMUINE: IR V2 7550 7H? 6407 2 L5UC5F. TATFICR08 174 37 2NE BERAR TH,review,action_conflict
TURBO,2026-05-29,1,EXIT,NOK,revere_20260529.png,revere_20260528.png,TRIM ARM DELL GLW ADD TO INTC BOTTOMUINE: IR V2 7550 7H? 6407 2 L5UC5F. TATFICR08 174 37 2NE BERAR TH,review,action_conflict
TURBO,2026-05-29,1,EXIT,SPXL,revere_20260529.png,revere_20260528.png,TRIM ARM DELL GLW ADD TO INTC BOTTOMUINE: IR V2 7550 7H? 6407 2 L5UC5F. TATFICR08 174 37 2NE BERAR TH,review,action_conflict
GRO,2026-05-30,1,ENTER,GNRC,revere_20260530.png,revere_20260529.png,SELL DDOG BUY INTC TRIM BE SELL AAO!,review,action_conflict
GRO,2026-05-30,1,ENTER,ODOG,revere_20260530.png,revere_20260529.png,SELL DDOG BUY INTC TRIM BE SELL AAO!,review,action_conflict
GRO,2026-05-30,1,ENTER,OOCN,revere_20260530.png,revere_20260529.png,SELL DDOG BUY INTC TRIM BE SELL AAO!,review,action_conflict
GRO,2026-05-30,1,EXIT,AADL,revere_20260530.png,revere_20260529.png,SELL DDOG BUY INTC TRIM BE SELL AAO!,review,action_conflict
GRO,2026-05-30,1,EXIT,DOCN,revere_20260530.png,revere_20260529.png,SELL DDOG BUY INTC TRIM BE SELL AAO!,review,action_conflict
TURBO,2026-05-30,1,ENTER,NOK,revere_20260530.png,revere_20260529.png,SELL DELL BUY DOCN SELL GLW FLY,review,action_conflict
TURBO,2026-05-30,1,ENTER,SEDG,revere_20260530.png,revere_20260529.png,SELL DELL BUY DOCN SELL GLW FLY,review,action_conflict
TURBO,2026-05-30,1,ENTER,SPXL,revere_20260530.png,revere_20260529.png,SELL DELL BUY DOCN SELL GLW FLY,review,action_conflict
TURBO,2026-05-30,1,EXIT,HOOD,revere_20260530.png,revere_20260529.png,SELL DELL BUY DOCN SELL GLW FLY,review,action_conflict
TURBO,2026-05-30,1,EXIT,I,revere_20260530.png,revere_20260529.png,SELL DELL BUY DOCN SELL GLW FLY,review,action_conflict
TURBO,2026-05-30,1,EXIT,SEOG,revere_20260530.png,revere_20260529.png,SELL DELL BUY DOCN SELL GLW FLY,review,action_conflict
GRO,2026-06-01,1,ENTER,DDOG,revere_20260601.png,revere_20260530.png,BUY QBTS O-TRIM DDOG NBIS TWLO,review,action_conflict
GRO,2026-06-01,1,ENTER,DOCH,revere_20260601.png,revere_20260530.png,BUY QBTS O-TRIM DDOG NBIS TWLO,review,action_conflict
GRO,2026-06-01,1,EXIT,ODOG,revere_20260601.png,revere_20260530.png,BUY QBTS O-TRIM DDOG NBIS TWLO,review,action_conflict
GRO,2026-06-01,1,EXIT,OOCN,revere_20260601.png,revere_20260530.png,BUY QBTS O-TRIM DDOG NBIS TWLO,review,action_conflict
TURBO,2026-06-01,1,ENTER,INDO,revere_20260601.png,revere_20260530.png,SELL ARM SELL INTC ADD TO BE BUY COPX IREN USAR,review,action_conflict
TURBO,2026-06-01,1,EXIT,INOD,revere_20260601.png,revere_20260530.png,SELL ARM SELL INTC ADD TO BE BUY COPX IREN USAR,review,action_conflict
GRO,2026-06-02,1,ENTER,DOCN,revere_20260602.png,revere_20260601.png,BUY LLYX ADD TO GH D-TRIM MRVL TRIM (NTC SELL LABU,review,action_conflict
GRO,2026-06-02,1,EXIT,DOCH,revere_20260602.png,revere_20260601.png,BUY LLYX ADD TO GH D-TRIM MRVL TRIM (NTC SELL LABU,review,action_conflict
TURBO,2026-06-02,1,ENTER,INOD,revere_20260602.png,revere_20260601.png,BUY AEHR ADD TA TSLA + IREN,review,action_conflict
TURBO,2026-06-02,1,ENTER,OOCN,revere_20260602.png,revere_20260601.png,BUY AEHR ADD TA TSLA + IREN,review,action_conflict
TURBO,2026-06-02,1,EXIT,DOCN,revere_20260602.png,revere_20260601.png,BUY AEHR ADD TA TSLA + IREN,review,action_conflict
TURBO,2026-06-02,1,EXIT,INDO,revere_20260602.png,revere_20260601.png,BUY AEHR ADD TA TSLA + IREN,review,action_conflict
GRO,2026-06-03,1,EXIT,DPST,revere_20260603.png,revere_20260602.png,ADD TO LLYX O-CLOSEMAVL SELL DRST INTC,review,action_conflict
GRO,2026-06-03,1,EXIT,MRVL,revere_20260603.png,revere_20260602.png,ADD TO LLYX O-CLOSEMAVL SELL DRST INTC,review,action_conflict
TURBO,2026-06-04,1,ENTER,AER,revere_20260604.png,revere_20260603.png,SELL USAR BUY SNOW,review,action_conflict
TURBO,2026-06-04,1,ENTER,INOD,revere_20260604.png,revere_20260603.png,SELL USAR BUY SNOW,review,action_conflict
TURBO,2026-06-04,1,ENTER,MU,revere_20260604.png,revere_20260603.png,SELL USAR BUY SNOW,review,action_conflict
TURBO,2026-06-04,1,ENTER,NOK,revere_20260604.png,revere_20260603.png,SELL USAR BUY SNOW,review,action_conflict
TURBO,2026-06-04,1,ENTER,SEDG,revere_20260604.png,revere_20260603.png,SELL USAR BUY SNOW,review,action_conflict
TURBO,2026-06-04,1,ENTER,SPXL,revere_20260604.png,revere_20260603.png,SELL USAR BUY SNOW,review,action_conflict
TURBO,2026-06-04,1,EXIT,AEHR,revere_20260604.png,revere_20260603.png,SELL USAR BUY SNOW,review,action_conflict
TURBO,2026-06-04,1,EXIT,ALAR,revere_20260604.png,revere_20260603.png,SELL USAR BUY SNOW,review,action_conflict
TURBO,2026-06-04,1,EXIT,INDO,revere_20260604.png,revere_20260603.png,SELL USAR BUY SNOW,review,action_conflict
TURBO,2026-06-04,1,EXIT,SI,revere_20260604.png,revere_20260603.png,SELL USAR BUY SNOW,review,action_conflict
GRO,2026-06-08,1,ENTER,GH,revere_20260608.png,revere_20260605.png,SELL TWLO,review,action_conflict
GRO,2026-06-08,1,ENTER,GNRC,revere_20260608.png,revere_20260605.png,SELL TWLO,review,action_conflict
GRO,2026-06-08,1,ENTER,LY,revere_20260608.png,revere_20260605.png,SELL TWLO,review,action_conflict
GRO,2026-06-08,1,ENTER,UPNO,revere_20260608.png,revere_20260605.png,SELL TWLO,review,action_conflict
GRO,2026-06-08,1,EXIT,CRDO,revere_20260608.png,revere_20260605.png,SELL TWLO,review,action_conflict
GRO,2026-06-08,1,EXIT,ERX,revere_20260608.png,revere_20260605.png,SELL TWLO,review,action_conflict
GRO,2026-06-08,1,EXIT,UPRO,revere_20260608.png,revere_20260605.png,SELL TWLO,review,action_conflict
GRO,2026-06-08,1,EXIT,WOM,revere_20260608.png,revere_20260605.png,SELL TWLO,review,action_conflict
TURBO,2026-06-09,1,EXIT,ALAR,revere_20260609.png,revere_20260608.png,BUY SNOW SELL NBIS DOCN SEDG MU,review,action_conflict
TURBO,2026-06-09,1,EXIT,BE,revere_20260609.png,revere_20260608.png,BUY SNOW SELL NBIS DOCN SEDG MU,review,action_conflict
TURBO,2026-06-09,1,EXIT,COPX,revere_20260609.png,revere_20260608.png,BUY SNOW SELL NBIS DOCN SEDG MU,review,action_conflict
TURBO,2026-06-09,1,EXIT,INTC,revere_20260609.png,revere_20260608.png,BUY SNOW SELL NBIS DOCN SEDG MU,review,action_conflict
TURBO,2026-06-09,1,EXIT,PICK,revere_20260609.png,revere_20260608.png,BUY SNOW SELL NBIS DOCN SEDG MU,review,action_conflict
TURBO,2026-06-09,1,EXIT,PLTR,revere_20260609.png,revere_20260608.png,BUY SNOW SELL NBIS DOCN SEDG MU,review,action_conflict
TURBO,2026-06-09,1,EXIT,TSLA,revere_20260609.png,revere_20260608.png,BUY SNOW SELL NBIS DOCN SEDG MU,review,action_conflict
GRO,2026-06-12,1,ENTER,OOCN,revere_20260612.png,revere_20260611.png,ADD TO DOCN BUY CRDO SNOW FTNT VIAV MRVL NBIS,review,action_conflict
GRO,2026-06-12,1,EXIT,DOCN,revere_20260612.png,revere_20260611.png,ADD TO DOCN BUY CRDO SNOW FTNT VIAV MRVL NBIS,review,action_conflict
GRO,2026-06-16,1,EXIT,TOL,revere_20260616.png,revere_20260615.png,ADD TO WGMI BE BUY INTC,review,action_conflict
GRO,2026-06-17,1,ENTER,JL,revere_20260617.png,revere_20260616.png,SELL CSCOVAY ABD TO ET IVTE SUV NEO JL,review,action_conflict
GRO,2026-06-17,1,ENTER,NEIS,revere_20260617.png,revere_20260616.png,SELL CSCOVAY ABD TO ET IVTE SUV NEO JL,review,action_conflict
GRO,2026-06-17,1,ENTER,RROC,revere_20260617.png,revere_20260616.png,SELL CSCOVAY ABD TO ET IVTE SUV NEO JL,review,action_conflict
GRO,2026-06-17,1,ENTER,SPVM,revere_20260617.png,revere_20260616.png,SELL CSCOVAY ABD TO ET IVTE SUV NEO JL,review,action_conflict
GRO,2026-06-17,1,ENTER,URA,revere_20260617.png,revere_20260616.png,SELL CSCOVAY ABD TO ET IVTE SUV NEO JL,review,action_conflict
GRO,2026-06-17,1,ENTER,XSWRA,revere_20260617.png,revere_20260616.png,SELL CSCOVAY ABD TO ET IVTE SUV NEO JL,review,action_conflict
GRO,2026-06-17,1,EXIT,BE,revere_20260617.png,revere_20260616.png,SELL CSCOVAY ABD TO ET IVTE SUV NEO JL,review,action_conflict
GRO,2026-06-17,1,EXIT,CRDO,revere_20260617.png,revere_20260616.png,SELL CSCOVAY ABD TO ET IVTE SUV NEO JL,review,action_conflict
GRO,2026-06-17,1,EXIT,CSCO,revere_20260617.png,revere_20260616.png,SELL CSCOVAY ABD TO ET IVTE SUV NEO JL,review,action_conflict
GRO,2026-06-17,1,EXIT,LLYX,revere_20260617.png,revere_20260616.png,SELL CSCOVAY ABD TO ET IVTE SUV NEO JL,review,action_conflict
GRO,2026-06-17,1,EXIT,MRVL,revere_20260617.png,revere_20260616.png,SELL CSCOVAY ABD TO ET IVTE SUV NEO JL,review,action_conflict
GRO,2026-06-17,1,EXIT,NBIS,revere_20260617.png,revere_20260616.png,SELL CSCOVAY ABD TO ET IVTE SUV NEO JL,review,action_conflict
GRO,2026-06-17,1,EXIT,SPYM,revere_20260617.png,revere_20260616.png,SELL CSCOVAY ABD TO ET IVTE SUV NEO JL,review,action_conflict
GRO,2026-06-17,1,EXIT,WGMI,revere_20260617.png,revere_20260616.png,SELL CSCOVAY ABD TO ET IVTE SUV NEO JL,review,action_conflict
TURBO,2026-06-17,1,ENTER,DDOG,revere_20260617.png,revere_20260616.png,TRIM SNOW SELL VIAV FLNC,review,action_conflict
TURBO,2026-06-17,1,ENTER,INTC,revere_20260617.png,revere_20260616.png,TRIM SNOW SELL VIAV FLNC,review,action_conflict
TURBO,2026-06-17,1,ENTER,LABU,revere_20260617.png,revere_20260616.png,TRIM SNOW SELL VIAV FLNC,review,action_conflict
TURBO,2026-06-17,1,ENTER,SSO,revere_20260617.png,revere_20260616.png,TRIM SNOW SELL VIAV FLNC,review,action_conflict
TURBO,2026-06-17,1,ENTER,TOG,revere_20260617.png,revere_20260616.png,TRIM SNOW SELL VIAV FLNC,review,action_conflict
TURBO,2026-06-17,1,ENTER,WOLF,revere_20260617.png,revere_20260616.png,TRIM SNOW SELL VIAV FLNC,review,action_conflict
TURBO,2026-06-17,1,EXIT,BE,revere_20260617.png,revere_20260616.png,TRIM SNOW SELL VIAV FLNC,review,action_conflict
TURBO,2026-06-17,1,EXIT,GH,revere_20260617.png,revere_20260616.png,TRIM SNOW SELL VIAV FLNC,review,action_conflict
TURBO,2026-06-17,1,EXIT,SPYM,revere_20260617.png,revere_20260616.png,TRIM SNOW SELL VIAV FLNC,review,action_conflict
GRO,2026-06-18,1,ENTER,BE,revere_20260618.png,revere_20260617.png,SELL SNOW TRIM FINT CLOSE HEDGE SPS BUY S970. HUT NVT FORM ADD TO WOM INTC,review,action_conflict
GRO,2026-06-18,1,ENTER,CRDO,revere_20260618.png,revere_20260617.png,SELL SNOW TRIM FINT CLOSE HEDGE SPS BUY S970. HUT NVT FORM ADD TO WOM INTC,review,action_conflict
GRO,2026-06-18,1,ENTER,LLYX,revere_20260618.png,revere_20260617.png,SELL SNOW TRIM FINT CLOSE HEDGE SPS BUY S970. HUT NVT FORM ADD TO WOM INTC,review,action_conflict
GRO,2026-06-18,1,ENTER,MRVL,revere_20260618.png,revere_20260617.png,SELL SNOW TRIM FINT CLOSE HEDGE SPS BUY S970. HUT NVT FORM ADD TO WOM INTC,review,action_conflict
GRO,2026-06-18,1,ENTER,NBIS,revere_20260618.png,revere_20260617.png,SELL SNOW TRIM FINT CLOSE HEDGE SPS BUY S970. HUT NVT FORM ADD TO WOM INTC,review,action_conflict
GRO,2026-06-18,1,ENTER,SPYM,revere_20260618.png,revere_20260617.png,SELL SNOW TRIM FINT CLOSE HEDGE SPS BUY S970. HUT NVT FORM ADD TO WOM INTC,review,action_conflict
GRO,2026-06-18,1,ENTER,WGMI,revere_20260618.png,revere_20260617.png,SELL SNOW TRIM FINT CLOSE HEDGE SPS BUY S970. HUT NVT FORM ADD TO WOM INTC,review,action_conflict
GRO,2026-06-18,1,EXIT,NEIS,revere_20260618.png,revere_20260617.png,SELL SNOW TRIM FINT CLOSE HEDGE SPS BUY S970. HUT NVT FORM ADD TO WOM INTC,review,action_conflict
GRO,2026-06-18,1,EXIT,RROC,revere_20260618.png,revere_20260617.png,SELL SNOW TRIM FINT CLOSE HEDGE SPS BUY S970. HUT NVT FORM ADD TO WOM INTC,review,action_conflict
GRO,2026-06-18,1,EXIT,SPVM,revere_20260618.png,revere_20260617.png,SELL SNOW TRIM FINT CLOSE HEDGE SPS BUY S970. HUT NVT FORM ADD TO WOM INTC,review,action_conflict
GRO,2026-06-18,1,EXIT,URA,revere_20260618.png,revere_20260617.png,SELL SNOW TRIM FINT CLOSE HEDGE SPS BUY S970. HUT NVT FORM ADD TO WOM INTC,review,action_conflict
GRO,2026-06-18,1,EXIT,VIAV,revere_20260618.png,revere_20260617.png,SELL SNOW TRIM FINT CLOSE HEDGE SPS BUY S970. HUT NVT FORM ADD TO WOM INTC,review,action_conflict
GRO,2026-06-18,1,EXIT,XSWRA,revere_20260618.png,revere_20260617.png,SELL SNOW TRIM FINT CLOSE HEDGE SPS BUY S970. HUT NVT FORM ADD TO WOM INTC,review,action_conflict
TURBO,2026-06-18,1,ENTER,BE,revere_20260618.png,revere_20260617.png,SELL SNOW,review,action_conflict
TURBO,2026-06-18,1,ENTER,FROG,revere_20260618.png,revere_20260617.png,SELL SNOW,review,action_conflict
TURBO,2026-06-18,1,ENTER,ODOG,revere_20260618.png,revere_20260617.png,SELL SNOW,review,action_conflict
TURBO,2026-06-18,1,ENTER,SPYM,revere_20260618.png,revere_20260617.png,SELL SNOW,review,action_conflict
TURBO,2026-06-18,1,EXIT,DDOG,revere_20260618.png,revere_20260617.png,SELL SNOW,review,action_conflict
TURBO,2026-06-18,1,EXIT,SSO,revere_20260618.png,revere_20260617.png,SELL SNOW,review,action_conflict
TURBO,2026-06-18,1,EXIT,TOG,revere_20260618.png,revere_20260617.png,SELL SNOW,review,action_conflict
GRO,2026-06-22,1,ENTER,SPXL,revere_20260622.png,revere_20260618.png,BUY HOOD ADD10 FTNT SELL DOCN O-TRIM BE CRDO,review,action_conflict
GRO,2026-06-22,1,EXIT,JL,revere_20260622.png,revere_20260618.png,BUY HOOD ADD10 FTNT SELL DOCN O-TRIM BE CRDO,review,action_conflict
GRO,2026-06-22,1,EXIT,SNOW,revere_20260622.png,revere_20260618.png,BUY HOOD ADD10 FTNT SELL DOCN O-TRIM BE CRDO,review,action_conflict
TURBO,2026-06-22,1,ENTER,OOOG,revere_20260622.png,revere_20260618.png,BUY NOK ADD 10 FROG SELL WOLF,review,action_conflict
TURBO,2026-06-22,1,ENTER,SPVIA,revere_20260622.png,revere_20260618.png,BUY NOK ADD 10 FROG SELL WOLF,review,action_conflict
TURBO,2026-06-22,1,EXIT,ODOG,revere_20260622.png,revere_20260618.png,BUY NOK ADD 10 FROG SELL WOLF,review,action_conflict
TURBO,2026-06-22,1,EXIT,SPYM,revere_20260622.png,revere_20260618.png,BUY NOK ADD 10 FROG SELL WOLF,review,action_conflict
GRO,2026-06-23,1,ENTER,FORM,revere_20260623.png,revere_20260622.png,SELL MRVL » SPXL,review,action_conflict
GRO,2026-06-23,1,ENTER,HUT,revere_20260623.png,revere_20260622.png,SELL MRVL » SPXL,review,action_conflict
GRO,2026-06-23,1,ENTER,JINTC,revere_20260623.png,revere_20260622.png,SELL MRVL » SPXL,review,action_conflict
GRO,2026-06-23,1,ENTER,NVDA,revere_20260623.png,revere_20260622.png,SELL MRVL » SPXL,review,action_conflict
GRO,2026-06-23,1,ENTER,WGN,revere_20260623.png,revere_20260622.png,SELL MRVL » SPXL,review,action_conflict
GRO,2026-06-23,1,EXIT,INTC,revere_20260623.png,revere_20260622.png,SELL MRVL » SPXL,review,action_conflict
GRO,2026-06-23,1,EXIT,WGMI,revere_20260623.png,revere_20260622.png,SELL MRVL » SPXL,review,action_conflict
TURBO,2026-06-23,1,ENTER,HOOD,revere_20260623.png,revere_20260622.png,BUY CRWD + 'WIO {JENNI <.. RROC,review,action_conflict
TURBO,2026-06-23,1,ENTER,NBIS,revere_20260623.png,revere_20260622.png,BUY CRWD + 'WIO {JENNI <.. RROC,review,action_conflict
TURBO,2026-06-23,1,ENTER,SPXL,revere_20260623.png,revere_20260622.png,BUY CRWD + 'WIO {JENNI <.. RROC,review,action_conflict
TURBO,2026-06-23,1,ENTER,SPYM,revere_20260623.png,revere_20260622.png,BUY CRWD + 'WIO {JENNI <.. RROC,review,action_conflict
TURBO,2026-06-23,1,ENTER,TWLO,revere_20260623.png,revere_20260622.png,BUY CRWD + 'WIO {JENNI <.. RROC,review,action_conflict
TURBO,2026-06-23,1,EXIT,FROG,revere_20260623.png,revere_20260622.png,BUY CRWD + 'WIO {JENNI <.. RROC,review,action_conflict
TURBO,2026-06-23,1,EXIT,OOOG,revere_20260623.png,revere_20260622.png,BUY CRWD + 'WIO {JENNI <.. RROC,review,action_conflict
TURBO,2026-06-23,1,EXIT,SPVIA,revere_20260623.png,revere_20260622.png,BUY CRWD + 'WIO {JENNI <.. RROC,review,action_conflict
GRO,2026-06-24,1,ENTER,INTC,revere_20260624.png,revere_20260623.png,TRIM INTC BUY HPE SELL NBIS HUT WGMI HOOD NVT,review,action_conflict
GRO,2026-06-24,1,ENTER,NVT,revere_20260624.png,revere_20260623.png,TRIM INTC BUY HPE SELL NBIS HUT WGMI HOOD NVT,review,action_conflict
GRO,2026-06-24,1,ENTER,WGMI,revere_20260624.png,revere_20260623.png,TRIM INTC BUY HPE SELL NBIS HUT WGMI HOOD NVT,review,action_conflict
GRO,2026-06-24,1,EXIT,JINTC,revere_20260624.png,revere_20260623.png,TRIM INTC BUY HPE SELL NBIS HUT WGMI HOOD NVT,review,action_conflict
GRO,2026-06-24,1,EXIT,NVDA,revere_20260624.png,revere_20260623.png,TRIM INTC BUY HPE SELL NBIS HUT WGMI HOOD NVT,review,action_conflict
GRO,2026-06-24,1,EXIT,WGN,revere_20260624.png,revere_20260623.png,TRIM INTC BUY HPE SELL NBIS HUT WGMI HOOD NVT,review,action_conflict
TURBO,2026-06-24,1,ENTER,ODOG,revere_20260624.png,revere_20260623.png,SELL MRVL ADD TO SOXS,review,action_conflict
TURBO,2026-06-24,1,EXIT,HOOD,revere_20260624.png,revere_20260623.png,SELL MRVL ADD TO SOXS,review,action_conflict
TURBO,2026-06-24,1,EXIT,SPXL,revere_20260624.png,revere_20260623.png,SELL MRVL ADD TO SOXS,review,action_conflict
GRO,2026-06-25,1,ENTER,I,revere_20260625.png,revere_20260624.png,SELL BE HPE TRIM INTC. O-TRIM GH,review,action_conflict
GRO,2026-06-25,1,EXIT,CRDO,revere_20260625.png,revere_20260624.png,SELL BE HPE TRIM INTC. O-TRIM GH,review,action_conflict
GRO,2026-06-25,1,EXIT,HUT,revere_20260625.png,revere_20260624.png,SELL BE HPE TRIM INTC. O-TRIM GH,review,action_conflict
GRO,2026-06-25,1,EXIT,NBIS,revere_20260625.png,revere_20260624.png,SELL BE HPE TRIM INTC. O-TRIM GH,review,action_conflict
GRO,2026-06-25,1,EXIT,NVT,revere_20260625.png,revere_20260624.png,SELL BE HPE TRIM INTC. O-TRIM GH,review,action_conflict
GRO,2026-06-25,1,EXIT,SPYM,revere_20260625.png,revere_20260624.png,SELL BE HPE TRIM INTC. O-TRIM GH,review,action_conflict
GRO,2026-06-25,1,EXIT,WGMI,revere_20260625.png,revere_20260624.png,SELL BE HPE TRIM INTC. O-TRIM GH,review,action_conflict
GRO,2026-06-26,1,ENTER,SPYM,revere_20260626.png,revere_20260625.png,SELL FORM CRDO,review,action_conflict
GRO,2026-06-26,1,EXIT,HOOD,revere_20260626.png,revere_20260625.png,SELL FORM CRDO,review,action_conflict
GRO,2026-06-26,1,EXIT,I,revere_20260626.png,revere_20260625.png,SELL FORM CRDO,review,action_conflict
TURBO,2026-06-26,1,ENTER,DDOG,revere_20260626.png,revere_20260625.png,SELL NOK BE,review,action_conflict
TURBO,2026-06-26,1,ENTER,SOXS,revere_20260626.png,revere_20260625.png,SELL NOK BE,review,action_conflict
TURBO,2026-06-26,1,EXIT,CAVA,revere_20260626.png,revere_20260625.png,SELL NOK BE,review,action_conflict
TURBO,2026-06-26,1,EXIT,DOOG,revere_20260626.png,revere_20260625.png,SELL NOK BE,review,action_conflict
TURBO,2026-06-26,1,EXIT,SPXL,revere_20260626.png,revere_20260625.png,SELL NOK BE,review,action_conflict
TURBO,2026-06-30,1,ENTER,MXL,revere_20260630.png,revere_20260629.png,BUY MKL,review,action_conflict
GRO,2026-07-02,1,ENTER,I,revere_20260702.png,revere_20260701.png,SELL DELL LEX GLW TRAM UPRO BUY ROOT INTC ADO TO LLTK,review,action_conflict
GRO,2026-07-02,1,EXIT,FLEX,revere_20260702.png,revere_20260701.png,SELL DELL LEX GLW TRAM UPRO BUY ROOT INTC ADO TO LLTK,review,action_conflict
GRO,2026-07-02,1,EXIT,LLYX,revere_20260702.png,revere_20260701.png,SELL DELL LEX GLW TRAM UPRO BUY ROOT INTC ADO TO LLTK,review,action_conflict
TURBO,2026-07-02,1,ENTER,BHYP,revere_20260702.png,revere_20260701.png,BUY BKYF SELL MKL,review,action_conflict
TURBO,2026-07-02,1,ENTER,FTN,revere_20260702.png,revere_20260701.png,BUY BKYF SELL MKL,review,action_conflict
TURBO,2026-07-02,1,ENTER,JINTC,revere_20260702.png,revere_20260701.png,BUY BKYF SELL MKL,review,action_conflict
TURBO,2026-07-02,1,EXIT,FTNT,revere_20260702.png,revere_20260701.png,BUY BKYF SELL MKL,review,action_conflict
TURBO,2026-07-02,1,EXIT,INTC,revere_20260702.png,revere_20260701.png,BUY BKYF SELL MKL,review,action_conflict
TURBO,2026-07-02,1,EXIT,MXL,revere_20260702.png,revere_20260701.png,BUY BKYF SELL MKL,review,action_conflict
TURBO,2026-07-02,1,EXIT,STM,revere_20260702.png,revere_20260701.png,BUY BKYF SELL MKL,review,action_conflict
GRO,2026-07-06,1,ENTER,DDOG,revere_20260706.png,revere_20260702.png,BUY 0DOG,review,action_conflict
GRO,2026-07-06,1,ENTER,LLYX,revere_20260706.png,revere_20260702.png,BUY 0DOG,review,action_conflict
GRO,2026-07-06,1,ENTER,RDDT,revere_20260706.png,revere_20260702.png,BUY 0DOG,review,action_conflict
GRO,2026-07-06,1,EXIT,I,revere_20260706.png,revere_20260702.png,BUY 0DOG,review,action_conflict
TURBO,2026-07-06,1,ENTER,FTNT,revere_20260706.png,revere_20260702.png,BUY RDDT ETHA MIT AOD TO HOOD,review,action_conflict
TURBO,2026-07-06,1,ENTER,IBIT,revere_20260706.png,revere_20260702.png,BUY RDDT ETHA MIT AOD TO HOOD,review,action_conflict
TURBO,2026-07-06,1,ENTER,INTC,revere_20260706.png,revere_20260702.png,BUY RDDT ETHA MIT AOD TO HOOD,review,action_conflict
TURBO,2026-07-06,1,EXIT,FTN,revere_20260706.png,revere_20260702.png,BUY RDDT ETHA MIT AOD TO HOOD,review,action_conflict
TURBO,2026-07-06,1,EXIT,JINTC,revere_20260706.png,revere_20260702.png,BUY RDDT ETHA MIT AOD TO HOOD,review,action_conflict
GRO,2026-07-07,1,ENTER,OOOG,revere_20260707.png,revere_20260706.png,ADD TO DDOG BUY DELL SELL INTC,review,action_conflict
GRO,2026-07-07,1,EXIT,DDOG,revere_20260707.png,revere_20260706.png,ADD TO DDOG BUY DELL SELL INTC,review,action_conflict
TURBO,2026-07-07,1,ENTER,DOOG,revere_20260707.png,revere_20260706.png,ADD T CTHAIBI BUY FCEL ML DRAM SELL CRWO INTC THA HYP,review,action_conflict
TURBO,2026-07-07,1,ENTER,MRVL,revere_20260707.png,revere_20260706.png,ADD T CTHAIBI BUY FCEL ML DRAM SELL CRWO INTC THA HYP,review,action_conflict
TURBO,2026-07-07,1,ENTER,ORAM,revere_20260707.png,revere_20260706.png,ADD T CTHAIBI BUY FCEL ML DRAM SELL CRWO INTC THA HYP,review,action_conflict
TURBO,2026-07-07,1,ENTER,RDDT,revere_20260707.png,revere_20260706.png,ADD T CTHAIBI BUY FCEL ML DRAM SELL CRWO INTC THA HYP,review,action_conflict
TURBO,2026-07-07,1,EXIT,CRWD,revere_20260707.png,revere_20260706.png,ADD T CTHAIBI BUY FCEL ML DRAM SELL CRWO INTC THA HYP,review,action_conflict
TURBO,2026-07-07,1,EXIT,DDOG,revere_20260707.png,revere_20260706.png,ADD T CTHAIBI BUY FCEL ML DRAM SELL CRWO INTC THA HYP,review,action_conflict
GRO,2026-07-08,1,ENTER,DDOG,revere_20260708.png,revere_20260707.png,BUY DRAM HOOD SOXL ADO TO DELL HEDGE W/ SDS SELL GH.,review,action_conflict
GRO,2026-07-08,1,ENTER,JI,revere_20260708.png,revere_20260707.png,BUY DRAM HOOD SOXL ADO TO DELL HEDGE W/ SDS SELL GH.,review,action_conflict
GRO,2026-07-08,1,ENTER,ORAM,revere_20260708.png,revere_20260707.png,BUY DRAM HOOD SOXL ADO TO DELL HEDGE W/ SDS SELL GH.,review,action_conflict
GRO,2026-07-08,1,ENTER,RODT,revere_20260708.png,revere_20260707.png,BUY DRAM HOOD SOXL ADO TO DELL HEDGE W/ SDS SELL GH.,review,action_conflict
GRO,2026-07-08,1,EXIT,OOOG,revere_20260708.png,revere_20260707.png,BUY DRAM HOOD SOXL ADO TO DELL HEDGE W/ SDS SELL GH.,review,action_conflict
GRO,2026-07-08,1,EXIT,RDDT,revere_20260708.png,revere_20260707.png,BUY DRAM HOOD SOXL ADO TO DELL HEDGE W/ SDS SELL GH.,review,action_conflict
GRO,2026-07-09,1,ENTER,DRAM,revere_20260709.png,revere_20260708.png,BUY SIMD AMD ADD TO HOOD DELL SELL HEDGE SDS,review,action_conflict
GRO,2026-07-09,1,ENTER,LY,revere_20260709.png,revere_20260708.png,BUY SIMD AMD ADD TO HOOD DELL SELL HEDGE SDS,review,action_conflict
GRO,2026-07-09,1,ENTER,SIMO,revere_20260709.png,revere_20260708.png,BUY SIMD AMD ADD TO HOOD DELL SELL HEDGE SDS,review,action_conflict
GRO,2026-07-09,1,ENTER,T,revere_20260709.png,revere_20260708.png,BUY SIMD AMD ADD TO HOOD DELL SELL HEDGE SDS,review,action_conflict
GRO,2026-07-09,1,ENTER,TA,revere_20260709.png,revere_20260708.png,BUY SIMD AMD ADD TO HOOD DELL SELL HEDGE SDS,review,action_conflict
GRO,2026-07-09,1,EXIT,DDOG,revere_20260709.png,revere_20260708.png,BUY SIMD AMD ADD TO HOOD DELL SELL HEDGE SDS,review,action_conflict
GRO,2026-07-09,1,EXIT,FTNT,revere_20260709.png,revere_20260708.png,BUY SIMD AMD ADD TO HOOD DELL SELL HEDGE SDS,review,action_conflict
GRO,2026-07-09,1,EXIT,JI,revere_20260709.png,revere_20260708.png,BUY SIMD AMD ADD TO HOOD DELL SELL HEDGE SDS,review,action_conflict
GRO,2026-07-09,1,EXIT,LLYX,revere_20260709.png,revere_20260708.png,BUY SIMD AMD ADD TO HOOD DELL SELL HEDGE SDS,review,action_conflict
GRO,2026-07-09,1,EXIT,ORAM,revere_20260709.png,revere_20260708.png,BUY SIMD AMD ADD TO HOOD DELL SELL HEDGE SDS,review,action_conflict
TURBO,2026-07-09,1,ENTER,DDOG,revere_20260709.png,revere_20260708.png,ADD TO RDOT UPRO BOTTOMLINE: 3 WII 21° HL: ICHISO ABI 0 S80 S02 AN KL,review,action_conflict
TURBO,2026-07-09,1,ENTER,LABL,revere_20260709.png,revere_20260708.png,ADD TO RDOT UPRO BOTTOMLINE: 3 WII 21° HL: ICHISO ABI 0 S80 S02 AN KL,review,action_conflict
TURBO,2026-07-09,1,ENTER,SPYM,revere_20260709.png,revere_20260708.png,ADD TO RDOT UPRO BOTTOMLINE: 3 WII 21° HL: ICHISO ABI 0 S80 S02 AN KL,review,action_conflict
TURBO,2026-07-09,1,EXIT,DOOG,revere_20260709.png,revere_20260708.png,ADD TO RDOT UPRO BOTTOMLINE: 3 WII 21° HL: ICHISO ABI 0 S80 S02 AN KL,review,action_conflict
TURBO,2026-07-09,1,EXIT,IBIT,revere_20260709.png,revere_20260708.png,ADD TO RDOT UPRO BOTTOMLINE: 3 WII 21° HL: ICHISO ABI 0 S80 S02 AN KL,review,action_conflict
TURBO,2026-07-09,1,EXIT,LABU,revere_20260709.png,revere_20260708.png,ADD TO RDOT UPRO BOTTOMLINE: 3 WII 21° HL: ICHISO ABI 0 S80 S02 AN KL,review,action_conflict
TURBO,2026-07-09,1,EXIT,RDOT,revere_20260709.png,revere_20260708.png,ADD TO RDOT UPRO BOTTOMLINE: 3 WII 21° HL: ICHISO ABI 0 S80 S02 AN KL,review,action_conflict
TURBO,2026-07-09,1,EXIT,SMC,revere_20260709.png,revere_20260708.png,ADD TO RDOT UPRO BOTTOMLINE: 3 WII 21° HL: ICHISO ABI 0 S80 S02 AN KL,review,action_conflict
TURBO,2026-07-09,1,EXIT,UPAO,revere_20260709.png,revere_20260708.png,ADD TO RDOT UPRO BOTTOMLINE: 3 WII 21° HL: ICHISO ABI 0 S80 S02 AN KL,review,action_conflict
GRO,2026-07-10,1,ENTER,DDOG,revere_20260710.png,revere_20260709.png,ADD TO SOXL RDDT,review,action_conflict
GRO,2026-07-10,1,ENTER,FTNT,revere_20260710.png,revere_20260709.png,ADD TO SOXL RDDT,review,action_conflict
GRO,2026-07-10,1,ENTER,LLYX,revere_20260710.png,revere_20260709.png,ADD TO SOXL RDDT,review,action_conflict
GRO,2026-07-10,1,EXIT,LY,revere_20260710.png,revere_20260709.png,ADD TO SOXL RDDT,review,action_conflict
GRO,2026-07-10,1,EXIT,RODT,revere_20260710.png,revere_20260709.png,ADD TO SOXL RDDT,review,action_conflict
GRO,2026-07-10,1,EXIT,TA,revere_20260710.png,revere_20260709.png,ADD TO SOXL RDDT,review,action_conflict
GRO,2026-07-13,1,ENTER,ODOG,revere_20260713.png,revere_20260710.png,ADD TO SOXL RDDT,review,action_conflict
GRO,2026-07-13,1,EXIT,DDOG,revere_20260713.png,revere_20260710.png,ADD TO SOXL RDDT,review,action_conflict
GRO,2026-07-14,1,ENTER,DDOG,revere_20260714.png,revere_20260713.png,ADD TO HOOD TRIM LLYX,review,action_conflict
GRO,2026-07-14,1,ENTER,FINT,revere_20260714.png,revere_20260713.png,ADD TO HOOD TRIM LLYX,review,action_conflict
GRO,2026-07-14,1,ENTER,ORAM,revere_20260714.png,revere_20260713.png,ADD TO HOOD TRIM LLYX,review,action_conflict
GRO,2026-07-14,1,EXIT,DRAM,revere_20260714.png,revere_20260713.png,ADD TO HOOD TRIM LLYX,review,action_conflict
GRO,2026-07-14,1,EXIT,FTNT,revere_20260714.png,revere_20260713.png,ADD TO HOOD TRIM LLYX,review,action_conflict
GRO,2026-07-14,1,EXIT,ODOG,revere_20260714.png,revere_20260713.png,ADD TO HOOD TRIM LLYX,review,action_conflict
GRO,2026-07-14,1,EXIT,SIMO,revere_20260714.png,revere_20260713.png,ADD TO HOOD TRIM LLYX,review,action_conflict
TURBO,2026-07-14,1,ENTER,FINT,revere_20260714.png,revere_20260713.png,BUY TQQQ,review,action_conflict
TURBO,2026-07-14,1,ENTER,GH,revere_20260714.png,revere_20260713.png,BUY TQQQ,review,action_conflict
TURBO,2026-07-14,1,ENTER,I,revere_20260714.png,revere_20260713.png,BUY TQQQ,review,action_conflict
TURBO,2026-07-14,1,ENTER,LABU,revere_20260714.png,revere_20260713.png,BUY TQQQ,review,action_conflict
TURBO,2026-07-14,1,ENTER,RDDT,revere_20260714.png,revere_20260713.png,BUY TQQQ,review,action_conflict
TURBO,2026-07-14,1,EXIT,FTNT,revere_20260714.png,revere_20260713.png,BUY TQQQ,review,action_conflict
TURBO,2026-07-14,1,EXIT,LABL,revere_20260714.png,revere_20260713.png,BUY TQQQ,review,action_conflict
TURBO,2026-07-14,1,EXIT,MRVL,revere_20260714.png,revere_20260713.png,BUY TQQQ,review,action_conflict
TURBO,2026-07-15,1,ENTER,BE,revere_20260715.png,revere_20260714.png,SELL DRAM,review,action_conflict
TURBO,2026-07-15,1,ENTER,FTNT,revere_20260715.png,revere_20260714.png,SELL DRAM,review,action_conflict
TURBO,2026-07-15,1,ENTER,TQQQ,revere_20260715.png,revere_20260714.png,SELL DRAM,review,action_conflict
TURBO,2026-07-15,1,EXIT,DDOG,revere_20260715.png,revere_20260714.png,SELL DRAM,review,action_conflict
TURBO,2026-07-15,1,EXIT,FINT,revere_20260715.png,revere_20260714.png,SELL DRAM,review,action_conflict
TURBO,2026-07-15,1,EXIT,GH,revere_20260715.png,revere_20260714.png,SELL DRAM,review,action_conflict
TURBO,2026-07-15,1,EXIT,I,revere_20260715.png,revere_20260714.png,SELL DRAM,review,action_conflict
GRO,2026-07-16,1,ENTER,DDOG,revere_20260716.png,revere_20260715.png,SELL HOOD RDDT BUY LLY,review,action_conflict
GRO,2026-07-16,1,ENTER,SPYM,revere_20260716.png,revere_20260715.png,SELL HOOD RDDT BUY LLY,review,action_conflict
GRO,2026-07-16,1,EXIT,AMD,revere_20260716.png,revere_20260715.png,SELL HOOD RDDT BUY LLY,review,action_conflict
GRO,2026-07-16,1,EXIT,AVAB,revere_20260716.png,revere_20260715.png,SELL HOOD RDDT BUY LLY,review,action_conflict
GRO,2026-07-16,1,EXIT,BE,revere_20260716.png,revere_20260715.png,SELL HOOD RDDT BUY LLY,review,action_conflict
GRO,2026-07-16,1,EXIT,DRAM,revere_20260716.png,revere_20260715.png,SELL HOOD RDDT BUY LLY,review,action_conflict
GRO,2026-07-16,1,EXIT,FTA,revere_20260716.png,revere_20260715.png,SELL HOOD RDDT BUY LLY,review,action_conflict
GRO,2026-07-16,1,EXIT,I,revere_20260716.png,revere_20260715.png,SELL HOOD RDDT BUY LLY,review,action_conflict
GRO,2026-07-16,1,EXIT,MU,revere_20260716.png,revere_20260715.png,SELL HOOD RDDT BUY LLY,review,action_conflict
GRO,2026-07-16,1,EXIT,SIMO,revere_20260716.png,revere_20260715.png,SELL HOOD RDDT BUY LLY,review,action_conflict
GRO,2026-07-16,1,EXIT,SOLS,revere_20260716.png,revere_20260715.png,SELL HOOD RDDT BUY LLY,review,action_conflict
GRO,2026-07-16,1,EXIT,SOXL,revere_20260716.png,revere_20260715.png,SELL HOOD RDDT BUY LLY,review,action_conflict
TURBO,2026-07-16,1,ENTER,BIT,revere_20260716.png,revere_20260715.png,SELL RODT LABU TQQQ,review,action_conflict
TURBO,2026-07-16,1,ENTER,HYP,revere_20260716.png,revere_20260715.png,SELL RODT LABU TQQQ,review,action_conflict
TURBO,2026-07-16,1,EXIT,BE,revere_20260716.png,revere_20260715.png,SELL RODT LABU TQQQ,review,action_conflict
TURBO,2026-07-16,1,EXIT,BHYP,revere_20260716.png,revere_20260715.png,SELL RODT LABU TQQQ,review,action_conflict
TURBO,2026-07-16,1,EXIT,RDDT,revere_20260716.png,revere_20260715.png,SELL RODT LABU TQQQ,review,action_conflict
GRO,2026-07-17,1,ENTER,FINT,revere_20260717.png,revere_20260716.png,SELL TWLO,review,action_conflict
GRO,2026-07-17,1,ENTER,LY,revere_20260717.png,revere_20260716.png,SELL TWLO,review,action_conflict
GRO,2026-07-17,1,ENTER,ODOG,revere_20260717.png,revere_20260716.png,SELL TWLO,review,action_conflict
GRO,2026-07-17,1,ENTER,RALY,revere_20260717.png,revere_20260716.png,SELL TWLO,review,action_conflict
GRO,2026-07-17,1,EXIT,DDOG,revere_20260717.png,revere_20260716.png,SELL TWLO,review,action_conflict
GRO,2026-07-17,1,EXIT,FTNT,revere_20260717.png,revere_20260716.png,SELL TWLO,review,action_conflict
GRO,2026-07-17,1,EXIT,LLYX,revere_20260717.png,revere_20260716.png,SELL TWLO,review,action_conflict
TURBO,2026-07-17,1,ENTER,BHYP,revere_20260717.png,revere_20260716.png,SELL HOOD,review,action_conflict
TURBO,2026-07-17,1,ENTER,DDOG,revere_20260717.png,revere_20260716.png,SELL HOOD,review,action_conflict
TURBO,2026-07-17,1,ENTER,FINT,revere_20260717.png,revere_20260716.png,SELL HOOD,review,action_conflict
TURBO,2026-07-17,1,EXIT,FTNT,revere_20260717.png,revere_20260716.png,SELL HOOD,review,action_conflict
TURBO,2026-07-17,1,EXIT,HYP,revere_20260717.png,revere_20260716.png,SELL HOOD,review,action_conflict
GRO,2026-07-21,1,ENTER,LLY,revere_20260721.png,revere_20260720.png,ADD TO UPRO TRIS FTNT + DDOG,review,action_conflict
GRO,2026-07-21,1,ENTER,LLYX,revere_20260721.png,revere_20260720.png,ADD TO UPRO TRIS FTNT + DDOG,review,action_conflict
GRO,2026-07-21,1,EXIT,FINT,revere_20260721.png,revere_20260720.png,ADD TO UPRO TRIS FTNT + DDOG,review,action_conflict
GRO,2026-07-21,1,EXIT,LY,revere_20260721.png,revere_20260720.png,ADD TO UPRO TRIS FTNT + DDOG,review,action_conflict
GRO,2026-07-21,1,EXIT,RALY,revere_20260721.png,revere_20260720.png,ADD TO UPRO TRIS FTNT + DDOG,review,action_conflict
TURBO,2026-07-21,1,ENTER,FTNT,revere_20260721.png,revere_20260720.png,BUY AMD,review,action_conflict
TURBO,2026-07-21,1,EXIT,BIT,revere_20260721.png,revere_20260720.png,BUY AMD,review,action_conflict
TURBO,2026-07-21,1,EXIT,FINT,revere_20260721.png,revere_20260720.png,BUY AMD,review,action_conflict
GRO,2026-07-22,1,EXIT,ODOG,revere_20260722.png,revere_20260721.png,BUY HPE DELL SELL FTNT D0OG,review,action_conflict
TURBO,2026-07-22,1,ENTER,BTU,revere_20260722.png,revere_20260721.png,SELL FINT TWLO,review,action_conflict
TURBO,2026-07-22,1,ENTER,DOOG,revere_20260722.png,revere_20260721.png,SELL FINT TWLO,review,action_conflict
TURBO,2026-07-22,1,EXIT,DDOG,revere_20260722.png,revere_20260721.png,SELL FINT TWLO,review,action_conflict
TURBO,2026-07-22,1,EXIT,FTNT,revere_20260722.png,revere_20260721.png,SELL FINT TWLO,review,action_conflict
TURBO,2026-07-23,1,ENTER,IBIT,revere_20260723.png,revere_20260722.png,TRIM UPRO IBIT SELL BHYP,review,action_conflict
TURBO,2026-07-23,1,ENTER,ODOG,revere_20260723.png,revere_20260722.png,TRIM UPRO IBIT SELL BHYP,review,action_conflict
TURBO,2026-07-23,1,EXIT,BTU,revere_20260723.png,revere_20260722.png,TRIM UPRO IBIT SELL BHYP,review,action_conflict
TURBO,2026-07-23,1,EXIT,DOOG,revere_20260723.png,revere_20260722.png,TRIM UPRO IBIT SELL BHYP,review,action_conflict
GRO,2026-07-27,1,ENTER,JI,revere_20260727.png,revere_20260724.png,SELL AMD DELL,review,action_conflict
GRO,2026-07-27,1,ENTER,SPVM,revere_20260727.png,revere_20260724.png,SELL AMD DELL,review,action_conflict
GRO,2026-07-27,1,ENTER,V,revere_20260727.png,revere_20260724.png,SELL AMD DELL,review,action_conflict
GRO,2026-07-27,1,ENTER,VER,revere_20260727.png,revere_20260724.png,SELL AMD DELL,review,action_conflict
GRO,2026-07-27,1,EXIT,CAVA,revere_20260727.png,revere_20260724.png,SELL AMD DELL,review,action_conflict
GRO,2026-07-27,1,EXIT,FLY,revere_20260727.png,revere_20260724.png,SELL AMD DELL,review,action_conflict
GRO,2026-07-27,1,EXIT,SEDG,revere_20260727.png,revere_20260724.png,SELL AMD DELL,review,action_conflict
GRO,2026-07-27,1,EXIT,SOXL,revere_20260727.png,revere_20260724.png,SELL AMD DELL,review,action_conflict
TURBO,2026-07-27,1,ENTER,DDOG,revere_20260727.png,revere_20260724.png,SELL AMD,review,action_conflict
TURBO,2026-07-27,1,EXIT,ODOG,revere_20260727.png,revere_20260724.png,SELL AMD,review,action_conflict
GRO,2026-07-28,1,ENTER,JILLV,revere_20260728.png,revere_20260727.png,SELL HPE,review,action_conflict
GRO,2026-07-28,1,ENTER,LLYX,revere_20260728.png,revere_20260727.png,SELL HPE,review,action_conflict
GRO,2026-07-28,1,ENTER,SPYM,revere_20260728.png,revere_20260727.png,SELL HPE,review,action_conflict
GRO,2026-07-28,1,EXIT,JI,revere_20260728.png,revere_20260727.png,SELL HPE,review,action_conflict
GRO,2026-07-28,1,EXIT,SPVM,revere_20260728.png,revere_20260727.png,SELL HPE,review,action_conflict
GRO,2026-07-28,1,EXIT,V,revere_20260728.png,revere_20260727.png,SELL HPE,review,action_conflict
GRO,2026-07-28,1,EXIT,VER,revere_20260728.png,revere_20260727.png,SELL HPE,review,action_conflict
GRO,2026-07-29,1,ENTER,J,revere_20260729.png,revere_20260728.png,TRIM UPRO ADD 10 HEDGE $PXS,review,action_conflict
GRO,2026-07-29,1,ENTER,LVIV,revere_20260729.png,revere_20260728.png,TRIM UPRO ADD 10 HEDGE $PXS,review,action_conflict
GRO,2026-07-29,1,ENTER,SEV,revere_20260729.png,revere_20260728.png,TRIM UPRO ADD 10 HEDGE $PXS,review,action_conflict
GRO,2026-07-29,1,ENTER,UERO,revere_20260729.png,revere_20260728.png,TRIM UPRO ADD 10 HEDGE $PXS,review,action_conflict
GRO,2026-07-29,1,EXIT,JILLV,revere_20260729.png,revere_20260728.png,TRIM UPRO ADD 10 HEDGE $PXS,review,action_conflict
GRO,2026-07-29,1,EXIT,LLYX,revere_20260729.png,revere_20260728.png,TRIM UPRO ADD 10 HEDGE $PXS,review,action_conflict
GRO,2026-07-29,1,EXIT,SPYM,revere_20260729.png,revere_20260728.png,TRIM UPRO ADD 10 HEDGE $PXS,review,action_conflict
GRO,2026-07-29,1,EXIT,UPRO,revere_20260729.png,revere_20260728.png,TRIM UPRO ADD 10 HEDGE $PXS,review,action_conflict
GRO,2026-07-30,1,ENTER,JELLY,revere_20260730.png,revere_20260729.png,SELL LLYX TRIM LLY,review,action_conflict
GRO,2026-07-30,1,ENTER,SPYM,revere_20260730.png,revere_20260729.png,SELL LLYX TRIM LLY,review,action_conflict
GRO,2026-07-30,1,EXIT,J,revere_20260730.png,revere_20260729.png,SELL LLYX TRIM LLY,review,action_conflict
GRO,2026-07-30,1,EXIT,LVIV,revere_20260730.png,revere_20260729.png,SELL LLYX TRIM LLY,review,action_conflict
GRO,2026-07-30,1,EXIT,SEV,revere_20260730.png,revere_20260729.png,SELL LLYX TRIM LLY,review,action_conflict
GRO,2026-07-31,1,ENTER,JI,revere_20260731.png,revere_20260730.png,SELL LLY TRIM SPXS,review,action_conflict
GRO,2026-07-31,1,ENTER,UPRO,revere_20260731.png,revere_20260730.png,SELL LLY TRIM SPXS,review,action_conflict
GRO,2026-07-31,1,EXIT,JELLY,revere_20260731.png,revere_20260730.png,SELL LLY TRIM SPXS,review,action_conflict
GRO,2026-07-31,1,EXIT,UERO,revere_20260731.png,revere_20260730.png,SELL LLY TRIM SPXS,review,action_conflict
GRO,2026-08-03,1,EXIT,JI,revere_20260803.png,revere_20260731.png,SELL SPYS,review,action_conflict
GRO,2026-08-04,1,ENTER,IO,revere_20260804.png,revere_20260803.png,"BUY HPE,OKTA MLTR, VLO,CBAS",review,action_conflict
GRO,2026-08-04,1,ENTER,NBIS,revere_20260804.png,revere_20260803.png,"BUY HPE,OKTA MLTR, VLO,CBAS",review,action_conflict
GRO,2026-08-04,1,ENTER,PLTR,revere_20260804.png,revere_20260803.png,"BUY HPE,OKTA MLTR, VLO,CBAS",review,action_conflict
GRO,2026-08-07,1,ENTER,SPYM,revere_20260807.png,revere_20260806.png,BUY SPXL ADD TO PLTR.HPE SELL VLO,review,action_conflict
GRO,2026-08-07,1,EXIT,GH,revere_20260807.png,revere_20260806.png,BUY SPXL ADD TO PLTR.HPE SELL VLO,review,action_conflict
GRO,2026-08-07,1,EXIT,IO,revere_20260807.png,revere_20260806.png,BUY SPXL ADD TO PLTR.HPE SELL VLO,review,action_conflict
GRO,2026-08-07,1,EXIT,PYM,revere_20260807.png,revere_20260806.png,BUY SPXL ADD TO PLTR.HPE SELL VLO,review,action_conflict
TURBO,2026-08-10,1,ENTER,NBIS,revere_20260810.png,revere_20260807.png,NO CHANGES,review,no_changes_conflict
TURBO,2026-08-10,1,EXIT,CBRS,revere_20260810.png,revere_20260807.png,NO CHANGES,review,no_changes_conflict
TURBO,2026-08-11,1,ENTER,CBRS,revere_20260811.png,revere_20260810.png,BUY FCX ADD TO TQQ,review,action_conflict
TURBO,2026-08-11,1,EXIT,NBIS,revere_20260811.png,revere_20260810.png,BUY FCX ADD TO TQQ,review,action_conflict
GRO,2026-08-12,1,ENTER,BE,revere_20260812.png,revere_20260811.png,SELL AMZY ADD TO PLTR BUY TQGQ THA WEES APH ITE ST,review,action_conflict
GRO,2026-08-12,1,ENTER,NBIS,revere_20260812.png,revere_20260811.png,SELL AMZY ADD TO PLTR BUY TQGQ THA WEES APH ITE ST,review,action_conflict
GRO,2026-08-12,1,ENTER,TNA,revere_20260812.png,revere_20260811.png,SELL AMZY ADD TO PLTR BUY TQGQ THA WEES APH ITE ST,review,action_conflict
GRO,2026-08-12,1,ENTER,TQQQ,revere_20260812.png,revere_20260811.png,SELL AMZY ADD TO PLTR BUY TQGQ THA WEES APH ITE ST,review,action_conflict
GRO,2026-08-12,1,EXIT,AMZU,revere_20260812.png,revere_20260811.png,SELL AMZY ADD TO PLTR BUY TQGQ THA WEES APH ITE ST,review,action_conflict
GRO,2026-08-12,1,EXIT,CBRS,revere_20260812.png,revere_20260811.png,SELL AMZY ADD TO PLTR BUY TQGQ THA WEES APH ITE ST,review,action_conflict
GRO,2026-08-12,1,EXIT,HPE,revere_20260812.png,revere_20260811.png,SELL AMZY ADD TO PLTR BUY TQGQ THA WEES APH ITE ST,review,action_conflict
TURBO,2026-08-12,1,ENTER,NBIS,revere_20260812.png,revere_20260811.png,ADD TO FCX O-TRIM CBAS,review,action_conflict
TURBO,2026-08-12,1,EXIT,CBRS,revere_20260812.png,revere_20260811.png,ADD TO FCX O-TRIM CBAS,review,action_conflict
GRO,2026-08-13,1,ENTER,CBRS,revere_20260813.png,revere_20260812.png,BUY RBRK.,review,action_conflict
GRO,2026-08-13,1,ENTER,LITE,revere_20260813.png,revere_20260812.png,BUY RBRK.,review,action_conflict
GRO,2026-08-13,1,EXIT,BE,revere_20260813.png,revere_20260812.png,BUY RBRK.,review,action_conflict
GRO,2026-08-14,1,ENTER,URA,revere_20260814.png,revere_20260813.png,ADD 10 HPE SELL CBRS TRIM OKTA,review,action_conflict
GRO,2026-08-14,1,EXIT,SPXL,revere_20260814.png,revere_20260813.png,ADD 10 HPE SELL CBRS TRIM OKTA,review,action_conflict
GRO,2026-08-14,1,EXIT,TNA,revere_20260814.png,revere_20260813.png,ADD 10 HPE SELL CBRS TRIM OKTA,review,action_conflict
GRO,2026-08-14,1,EXIT,TQQQ,revere_20260814.png,revere_20260813.png,ADD 10 HPE SELL CBRS TRIM OKTA,review,action_conflict
TURBO,2026-08-14,1,ENTER,GDXU,revere_20260814.png,revere_20260813.png,BUY SACK GOXU S BOTTOM LINE: 1 515155 TAKE A HEE ATHER AL INDE SES BLTL BAL D8 TOW VLA,review,action_conflict
GRO,2026-08-17,1,ENTER,SPXL,revere_20260817.png,revere_20260814.png,SELL TWLO OKTA BUY SOXL CBRS ADD TO LITE NBIS,review,action_conflict
GRO,2026-08-17,1,ENTER,STM,revere_20260817.png,revere_20260814.png,SELL TWLO OKTA BUY SOXL CBRS ADD TO LITE NBIS,review,action_conflict
GRO,2026-08-17,1,ENTER,TNA,revere_20260817.png,revere_20260814.png,SELL TWLO OKTA BUY SOXL CBRS ADD TO LITE NBIS,review,action_conflict
GRO,2026-08-17,1,ENTER,TQQQ,revere_20260817.png,revere_20260814.png,SELL TWLO OKTA BUY SOXL CBRS ADD TO LITE NBIS,review,action_conflict
GRO,2026-08-17,1,EXIT,URA,revere_20260817.png,revere_20260814.png,SELL TWLO OKTA BUY SOXL CBRS ADD TO LITE NBIS,review,action_conflict
TURBO,2026-08-17,1,ENTER,CBRS,revere_20260817.png,revere_20260814.png,SELL TWLO BUY LITE ITM GEV,review,action_conflict
TURBO,2026-08-17,1,ENTER,FOX,revere_20260817.png,revere_20260814.png,SELL TWLO BUY LITE ITM GEV,review,action_conflict
TURBO,2026-08-17,1,ENTER,SITM,revere_20260817.png,revere_20260814.png,SELL TWLO BUY LITE ITM GEV,review,action_conflict
TURBO,2026-08-17,1,ENTER,SPCX,revere_20260817.png,revere_20260814.png,SELL TWLO BUY LITE ITM GEV,review,action_conflict
TURBO,2026-08-17,1,EXIT,FCX,revere_20260817.png,revere_20260814.png,SELL TWLO BUY LITE ITM GEV,review,action_conflict
TURBO,2026-08-17,1,EXIT,NBIS,revere_20260817.png,revere_20260814.png,SELL TWLO BUY LITE ITM GEV,review,action_conflict
GRO,2026-08-18,1,ENTER,WIO,revere_20260818.png,revere_20260817.png,SELL TQQQ TNA SOXL CBRS APH LITE SITM TRIM NBIS,review,action_conflict
GRO,2026-08-18,1,EXIT,NBIS,revere_20260818.png,revere_20260817.png,SELL TQQQ TNA SOXL CBRS APH LITE SITM TRIM NBIS,review,action_conflict
GRO,2026-08-18,1,EXIT,STM,revere_20260818.png,revere_20260817.png,SELL TQQQ TNA SOXL CBRS APH LITE SITM TRIM NBIS,review,action_conflict
TURBO,2026-08-18,1,ENTER,FCX,revere_20260818.png,revere_20260817.png,SELL GEV LITE TRIM UPRO TQQQ CBRS,review,action_conflict
TURBO,2026-08-18,1,ENTER,STM,revere_20260818.png,revere_20260817.png,SELL GEV LITE TRIM UPRO TQQQ CBRS,review,action_conflict
TURBO,2026-08-18,1,ENTER,TQOQ,revere_20260818.png,revere_20260817.png,SELL GEV LITE TRIM UPRO TQQQ CBRS,review,action_conflict
TURBO,2026-08-18,1,EXIT,FOX,revere_20260818.png,revere_20260817.png,SELL GEV LITE TRIM UPRO TQQQ CBRS,review,action_conflict
TURBO,2026-08-18,1,EXIT,SITM,revere_20260818.png,revere_20260817.png,SELL GEV LITE TRIM UPRO TQQQ CBRS,review,action_conflict
TURBO,2026-08-18,1,EXIT,TQQQ,revere_20260818.png,revere_20260817.png,SELL GEV LITE TRIM UPRO TQQQ CBRS,review,action_conflict
GRO,2026-08-19,1,EXIT,WIO,revere_20260819.png,revere_20260818.png,BUY MRNA TRIM RBRK SELL NBIS HPE,review,action_conflict
TURBO,2026-08-19,1,ENTER,SITM,revere_20260819.png,revere_20260818.png,BUY MRNA IBIT ETHA SPXL CHYM SELL SITM CBRS,review,action_conflict
TURBO,2026-08-19,1,ENTER,TQQQ,revere_20260819.png,revere_20260818.png,BUY MRNA IBIT ETHA SPXL CHYM SELL SITM CBRS,review,action_conflict
TURBO,2026-08-19,1,EXIT,STM,revere_20260819.png,revere_20260818.png,BUY MRNA IBIT ETHA SPXL CHYM SELL SITM CBRS,review,action_conflict
TURBO,2026-08-19,1,EXIT,TQOQ,revere_20260819.png,revere_20260818.png,BUY MRNA IBIT ETHA SPXL CHYM SELL SITM CBRS,review,action_conflict
GRO,2026-08-21,1,ENTER,MANA,revere_20260821.png,revere_20260820.png,BUY PICK,review,action_conflict
GRO,2026-08-21,1,EXIT,MRNA,revere_20260821.png,revere_20260820.png,BUY PICK,review,action_conflict
GRO,2026-08-24,1,ENTER,MRNA,revere_20260824.png,revere_20260821.png,ADD TO PLTR,review,action_conflict
GRO,2026-08-24,1,EXIT,MANA,revere_20260824.png,revere_20260821.png,ADD TO PLTR,review,action_conflict
TURBO,2026-08-25,1,ENTER,TQOQ,revere_20260825.png,revere_20260824.png,BUY FIG BUY/SELL HNGE,review,action_conflict
TURBO,2026-08-25,1,EXIT,TQQQ,revere_20260825.png,revere_20260824.png,BUY FIG BUY/SELL HNGE,review,action_conflict
TURBO,2026-08-26,1,ENTER,FOL,revere_20260826.png,revere_20260825.png,BUY GH HNGE,review,action_conflict
TURBO,2026-08-26,1,EXIT,FCX,revere_20260826.png,revere_20260825.png,BUY GH HNGE,review,action_conflict
TURBO,2026-08-26,1,EXIT,SPCX,revere_20260826.png,revere_20260825.png,BUY GH HNGE,review,action_conflict
GRO,2026-08-27,1,EXIT,SPXL,revere_20260827.png,revere_20260826.png,BUY FROG NVDA ADO FO SPXL PLTR,review,action_conflict
TURBO,2026-08-27,1,ENTER,HOOD,revere_20260827.png,revere_20260826.png,"BUY ZETA CRM ADD TO CHYM BOTTOMUNE: VIL K, WIE 1A ANI SAS RALY DER RES",review,action_conflict
TURBO,2026-08-27,1,ENTER,SPCX,revere_20260827.png,revere_20260826.png,"BUY ZETA CRM ADD TO CHYM BOTTOMUNE: VIL K, WIE 1A ANI SAS RALY DER RES",review,action_conflict
TURBO,2026-08-27,1,ENTER,TSLA,revere_20260827.png,revere_20260826.png,"BUY ZETA CRM ADD TO CHYM BOTTOMUNE: VIL K, WIE 1A ANI SAS RALY DER RES",review,action_conflict
TURBO,2026-08-27,1,EXIT,SPYM,revere_20260827.png,revere_20260826.png,"BUY ZETA CRM ADD TO CHYM BOTTOMUNE: VIL K, WIE 1A ANI SAS RALY DER RES",review,action_conflict
TURBO,2026-08-27,1,EXIT,TQOQ,revere_20260827.png,revere_20260826.png,"BUY ZETA CRM ADD TO CHYM BOTTOMUNE: VIL K, WIE 1A ANI SAS RALY DER RES",review,action_conflict
GRO,2026-08-28,1,ENTER,SPXL,revere_20260828.png,revere_20260827.png,ADD TO PLTR ADD/TRIM FROG SELL NVDA TRIM PICK,review,action_conflict
TURBO,2026-08-31,1,ENTER,BIT,revere_20260831.png,revere_20260828.png,SELL FIG CHYM,review,action_conflict
TURBO,2026-08-31,1,ENTER,FCX,revere_20260831.png,revere_20260828.png,SELL FIG CHYM,review,action_conflict
TURBO,2026-08-31,1,ENTER,MRNA,revere_20260831.png,revere_20260828.png,SELL FIG CHYM,review,action_conflict
TURBO,2026-08-31,1,ENTER,SPXU,revere_20260831.png,revere_20260828.png,SELL FIG CHYM,review,action_conflict
TURBO,2026-08-31,1,ENTER,SPYM,revere_20260831.png,revere_20260828.png,SELL FIG CHYM,review,action_conflict
TURBO,2026-08-31,1,ENTER,TQQQ,revere_20260831.png,revere_20260828.png,SELL FIG CHYM,review,action_conflict
TURBO,2026-08-31,1,EXIT,FX,revere_20260831.png,revere_20260828.png,SELL FIG CHYM,review,action_conflict
TURBO,2026-08-31,1,EXIT,GXG,revere_20260831.png,revere_20260828.png,SELL FIG CHYM,review,action_conflict
TURBO,2026-08-31,1,EXIT,INTC,revere_20260831.png,revere_20260828.png,SELL FIG CHYM,review,action_conflict
TURBO,2026-08-31,1,EXIT,MANA,revere_20260831.png,revere_20260828.png,SELL FIG CHYM,review,action_conflict
TURBO,2026-08-31,1,EXIT,SICH,revere_20260831.png,revere_20260828.png,SELL FIG CHYM,review,action_conflict
TURBO,2026-08-31,1,EXIT,SMC,revere_20260831.png,revere_20260828.png,SELL FIG CHYM,review,action_conflict
TURBO,2026-08-31,1,EXIT,TQOQ,revere_20260831.png,revere_20260828.png,SELL FIG CHYM,review,action_conflict
TURBO,2026-09-01,1,ENTER,GDXU,revere_20260901.png,revere_20260831.png,BUY HOOD,review,action_conflict
TURBO,2026-09-01,1,ENTER,IBIT,revere_20260901.png,revere_20260831.png,BUY HOOD,review,action_conflict
TURBO,2026-09-01,1,ENTER,SPCX,revere_20260901.png,revere_20260831.png,BUY HOOD,review,action_conflict
TURBO,2026-09-01,1,EXIT,BIT,revere_20260901.png,revere_20260831.png,BUY HOOD,review,action_conflict
TURBO,2026-09-01,1,EXIT,CAM,revere_20260901.png,revere_20260831.png,BUY HOOD,review,action_conflict
TURBO,2026-09-01,1,EXIT,GOXU,revere_20260901.png,revere_20260831.png,BUY HOOD,review,action_conflict
TURBO,2026-09-01,1,EXIT,SPXL,revere_20260901.png,revere_20260831.png,BUY HOOD,review,action_conflict
TURBO,2026-09-01,1,EXIT,SPXU,revere_20260901.png,revere_20260831.png,BUY HOOD,review,action_conflict
TURBO,2026-09-03,1,ENTER,ETHA,revere_20260903.png,revere_20260902.png,BUY PURR,review,action_conflict
TURBO,2026-09-03,1,ENTER,FCX,revere_20260903.png,revere_20260902.png,BUY PURR,review,action_conflict
TURBO,2026-09-03,1,ENTER,SPCX,revere_20260903.png,revere_20260902.png,BUY PURR,review,action_conflict
TURBO,2026-09-03,1,EXIT,FOX,revere_20260903.png,revere_20260902.png,BUY PURR,review,action_conflict
TURBO,2026-09-03,1,EXIT,TER,revere_20260903.png,revere_20260902.png,BUY PURR,review,action_conflict
TURBO,2026-09-03,1,EXIT,THA,revere_20260903.png,revere_20260902.png,BUY PURR,review,action_conflict
GRO,2026-09-04,1,ENTER,HPE,revere_20260904.png,revere_20260903.png,BUY MPE OKTA,review,action_conflict
GRO,2026-09-08,1,ENTER,SPCX,revere_20260908.png,revere_20260904.png,BUY CF SPOX,review,action_conflict
TURBO,2026-09-08,1,ENTER,FX,revere_20260908.png,revere_20260904.png,BUY ABAK TEM SELL MRNA,review,action_conflict
TURBO,2026-09-08,1,ENTER,RBRK,revere_20260908.png,revere_20260904.png,BUY ABAK TEM SELL MRNA,review,action_conflict
TURBO,2026-09-08,1,EXIT,FCX,revere_20260908.png,revere_20260904.png,BUY ABAK TEM SELL MRNA,review,action_conflict
TURBO,2026-09-10,1,ENTER,FCX,revere_20260910.png,revere_20260909.png,SELL TEM PURR,review,action_conflict
TURBO,2026-09-10,1,EXIT,FX,revere_20260910.png,revere_20260909.png,SELL TEM PURR,review,action_conflict
